[18140:4880:0311/191654.655:WARNING:chrome_main_delegate.cc(745)] This is Chrome version 128.0.6613.138 (not a warning)
[18140:18460:0311/191654.856:ERROR:google_update_settings.cc(265)] Failed opening key Software\Chromium to set usagestats; result: 5
[18140:4880:0311/191654.950:WARNING:account_consistency_mode_manager.cc(77)] Desktop Identity Consistency cannot be enabled as no OAuth client ID and client secret have been configured.
[15944:5776:0311/191702.971:WARNING:frame_impl.cc(430)] virtual CefFrameImpl::SendProcessMessage sent to detached frame 5-36F514AD42369E4120119DD2D8E552D6 will be ignored
[18140:4880:0311/192353.651:VERBOSE1:device_event_log_impl.cc(198)] [19:23:53.649] Display: EVENT: screen_win.cc:893 Displays updated, count: 1
[18140:4880:0311/192353.652:VERBOSE1:device_event_log_impl.cc(198)] [19:23:53.651] Display: EVENT: screen_win.cc:895 Display[3564784661] bounds=[0,0 2560x1080], workarea=[0,0 2560x1080], scale=1, rotation=0, panel_rotation=0 external detected
[18140:4880:0311/192428.052:VERBOSE1:device_event_log_impl.cc(198)] [19:24:28.052] Display: EVENT: screen_win.cc:893 Displays updated, count: 1
[18140:4880:0311/192428.053:VERBOSE1:device_event_log_impl.cc(198)] [19:24:28.052] Display: EVENT: screen_win.cc:895 Display[3564784661] bounds=[0,0 2560x1080], workarea=[0,0 2560x1080], scale=1, rotation=0, panel_rotation=0 external detected
[18140:4880:0311/192504.951:VERBOSE1:device_event_log_impl.cc(198)] [19:25:04.950] Display: EVENT: screen_win.cc:893 Displays updated, count: 1
[18140:4880:0311/192504.951:VERBOSE1:device_event_log_impl.cc(198)] [19:25:04.951] Display: EVENT: screen_win.cc:895 Display[3564784661] bounds=[0,0 2560x1080], workarea=[0,0 2560x1080], scale=1, rotation=0, panel_rotation=0 external detected
[18140:4880:0311/192512.935:VERBOSE1:device_event_log_impl.cc(198)] [19:25:12.935] Display: EVENT: screen_win.cc:893 Displays updated, count: 1
[18140:4880:0311/192512.935:VERBOSE1:device_event_log_impl.cc(198)] [19:25:12.935] Display: EVENT: screen_win.cc:895 Display[3564784661] bounds=[0,0 2560x1080], workarea=[0,0 2560x1080], scale=1, rotation=0, panel_rotation=0 external detected
[10840:24224:0311/192525.806:VERBOSE1:network_delegate.cc(36)] NetworkDelegate::NotifyBeforeURLRequest: https://optimizationguide-pa.googleapis.com/v1:GetModels?key=dummytoken
[10840:24224:0311/192525.808:VERBOSE1:tls_handshaker.cc(105)] TlsClient: Continuing handshake
[10840:24224:0311/192525.808:VERBOSE1:tls_handshaker.cc(126)] TlsClient: SSL_do_handshake returned when entering early data. After retry, rv=-1, SSL_in_early_data=1
[10840:24224:0311/192525.852:VERBOSE1:tls_handshaker.cc(105)] TlsClient: Continuing handshake
[10840:24224:0311/192525.852:VERBOSE1:tls_handshaker.cc(105)] TlsClient: Continuing handshake
[10840:24224:0311/192525.852:VERBOSE1:tls_client_handshaker.cc(528)] Client: handshake finished
[18140:16252:0311/192627.146:VERBOSE1:media_stream_manager.cc(1533)] MSPL::OnSpeedLimitChange({this=00006DA4000BED40}, {new_limit=80})
[18140:16252:0311/192629.413:VERBOSE1:media_stream_manager.cc(1533)] MSPL::OnSpeedLimitChange({this=00006DA4000BED40}, {new_limit=100})
[18140:4880:0311/192632.685:VERBOSE1:device_event_log_impl.cc(198)] [19:26:32.685] Display: EVENT: screen_win.cc:893 Displays updated, count: 1
[18140:4880:0311/192632.685:VERBOSE1:device_event_log_impl.cc(198)] [19:26:32.685] Display: EVENT: screen_win.cc:895 Display[3564784661] bounds=[0,0 2560x1080], workarea=[0,0 2560x1080], scale=1, rotation=0, panel_rotation=0 external detected
[18140:4880:0311/192638.323:VERBOSE1:frame_host_impl.cc(515)] frame 6-AA745A17BEFBB37562E785A7ABE3C428 (sub) detached (reason=RENDER_FRAME_DELETED, is_connected=1)
[8376:9776:0311/192638.323:VERBOSE1:dispatcher.cc(596)] Num tracked contexts: 1
[8376:9776:0311/192638.323:VERBOSE1:frame_impl.cc(620)] frame 6-AA745A17BEFBB37562E785A7ABE3C428 disconnected (reason=DETACHED, current_state=CONNECTION_ACKED, FRAME_INVALID)
[8376:9776:0311/192638.325:VERBOSE1:script_context.cc(164)] Destroyed context for extension
  extension id: 
  effective extension id: 
[8376:9776:0311/192638.325:VERBOSE1:script_context.cc(164)] Destroyed context for extension
  extension id: 
  effective extension id: 
[8376:9776:0311/192638.325:VERBOSE1:frame_impl.cc(620)] frame 6-91D7A668B02AC75A8EF7C4BFB3D2136D disconnected (reason=BROWSER_FRAME_DISCONNECT, current_state=CONNECTION_ACKED)
[8376:9776:0311/192638.325:VERBOSE1:frame_impl.cc(633)] frame 6-91D7A668B02AC75A8EF7C4BFB3D2136D connection retry scheduled
[18140:4880:0311/192638.328:VERBOSE1:frame_host_impl.cc(515)] frame 6-91D7A668B02AC75A8EF7C4BFB3D2136D (main) detached (reason=NEW_MAIN_FRAME, is_connected=1)
[18140:4880:0311/192638.356:VERBOSE1:account_reconcilor.cc(264)] AccountReconcilor::Shutdown
[18140:4880:0311/192638.356:VERBOSE1:account_reconcilor.cc(718)] AccountReconcilor::AbortReconcile: try again later
[18140:4880:0311/192638.356:VERBOSE1:account_reconcilor.cc(827)] AccountReconcilor::CalculateIfMultiloginReconcileIsDone: Error was 
[18140:4880:0311/192638.356:VERBOSE1:account_reconcilor.cc(313)] AccountReconcilor::UnregisterWithIdentityManager
[18140:4880:0311/192638.356:VERBOSE1:account_reconcilor.cc(286)] AccountReconcilor::UnregisterWithContentSettings
[18140:4880:0311/192638.356:VERBOSE1:gaia_cookie_manager_service.cc(628)] GaiaCookieManagerService::CancelAll
[18140:4880:0311/192638.357:VERBOSE1:mutable_profile_oauth2_token_service_delegate.cc(752)] MutablePO2TS::Shutdown
[18140:4880:0311/192638.357:VERBOSE1:mutable_profile_oauth2_token_service_delegate.cc(235)] MutablePO2TS::~MutablePO2TS
[18140:4880:0311/192638.357:VERBOSE1:device_event_log_impl.cc(198)] [19:26:38.357] Bluetooth: EVENT: bluetooth_api.cc:109 BluetoothAPI: Shutdown
[18140:4880:0311/192638.369:VERBOSE1:account_reconcilor.cc(193)] AccountReconcilor::~AccountReconcilor
[18140:4880:0311/192638.370:VERBOSE1:device_event_log_impl.cc(198)] [19:26:38.370] Bluetooth: EVENT: bluetooth_api.cc:95 ~BluetoothAPI: 00006DA400331A00
[18140:4880:0311/192638.426:VERBOSE1:component_updater_service.cc(180)] CrxUpdateService stopping
[18140:4880:0311/192638.427:WARNING:pref_notifier_impl.cc(41)] Pref observer for media_router.cast_allow_all_ips found at shutdown.
[18140:4880:0311/192638.444:VERBOSE1:statistics_recorder.cc(607)] Collections of all histograms
Histogram: API.StorageAccess.AllowedRequests2 recorded 114 samples, mean = 0.1 (flags = 0x41)
0  ------------------------------------------------------------------------O (105 = 92.1%)
1  ------O                                                                   (9 = 7.9%) {92.1%}
2  ... 

Histogram: API.StorageAccess.DocumentInheritedStorageAccess recorded 7 samples, mean = 0.0 (flags = 0x41)
0  -------O                                                                  (7 = 100.0%)
1  ... 

Histogram: API.StorageAccess.DocumentLoadedWithStorageAccess recorded 7 samples, mean = 0.0 (flags = 0x41)
0  -------O                                                                  (7 = 100.0%)
1  ... 

Histogram: Accessibility.CaptionSettingsLoadedFromSystemSettings recorded 1 samples, mean = 0.0 (flags = 0x41)
0  -O                                                                        (1 = 100.0%)
1  ... 

Histogram: Accessibility.ImageLabels2 recorded 1 samples, mean = 0.0 (flags = 0x41)
0  -O                                                                        (1 = 100.0%)
1  ... 

Histogram: Accessibility.LiveCaption.FeatureEnabled2 recorded 1 samples, mean = 1.0 (flags = 0x41)
0  O                                                                         (0 = 0.0%)
1  -O                                                                        (1 = 100.0%) {0.0%}
2  O                                                                         (0 = 0.0%) {100.0%}

Histogram: Accessibility.LiveCaption2 recorded 1 samples, mean = 0.0 (flags = 0x41)
0  -O                                                                        (1 = 100.0%)
1  ... 

Histogram: Accessibility.ManuallyEnabled recorded 1 samples, mean = 0.0 (flags = 0x41)
0  -O                                                                        (1 = 100.0%)
1  ... 

Histogram: Accessibility.WinJAWS recorded 1 samples, mean = 0.0 (flags = 0x41)
0  -O                                                                        (1 = 100.0%)
1  ... 

Histogram: Accessibility.WinNVDA recorded 1 samples, mean = 0.0 (flags = 0x41)
0  -O                                                                        (1 = 100.0%)
1  ... 

Histogram: Accessibility.WinSAToGo recorded 1 samples, mean = 0.0 (flags = 0x41)
0  -O                                                                        (1 = 100.0%)
1  ... 

Histogram: Accessibility.WinScreenReader2 recorded 1 samples, mean = 0.0 (flags = 0x41)
0  -O                                                                        (1 = 100.0%)
1  ... 

Histogram: Accessibility.WinStickyKeys recorded 1 samples, mean = 0.0 (flags = 0x41)
0  -O                                                                        (1 = 100.0%)
1  ... 

Histogram: Accessibility.WinSupernova recorded 1 samples, mean = 0.0 (flags = 0x41)
0  -O                                                                        (1 = 100.0%)
1  ... 

Histogram: Accessibility.WinZoomText recorded 1 samples, mean = 0.0 (flags = 0x41)
0  -O                                                                        (1 = 100.0%)
1  ... 

Histogram: AppBanners.InstallableStatusCode recorded 1 samples (flags = 0x41)
8  -O                                                                        (1 = 100.0%)

Histogram: Apps.PreferredApps.EntryCount recorded 1 samples, mean = 0.0 (flags = 0x41)
0  -O                                                                        (1 = 100.0%)
1  ... 

Histogram: Autofill.Address.IsEnabled.PageLoad recorded 1 samples, mean = 1.0 (flags = 0x41)
0  O                                                                         (0 = 0.0%)
1  -O                                                                        (1 = 100.0%) {0.0%}
2  O                                                                         (0 = 0.0%) {100.0%}

Histogram: Autofill.Address.IsEnabled.PageLoad.SignedOut recorded 1 samples, mean = 1.0 (flags = 0x41)
0  O                                                                         (0 = 0.0%)
1  -O                                                                        (1 = 100.0%) {0.0%}
2  O                                                                         (0 = 0.0%) {100.0%}

Histogram: Autofill.Address.IsEnabled.Startup recorded 1 samples, mean = 1.0 (flags = 0x41)
0  O                                                                         (0 = 0.0%)
1  -O                                                                        (1 = 100.0%) {0.0%}
2  O                                                                         (0 = 0.0%) {100.0%}

Histogram: Autofill.CreditCard.IsEnabled.PageLoad recorded 1 samples, mean = 1.0 (flags = 0x41)
0  O                                                                         (0 = 0.0%)
1  -O                                                                        (1 = 100.0%) {0.0%}
2  O                                                                         (0 = 0.0%) {100.0%}

Histogram: Autofill.CreditCard.IsEnabled.PageLoad.SignedOut recorded 1 samples, mean = 1.0 (flags = 0x41)
0  O                                                                         (0 = 0.0%)
1  -O                                                                        (1 = 100.0%) {0.0%}
2  O                                                                         (0 = 0.0%) {100.0%}

Histogram: Autofill.CreditCard.IsEnabled.Startup recorded 1 samples, mean = 1.0 (flags = 0x41)
0  O                                                                         (0 = 0.0%)
1  -O                                                                        (1 = 100.0%) {0.0%}
2  O                                                                         (0 = 0.0%) {100.0%}

Histogram: Autofill.DOMContentLoadedInOutermostMainFrame recorded 3 samples, mean = 0.3 (flags = 0x41)
0  --O                                                                       (2 = 66.7%)
1  -O                                                                        (1 = 33.3%) {66.7%}
2  O                                                                         (0 = 0.0%) {100.0%}

Histogram: Autofill.ExtractFormUnowned.FieldCount recorded 4 samples, mean = 0.0 (flags = 0x41)
0  ----O                                                                     (4 = 100.0%)
1  ... 

Histogram: Autofill.FormForest.GetBrowserFormOfRendererForm.Duration recorded 1 samples, mean = 0.0 (flags = 0x41)
0  -O                                                                        (1 = 100.0%)
1  ... 

Histogram: Autofill.FormForest.UpdateTreeOfRendererForm.Duration recorded 1 samples, mean = 98.0 (flags = 0x41)
0   ... 
86  -O                                                                        (1 = 100.0%) {0.0%}
113 ... 

Histogram: Autofill.FormForest.UpdateTreeOfRendererForm.Visits recorded 1 samples, mean = 2.0 (flags = 0x41)
0  ... 
2  -O                                                                        (1 = 100.0%) {0.0%}
3  ... 

Histogram: Autofill.Funnel.ParsedAsType.Address recorded 6 samples, mean = 0.0 (flags = 0x41)
0  ------O                                                                   (6 = 100.0%)
1  ... 

Histogram: Autofill.Funnel.ParsedAsType.CreditCard recorded 6 samples, mean = 0.0 (flags = 0x41)
0  ------O                                                                   (6 = 100.0%)
1  ... 

Histogram: Autofill.Funnel.ParsedAsType.VirtualCard.StandaloneCvc recorded 6 samples, mean = 0.0 (flags = 0x41)
0  ------O                                                                   (6 = 100.0%)
1  ... 

Histogram: Autofill.IsEnabled.PageLoad recorded 1 samples, mean = 1.0 (flags = 0x41)
0  O                                                                         (0 = 0.0%)
1  -O                                                                        (1 = 100.0%) {0.0%}
2  O                                                                         (0 = 0.0%) {100.0%}

Histogram: Autofill.IsEnabled.PageLoad.SignedOut recorded 1 samples, mean = 1.0 (flags = 0x41)
0  O                                                                         (0 = 0.0%)
1  -O                                                                        (1 = 100.0%) {0.0%}
2  O                                                                         (0 = 0.0%) {100.0%}

Histogram: Autofill.IsEnabled.Startup recorded 1 samples, mean = 1.0 (flags = 0x41)
0  O                                                                         (0 = 0.0%)
1  -O                                                                        (1 = 100.0%) {0.0%}
2  O                                                                         (0 = 0.0%) {100.0%}

Histogram: Autofill.Leipzig.Duplication.NumberOfLocalSupersetProfilesOnStartup recorded 1 samples, mean = 0.0 (flags = 0x41)
0  -O                                                                        (1 = 100.0%)
1  ... 

Histogram: Autofill.NumberOfDriversPerFactory recorded 1 samples, mean = 3.0 (flags = 0x41)
0  ... 
3  -O                                                                        (1 = 100.0%) {0.0%}
4  ... 

Histogram: Autofill.Offer.StoredOfferCount2.CardLinkedOffer recorded 1 samples, mean = 0.0 (flags = 0x41)
0  -O                                                                        (1 = 100.0%)
1  ... 

Histogram: Autofill.Offer.StoredOfferCount2.GPayPromoCodeOffer recorded 1 samples, mean = 0.0 (flags = 0x41)
0  -O                                                                        (1 = 100.0%)
1  ... 

Histogram: Autofill.PaymentMethods.CvcStorageIsEnabled.Startup recorded 1 samples, mean = 0.0 (flags = 0x41)
0  -O                                                                        (1 = 100.0%)
1  ... 

Histogram: Autofill.StoredCreditCardCount recorded 1 samples, mean = 0.0 (flags = 0x41)
0  -O                                                                        (1 = 100.0%)
1  ... 

Histogram: Autofill.StoredCreditCardCount.Local recorded 1 samples, mean = 0.0 (flags = 0x41)
0  -O                                                                        (1 = 100.0%)
1  ... 

Histogram: Autofill.StoredCreditCardCount.Local.WithInvalidCardNumber recorded 1 samples, mean = 0.0 (flags = 0x41)
0  -O                                                                        (1 = 100.0%)
1  ... 

Histogram: Autofill.StoredCreditCardCount.Local.WithNickname recorded 1 samples, mean = 0.0 (flags = 0x41)
0  -O                                                                        (1 = 100.0%)
1  ... 

Histogram: Autofill.StoredCreditCardCount.Server recorded 1 samples, mean = 0.0 (flags = 0x41)
0  -O                                                                        (1 = 100.0%)
1  ... 

Histogram: Autofill.StoredCreditCardCount.Server.Masked recorded 1 samples, mean = 0.0 (flags = 0x41)
0  -O                                                                        (1 = 100.0%)
1  ... 

Histogram: Autofill.StoredCreditCardCount.Server.Masked.WithNickname recorded 1 samples, mean = 0.0 (flags = 0x41)
0  -O                                                                        (1 = 100.0%)
1  ... 

Histogram: Autofill.StoredCreditCardCount.Server.Unmasked recorded 1 samples, mean = 0.0 (flags = 0x41)
0  -O                                                                        (1 = 100.0%)
1  ... 

Histogram: Autofill.StoredCreditCardCount.Server.WithCardArtImage recorded 1 samples, mean = 0.0 (flags = 0x41)
0  -O                                                                        (1 = 100.0%)
1  ... 

Histogram: Autofill.StoredCreditCardCount.Server.WithVirtualCardMetadata recorded 1 samples, mean = 0.0 (flags = 0x41)
0  -O                                                                        (1 = 100.0%)
1  ... 

Histogram: Autofill.StoredIbanCount recorded 1 samples, mean = 0.0 (flags = 0x41)
0  -O                                                                        (1 = 100.0%)
1  ... 

Histogram: Autofill.StoredProfileCount.AccountChrome recorded 1 samples, mean = 0.0 (flags = 0x41)
0  -O                                                                        (1 = 100.0%)
1  ... 

Histogram: Autofill.StoredProfileCount.AccountNonChrome recorded 1 samples, mean = 0.0 (flags = 0x41)
0  -O                                                                        (1 = 100.0%)
1  ... 

Histogram: Autofill.StoredProfileCount.Legacy recorded 1 samples, mean = 0.0 (flags = 0x41)
0  -O                                                                        (1 = 100.0%)
1  ... 

Histogram: Autofill.StoredProfileCount.Total recorded 1 samples, mean = 0.0 (flags = 0x41)
0  -O                                                                        (1 = 100.0%)
1  ... 

Histogram: Autofill.SubmissionDetectionSource.FormTracker recorded 2 samples, mean = 3.0 (flags = 0x41)
0  ... 
3  --O                                                                       (2 = 100.0%) {0.0%}
4  ... 

Histogram: Autofill.Timing.ParseFormsAsync recorded 1 samples, mean = 0.0 (flags = 0x41)
0  -O                                                                        (1 = 100.0%)
1  ... 

Histogram: Autofill.Timing.ParseFormsAsync.RunHeuristics recorded 1 samples, mean = 0.0 (flags = 0x41)
0  -O                                                                        (1 = 100.0%)
1  ... 

Histogram: Autofill.Timing.ParseFormsAsync.UpdateCache recorded 1 samples, mean = 0.0 (flags = 0x41)
0  -O                                                                        (1 = 100.0%)
1  ... 

Histogram: Autofill.TimingInterval.ExtractFormData.GetFormDataFromUnownedInputElements.AutofillAgentReset recorded 2 samples, mean = 1586774.5 (flags = 0x41)
0        ... 
1146725  -O                                                                        (1 = 50.0%) {0.0%}
1338569  ... 
1823911  -O                                                                        (1 = 50.0%) {50.0%}
2129046  ... 

Histogram: Autofill.TimingInterval.ExtractFormData.GetFormDataFromUnownedInputElements.DOMContentLoaded recorded 2 samples, mean = 1074028672.0 (flags = 0x41)
0         ... 
529117    -O                                                                        (1 = 50.0%) {0.0%}
617637    ... 
10000000  -O                                                                        (1 = 50.0%) {50.0%}

Histogram: Autofill.TimingInterval.ExtractFormData.UpdateFormCache.AutofillAgentReset recorded 4 samples, mean = 793844.2 (flags = 0x41)
0        ... 
50       -O                                                                        (1 = 25.0%) {0.0%}
58       ... 
1730     -O                                                                        (1 = 25.0%) {25.0%}
2019     ... 
1146725  -O                                                                        (1 = 25.0%) {50.0%}
1338569  ... 
1823911  -O                                                                        (1 = 25.0%) {75.0%}
2129046  ... 

Histogram: Autofill.TimingInterval.ExtractFormData.UpdateFormCache.DOMContentLoaded recorded 4 samples, mean = 143815.2 (flags = 0x41)
0       ... 
5       -O                                                                        (1 = 25.0%) {0.0%}
6       -O                                                                        (1 = 25.0%) {25.0%}
7       ... 
1482    -O                                                                        (1 = 25.0%) {50.0%}
1730    ... 
529117  -O                                                                        (1 = 25.0%) {75.0%}
617637  ... 

Histogram: Autofill.TimingInterval.UpdateFormCache.UpdateFormCache.AutofillAgentReset recorded 4 samples, mean = 793975.2 (flags = 0x41)
0        ... 
50       -O                                                                        (1 = 25.0%) {0.0%}
58       ... 
2019     -O                                                                        (1 = 25.0%) {25.0%}
2357     ... 
1146725  -O                                                                        (1 = 25.0%) {50.0%}
1338569  ... 
1823911  -O                                                                        (1 = 25.0%) {75.0%}
2129046  ... 

Histogram: Autofill.TimingInterval.UpdateFormCache.UpdateFormCache.DOMContentLoaded recorded 4 samples, mean = 143946.2 (flags = 0x41)
0       ... 
9       -O                                                                        (1 = 25.0%) {0.0%}
11      ... 
146     -O                                                                        (1 = 25.0%) {25.0%}
170     ... 
1730    -O                                                                        (1 = 25.0%) {50.0%}
2019    ... 
529117  -O                                                                        (1 = 25.0%) {75.0%}
617637  ... 

Histogram: Autofill.TimingPrecise.ExtractFormData recorded 6 samples, mean = 316.2 (flags = 0x41)
0     ... 
4     -O                                                                        (1 = 16.7%) {0.0%}
5     -O                                                                        (1 = 16.7%) {16.7%}
6     ... 
8     -O                                                                        (1 = 16.7%) {33.3%}
9     ... 
25    -O                                                                        (1 = 16.7%) {50.0%}
28    ... 
364   -O                                                                        (1 = 16.7%) {66.7%}
414   ... 
1330  -O                                                                        (1 = 16.7%) {83.3%}
1514  ... 

Histogram: Autofill.TimingPrecise.ExtractFormData.GetFormDataFromUnownedInputElements recorded 2 samples, mean = 196.5 (flags = 0x41)
0    ... 
8    -O                                                                        (1 = 50.0%) {0.0%}
9    ... 
364  -O                                                                        (1 = 50.0%) {50.0%}
414  ... 

Histogram: Autofill.TimingPrecise.ExtractFormData.UpdateFormCache recorded 4 samples, mean = 376.0 (flags = 0x41)
0     ... 
4     -O                                                                        (1 = 25.0%) {0.0%}
5     -O                                                                        (1 = 25.0%) {25.0%}
6     ... 
25    -O                                                                        (1 = 25.0%) {50.0%}
28    ... 
1330  -O                                                                        (1 = 25.0%) {75.0%}
1514  ... 

Histogram: Autofill.TimingPrecise.InferLabelForElement recorded 6 samples, mean = 0.2 (flags = 0x41)
0  -----O                                                                    (5 = 83.3%)
1  -O                                                                        (1 = 16.7%) {83.3%}
2  ... 

Histogram: Autofill.TimingPrecise.UpdateFormCache recorded 4 samples, mean = 553.8 (flags = 0x41)
0     ... 
10    -O                                                                        (1 = 25.0%) {0.0%}
11    ... 
148   -O                                                                        (1 = 25.0%) {25.0%}
168   ... 
364   -O                                                                        (1 = 25.0%) {50.0%}
414   ... 
1514  -O                                                                        (1 = 25.0%) {75.0%}
1724  ... 

Histogram: Autofill.TimingPrecise.UpdateFormCache.UpdateFormCache recorded 4 samples, mean = 553.8 (flags = 0x41)
0     ... 
10    -O                                                                        (1 = 25.0%) {0.0%}
11    ... 
148   -O                                                                        (1 = 25.0%) {25.0%}
168   ... 
364   -O                                                                        (1 = 25.0%) {50.0%}
414   ... 
1514  -O                                                                        (1 = 25.0%) {75.0%}
1724  ... 

Histogram: Autofill.VirtualCardUsageData.StoredUsageDataCount recorded 1 samples, mean = 0.0 (flags = 0x41)
0  -O                                                                        (1 = 100.0%)
1  ... 

Histogram: Blink.CSSStyleSheetResource.ParseTime recorded 8 samples, mean = 1264.6 (flags = 0x41)
0     ... 
76    --O                                                                       (2 = 25.0%) {0.0%}
105   -O                                                                        (1 = 12.5%) {25.0%}
146   ... 
282   -O                                                                        (1 = 12.5%) {37.5%}
391   O                                                                         (0 = 0.0%) {50.0%}
542   -O                                                                        (1 = 12.5%) {50.0%}
752   O                                                                         (0 = 0.0%) {62.5%}
1043  -O                                                                        (1 = 12.5%) {62.5%}
1447  O                                                                         (0 = 0.0%) {75.0%}
2008  -O                                                                        (1 = 12.5%) {75.0%}
2786  O                                                                         (0 = 0.0%) {87.5%}
3865  -O                                                                        (1 = 12.5%) {87.5%}
5362  ... 

Histogram: Blink.CommitDocumentLoaderTime recorded 7 samples, mean = 10.9 (flags = 0x41)
0   --O                                                                       (2 = 28.6%)
1   -O                                                                        (1 = 14.3%) {28.6%}
2   ... 
4   --O                                                                       (2 = 28.6%) {42.9%}
5   ... 
29  -O                                                                        (1 = 14.3%) {71.4%}
34  -O                                                                        (1 = 14.3%) {85.7%}
40  ... 

Histogram: Blink.CookiesTime recorded 1 samples, mean = 229.0 (flags = 0x41)
0    ... 
226  -O                                                                        (1 = 100.0%) {0.0%}
268  ... 

Histogram: Blink.CullRect.UpdateTime recorded 27 samples, mean = 22.6 (flags = 0x41)
0    ---O                                                                      (3 = 11.1%)
1    ------------O                                                             (12 = 44.4%) {11.1%}
2    O                                                                         (0 = 0.0%) {55.6%}
3    -O                                                                        (1 = 3.7%) {55.6%}
4    ---O                                                                      (3 = 11.1%) {59.3%}
6    ----O                                                                     (4 = 14.8%) {70.4%}
8    O                                                                         (0 = 0.0%) {85.2%}
11   -O                                                                        (1 = 3.7%) {85.2%}
15   --O                                                                       (2 = 7.4%) {88.9%}
21   ... 
391  -O                                                                        (1 = 3.7%) {96.3%}
542  ... 

Histogram: Blink.DecodedImage.WebPDensity.Count.02MP recorded 1 samples, mean = 291.0 (flags = 0x41)
0    ... 
285  -O                                                                        (1 = 100.0%) {0.0%}
300  ... 

Histogram: Blink.DecodedImage.WebPDensity.KiBWeighted2 recorded 392 samples, mean = 291.0 (flags = 0x41)
0    ... 
285  ------------------------------------------------------------------------O (392 = 100.0%) {0.0%}
300  ... 

Histogram: Blink.DecodedImage.WebPFileFormat recorded 1 samples, mean = 0.0 (flags = 0x41)
0  -O                                                                        (1 = 100.0%)
1  ... 

Histogram: Blink.DecodedImageType recorded 1 samples, mean = 4.0 (flags = 0x41)
0  ... 
4  -O                                                                        (1 = 100.0%) {0.0%}
5  ... 

Histogram: Blink.DocumentLoader.CommitNavigationToStartLoadingResponse.Time.OutermostMainFrame.NewNavigation.IsHTTPOrHTTPS recorded 1 samples, mean = 7.0 (flags = 0x41)
0  ... 
7  -O                                                                        (1 = 100.0%) {0.0%}
8  ... 

Histogram: Blink.DocumentLoader.CreateParserPostCommit.Time.OutermostMainFrame.NewNavigation.IsHTTPOrHTTPS recorded 1 samples, mean = 21.0 (flags = 0x41)
0   ... 
20  -O                                                                        (1 = 100.0%) {0.0%}
24  ... 

Histogram: Blink.Experimental.Cookies.CacheLookupResult2 recorded 1 samples, mean = 0.0 (flags = 0x41)
0  -O                                                                        (1 = 100.0%)
1  ... 

Histogram: Blink.Experimental.Cookies.FirstCookieRequest recorded 1 samples, mean = 1.0 (flags = 0x41)
0  O                                                                         (0 = 0.0%)
1  -O                                                                        (1 = 100.0%) {0.0%}
2  ... 

Histogram: Blink.Fetch.RequestResourceTime2 recorded 116 samples, mean = 236.8 (flags = 0x41)
0      ... 
11     ---O                                                                      (3 = 2.6%) {0.0%}
15     -------------------------------O                                          (31 = 26.7%) {2.6%}
21     ---------------O                                                          (15 = 12.9%) {29.3%}
29     ----O                                                                     (4 = 3.4%) {42.2%}
40     -------------O                                                            (13 = 11.2%) {45.7%}
55     ------------O                                                             (12 = 10.3%) {56.9%}
76     -------------O                                                            (13 = 11.2%) {67.2%}
105    -------O                                                                  (7 = 6.0%) {78.4%}
146    -----O                                                                    (5 = 4.3%) {84.5%}
203    ----O                                                                     (4 = 3.4%) {88.8%}
282    --O                                                                       (2 = 1.7%) {92.2%}
391    ---O                                                                      (3 = 2.6%) {94.0%}
542    --O                                                                       (2 = 1.7%) {96.6%}
752    ... 
2008   -O                                                                        (1 = 0.9%) {98.3%}
2786   ... 
14319  -O                                                                        (1 = 0.9%) {99.1%}
19866  ... 

Histogram: Blink.Fetch.RequestResourceTime2.Preload recorded 40 samples, mean = 162.8 (flags = 0x41)
0     ... 
15    -O                                                                        (1 = 2.5%) {0.0%}
21    ----O                                                                     (4 = 10.0%) {2.5%}
29    -O                                                                        (1 = 2.5%) {12.5%}
40    ---------O                                                                (9 = 22.5%) {15.0%}
55    ------O                                                                   (6 = 15.0%) {37.5%}
76    -------O                                                                  (7 = 17.5%) {52.5%}
105   ----O                                                                     (4 = 10.0%) {70.0%}
146   ----O                                                                     (4 = 10.0%) {80.0%}
203   -O                                                                        (1 = 2.5%) {90.0%}
282   O                                                                         (0 = 0.0%) {92.5%}
391   -O                                                                        (1 = 2.5%) {92.5%}
542   -O                                                                        (1 = 2.5%) {95.0%}
752   ... 
2008  -O                                                                        (1 = 2.5%) {97.5%}
2786  ... 

Histogram: Blink.FetchQueuedPreloadsTime.MainFrame.Initial recorded 1 samples, mean = 3.0 (flags = 0x41)
0  ... 
3  -O                                                                        (1 = 100.0%) {0.0%}
4  ... 

Histogram: Blink.Fonts.DecodeTime recorded 5 samples, mean = 7290.0 (flags = 0x41)
0      ... 
3865   -O                                                                        (1 = 20.0%) {0.0%}
5362   ---O                                                                      (3 = 60.0%) {20.0%}
7439   ... 
14319  -O                                                                        (1 = 20.0%) {80.0%}
19866  ... 

Histogram: Blink.Fonts.VariableFontsRatio recorded 5 samples, mean = 1.2 (flags = 0x41)
0  O                                                                         (0 = 0.0%)
1  ----O                                                                     (4 = 80.0%) {0.0%}
2  -O                                                                        (1 = 20.0%) {80.0%}
3  ... 

Histogram: Blink.ForcedStyleAndLayout.UpdateTime.PreFCP recorded 2 samples, mean = 11.5 (flags = 0x41)
0   ... 
8   -O                                                                        (1 = 50.0%) {0.0%}
11  -O                                                                        (1 = 50.0%) {50.0%}
15  ... 

Histogram: Blink.HTMLFastPathParser.AbortedParseSize recorded 25 samples, mean = 1.6 (flags = 0x41)
0  -----O                                                                    (5 = 20.0%)
1  O                                                                         (0 = 0.0%) {20.0%}
2  --------------------O                                                     (20 = 80.0%) {20.0%}
3  ... 

Histogram: Blink.HTMLFastPathParser.AbortedParseTime2 recorded 25 samples, mean = 2.1 (flags = 0x41)
0   ---------O                                                                (9 = 36.0%)
1   ----------O                                                               (10 = 40.0%) {36.0%}
2   ----O                                                                     (4 = 16.0%) {76.0%}
3   ... 
8   -O                                                                        (1 = 4.0%) {92.0%}
9   ... 
27  -O                                                                        (1 = 4.0%) {96.0%}
29  ... 

Histogram: Blink.HTMLFastPathParser.ParseResult recorded 49 samples, mean = 7.8 (flags = 0x41)
0   ------------------------O                                                 (24 = 49.0%)
1   ... 
4   -----O                                                                    (5 = 10.2%) {49.0%}
5   ... 
18  --------------------O                                                     (20 = 40.8%) {59.2%}
19  ... 

Histogram: Blink.HTMLFastPathParser.SuccessfulParseSize recorded 24 samples, mean = 339.0 (flags = 0x41)
0    ... 
146  --------O                                                                 (8 = 33.3%) {0.0%}
203  O                                                                         (0 = 0.0%) {33.3%}
282  --------O                                                                 (8 = 33.3%) {33.3%}
391  --------O                                                                 (8 = 33.3%) {66.7%}
542  ... 

Histogram: Blink.HTMLFastPathParser.SuccessfulParseTime2 recorded 24 samples, mean = 12.4 (flags = 0x41)
0    -O                                                                        (1 = 4.2%)
1    ---O                                                                      (3 = 12.5%) {4.2%}
2    -----------O                                                              (11 = 45.8%) {16.7%}
3    ------O                                                                   (6 = 25.0%) {62.5%}
4    ... 
7    -O                                                                        (1 = 4.2%) {87.5%}
8    ... 
12   -O                                                                        (1 = 4.2%) {91.7%}
13   ... 
219  -O                                                                        (1 = 4.2%) {95.8%}
237  ... 

Histogram: Blink.HTMLFastPathParser.TotalParseTime2 recorded 49 samples, mean = 20.5 (flags = 0x41)
0    O                                                                         (0 = 0.0%)
1    ----O                                                                     (4 = 8.2%) {0.0%}
2    --------O                                                                 (8 = 16.3%) {8.2%}
3    ----O                                                                     (4 = 8.2%) {24.5%}
4    --------O                                                                 (8 = 16.3%) {32.7%}
5    ---O                                                                      (3 = 6.1%) {49.0%}
6    O                                                                         (0 = 0.0%) {55.1%}
7    -O                                                                        (1 = 2.0%) {55.1%}
8    -O                                                                        (1 = 2.0%) {57.1%}
9    -O                                                                        (1 = 2.0%) {59.2%}
10   O                                                                         (0 = 0.0%) {61.2%}
11   --O                                                                       (2 = 4.1%) {61.2%}
12   -O                                                                        (1 = 2.0%) {65.3%}
13   O                                                                         (0 = 0.0%) {67.3%}
14   --O                                                                       (2 = 4.1%) {67.3%}
15   ... 
17   --O                                                                       (2 = 4.1%) {71.4%}
18   O                                                                         (0 = 0.0%) {75.5%}
19   --O                                                                       (2 = 4.1%) {75.5%}
21   -O                                                                        (1 = 2.0%) {79.6%}
23   ... 
31   -O                                                                        (1 = 2.0%) {81.6%}
34   ---O                                                                      (3 = 6.1%) {83.7%}
37   -O                                                                        (1 = 2.0%) {89.8%}
40   ... 
46   -O                                                                        (1 = 2.0%) {91.8%}
50   ... 
74   -O                                                                        (1 = 2.0%) {93.9%}
80   ... 
203  -O                                                                        (1 = 2.0%) {95.9%}
219  O                                                                         (0 = 0.0%) {98.0%}
237  -O                                                                        (1 = 2.0%) {98.0%}
256  ... 

Histogram: Blink.HTMLParsing.ChunkCount4 recorded 1 samples, mean = 2.0 (flags = 0x41)
0  ... 
2  -O                                                                        (1 = 100.0%) {0.0%}
3  ... 

Histogram: Blink.HTMLParsing.InputCharacterCount4 recorded 1 samples, mean = 134458.0 (flags = 0x41)
0       ... 
102126  -O                                                                        (1 = 100.0%) {0.0%}
141691  ... 

Histogram: Blink.HTMLParsing.ParsingTimeMax4 recorded 1 samples, mean = 9185.0 (flags = 0x41)
0     ... 
9088  -O                                                                        (1 = 100.0%) {0.0%}
9228  ... 

Histogram: Blink.HTMLParsing.ParsingTimeMin4 recorded 1 samples, mean = 615.0 (flags = 0x41)
0    ... 
610  -O                                                                        (1 = 100.0%) {0.0%}
695  ... 

Histogram: Blink.HTMLParsing.ParsingTimeTotal4 recorded 1 samples, mean = 9800.0 (flags = 0x41)
0     ... 
9663  -O                                                                        (1 = 100.0%) {0.0%}
9812  ... 

Histogram: Blink.HTMLParsing.PreloadRequestCount recorded 1 samples, mean = 32.0 (flags = 0x41)
0   ... 
29  -O                                                                        (1 = 100.0%) {0.0%}
33  ... 

Histogram: Blink.HTMLParsing.TimeToDeferredPumpTokenizer4 recorded 1 samples, mean = 311949.0 (flags = 0x41)
0       ... 
310767  -O                                                                        (1 = 100.0%) {0.0%}
353860  ... 

Histogram: Blink.HTMLParsing.TokensParsedAverage4 recorded 1 samples, mean = 61.0 (flags = 0x41)
0   ... 
49  -O                                                                        (1 = 100.0%) {0.0%}
65  ... 

Histogram: Blink.HTMLParsing.TokensParsedMax4 recorded 1 samples, mean = 107.0 (flags = 0x41)
0   ... 
86  -O                                                                        (1 = 100.0%) {0.0%}
113 ... 

Histogram: Blink.HTMLParsing.TokensParsedMin4 recorded 1 samples, mean = 16.0 (flags = 0x41)
0   ... 
14  -O                                                                        (1 = 100.0%) {0.0%}
17  ... 

Histogram: Blink.HTMLParsing.TokensParsedTotal4 recorded 1 samples, mean = 123.0 (flags = 0x41)
0    ... 
105  -O                                                                        (1 = 100.0%) {0.0%}
146  ... 

Histogram: Blink.HTMLParsing.YieldedTimeAverage4 recorded 1 samples, mean = 156412.0 (flags = 0x41)
0       ... 
153496  -O                                                                        (1 = 100.0%) {0.0%}
179176  ... 

Histogram: Blink.HTMLParsing.YieldedTimeMax4 recorded 1 samples, mean = 311956.0 (flags = 0x41)
0       ... 
308911  -O                                                                        (1 = 100.0%) {0.0%}
313683  ... 

Histogram: Blink.HTMLParsing.YieldedTimeMin4 recorded 1 samples, mean = 868.0 (flags = 0x41)
0    ... 
798  -O                                                                        (1 = 100.0%) {0.0%}
932  ... 

Histogram: Blink.History.VisitedLinks.IsLinkStyledAsVisited recorded 31 samples, mean = 0.0 (flags = 0x41)
0  -------------------------------O                                          (31 = 100.0%)
1  ... 

Histogram: Blink.ImageDecoders.ImageHasMultipleGeneratorClientIds recorded 1 samples, mean = 0.0 (flags = 0x41)
0  -O                                                                        (1 = 100.0%)
1  ... 

Histogram: Blink.JavascriptDocumentUpdate.UpdateTime.PreFCP recorded 1 samples, mean = 13.0 (flags = 0x41)
0   ... 
11  -O                                                                        (1 = 100.0%) {0.0%}
15  ... 

Histogram: Blink.Layout.InlineNode.ShapeText.MaxTime.InOutermostMainFrame3 recorded 1 samples, mean = 0.0 (flags = 0x41)
0  -O                                                                        (1 = 100.0%)
1  ... 

Histogram: Blink.Layout.InlineNode.ShapeText.TotalTime.InOutermostMainFrame3 recorded 1 samples, mean = 0.0 (flags = 0x41)
0  -O                                                                        (1 = 100.0%)
1  ... 

Histogram: Blink.Layout.SVGImage.Count.InOutermostMainFrame recorded 1 samples, mean = 0.0 (flags = 0x41)
0  -O                                                                        (1 = 100.0%)
1  ... 

Histogram: Blink.Layout.SVGImage.TotalTime.InOutermostMainFrame recorded 1 samples, mean = 0.0 (flags = 0x41)
0  -O                                                                        (1 = 100.0%)
1  ... 

Histogram: Blink.MainFrame.UpdateTime.PreFCP recorded 27 samples, mean = 4611.4 (flags = 0x41)
0      ... 
55     -O                                                                        (1 = 3.7%) {0.0%}
76     -----O                                                                    (5 = 18.5%) {3.7%}
105    ---O                                                                      (3 = 11.1%) {22.2%}
146    -O                                                                        (1 = 3.7%) {33.3%}
203    --O                                                                       (2 = 7.4%) {37.0%}
282    -O                                                                        (1 = 3.7%) {44.4%}
391    --O                                                                       (2 = 7.4%) {48.1%}
542    O                                                                         (0 = 0.0%) {55.6%}
752    -O                                                                        (1 = 3.7%) {55.6%}
1043   -O                                                                        (1 = 3.7%) {59.3%}
1447   --O                                                                       (2 = 7.4%) {63.0%}
2008   -O                                                                        (1 = 3.7%) {70.4%}
2786   --O                                                                       (2 = 7.4%) {74.1%}
3865   O                                                                         (0 = 0.0%) {81.5%}
5362   --O                                                                       (2 = 7.4%) {81.5%}
7439   O                                                                         (0 = 0.0%) {88.9%}
10321  -O                                                                        (1 = 3.7%) {88.9%}
14319  ... 
27562  -O                                                                        (1 = 3.7%) {92.6%}
38240  -O                                                                        (1 = 3.7%) {96.3%}
53055  ... 

Histogram: Blink.MemoryCache.RevalidationPolicy.AsyncScript recorded 44 samples, mean = 1.5 (flags = 0x41)
0  ----------------------O                                                   (22 = 50.0%)
1  ... 
3  ----------------------O                                                   (22 = 50.0%) {50.0%}
4  ... 

Histogram: Blink.MemoryCache.RevalidationPolicy.CSSStyleSheet recorded 8 samples, mean = 0.0 (flags = 0x41)
0  --------O                                                                 (8 = 100.0%)
1  ... 

Histogram: Blink.MemoryCache.RevalidationPolicy.Dead.CSSStyleSheet recorded 1 samples, mean = 0.0 (flags = 0x41)
0  -O                                                                        (1 = 100.0%)
1  ... 

Histogram: Blink.MemoryCache.RevalidationPolicy.Dead.Font recorded 2 samples, mean = 0.0 (flags = 0x41)
0  --O                                                                       (2 = 100.0%)
1  ... 

Histogram: Blink.MemoryCache.RevalidationPolicy.Dead.Script recorded 21 samples, mean = 0.0 (flags = 0x41)
0  ---------------------O                                                    (21 = 100.0%)
1  ... 

Histogram: Blink.MemoryCache.RevalidationPolicy.Font recorded 23 samples, mean = 4.0 (flags = 0x41)
0  -O                                                                        (1 = 4.3%)
1  ... 
4  ------------------O                                                       (18 = 78.3%) {4.3%}
5  ----O                                                                     (4 = 17.4%) {82.6%}
6  O                                                                         (0 = 0.0%) {100.0%}

Histogram: Blink.MemoryCache.RevalidationPolicy.Image recorded 21 samples, mean = 4.0 (flags = 0x41)
0  ... 
3  -O                                                                        (1 = 4.8%) {0.0%}
4  -------------------O                                                      (19 = 90.5%) {4.8%}
5  -O                                                                        (1 = 4.8%) {95.2%}
6  O                                                                         (0 = 0.0%) {100.0%}

Histogram: Blink.MemoryCache.RevalidationPolicy.Manifest recorded 1 samples, mean = 3.0 (flags = 0x41)
0  ... 
3  -O                                                                        (1 = 100.0%) {0.0%}
4  ... 

Histogram: Blink.MemoryCache.RevalidationPolicy.Preload.CSSStyleSheet recorded 15 samples, mean = 1.6 (flags = 0x41)
0  -------O                                                                  (7 = 46.7%)
1  ... 
3  --------O                                                                 (8 = 53.3%) {46.7%}
4  ... 

Histogram: Blink.MemoryCache.RevalidationPolicy.Preload.Font recorded 2 samples, mean = 1.5 (flags = 0x41)
0  -O                                                                        (1 = 50.0%)
1  ... 
3  -O                                                                        (1 = 50.0%) {50.0%}
4  ... 

Histogram: Blink.MemoryCache.RevalidationPolicy.Preload.Script recorded 23 samples, mean = 2.7 (flags = 0x41)
0  --O                                                                       (2 = 8.7%)
1  ... 
3  ---------------------O                                                    (21 = 91.3%) {8.7%}
4  ... 

Histogram: Blink.MemoryCache.RevalidationPolicy.Raw recorded 4 samples, mean = 3.0 (flags = 0x41)
0  ... 
3  ----O                                                                     (4 = 100.0%) {0.0%}
4  ... 

Histogram: Blink.MemoryCache.RevalidationPolicy.Script recorded 23 samples, mean = 0.3 (flags = 0x41)
0  ---------------------O                                                    (21 = 91.3%)
1  ... 
3  --O                                                                       (2 = 8.7%) {91.3%}
4  ... 

Histogram: Blink.PreloadRequestStartDuration recorded 40 samples, mean = 183.3 (flags = 0x41)
0     ... 
15    -O                                                                        (1 = 2.5%) {0.0%}
21    ---O                                                                      (3 = 7.5%) {2.5%}
29    --O                                                                       (2 = 5.0%) {10.0%}
40    ---------O                                                                (9 = 22.5%) {15.0%}
55    ------O                                                                   (6 = 15.0%) {37.5%}
76    ------O                                                                   (6 = 15.0%) {52.5%}
105   -----O                                                                    (5 = 12.5%) {67.5%}
146   ---O                                                                      (3 = 7.5%) {80.0%}
203   -O                                                                        (1 = 2.5%) {87.5%}
282   -O                                                                        (1 = 2.5%) {90.0%}
391   O                                                                         (0 = 0.0%) {92.5%}
542   -O                                                                        (1 = 2.5%) {92.5%}
752   -O                                                                        (1 = 2.5%) {95.0%}
1043  ... 
2008  -O                                                                        (1 = 2.5%) {97.5%}
2786  ... 

Histogram: Blink.PreloadRequestWaitTime recorded 30 samples, mean = 4.1 (flags = 0x41)
0  ... 
2  -O                                                                        (1 = 3.3%) {0.0%}
3  -------O                                                                  (7 = 23.3%) {3.3%}
4  -----------O                                                              (11 = 36.7%) {26.7%}
5  -----------O                                                              (11 = 36.7%) {63.3%}
6  ... 

Histogram: Blink.PrepareToStopParsingTime recorded 32 samples, mean = 0.3 (flags = 0x41)
0  -----------------------------O                                            (29 = 90.6%)
1  ... 
3  -O                                                                        (1 = 3.1%) {90.6%}
4  --O                                                                       (2 = 6.2%) {93.8%}
5  ... 

Histogram: Blink.PumpTokenizerTime recorded 64 samples, mean = 0.8 (flags = 0x41)
0   -----------------------------------------------------------O              (59 = 92.2%)
1   ... 
3   -O                                                                        (1 = 1.6%) {92.2%}
4   ... 
10  -O                                                                        (1 = 1.6%) {93.8%}
12  ---O                                                                      (3 = 4.7%) {95.3%}
14  ... 

Histogram: Blink.ResourceRequest.BackgroundResourceFetchSupportStatus recorded 43 samples, mean = 0.0 (flags = 0x41)
0  ------------------------------------------O                               (42 = 97.7%)
1  O                                                                         (0 = 0.0%) {97.7%}
2  -O                                                                        (1 = 2.3%) {97.7%}
3  ... 

Histogram: Blink.ResourceRequest.CompletionDelay2 recorded 43 samples, mean = 23.5 (flags = 0x41)
0    -------O                                                                  (7 = 16.3%)
1    --O                                                                       (2 = 4.7%) {16.3%}
2    -O                                                                        (1 = 2.3%) {20.9%}
3    O                                                                         (0 = 0.0%) {23.3%}
4    -O                                                                        (1 = 2.3%) {23.3%}
5    -O                                                                        (1 = 2.3%) {25.6%}
6    -----O                                                                    (5 = 11.6%) {27.9%}
7    --O                                                                       (2 = 4.7%) {39.5%}
8    --O                                                                       (2 = 4.7%) {44.2%}
10   -----O                                                                    (5 = 11.6%) {48.8%}
12   -O                                                                        (1 = 2.3%) {60.5%}
14   ------------O                                                             (12 = 27.9%) {62.8%}
17   ... 
24   -O                                                                        (1 = 2.3%) {90.7%}
29   ... 
190  -O                                                                        (1 = 2.3%) {93.0%}
226  --O                                                                       (2 = 4.7%) {95.3%}
268  ... 

Histogram: Blink.ResourceRequest.RedirectDelay2 recorded 1 samples, mean = 2.0 (flags = 0x41)
0  ... 
2  -O                                                                        (1 = 100.0%) {0.0%}
3  ... 

Histogram: Blink.ResourceRequest.ResponseDelay2 recorded 43 samples, mean = 22.9 (flags = 0x41)
0    ---------O                                                                (9 = 20.9%)
1    -----O                                                                    (5 = 11.6%) {20.9%}
2    ---O                                                                      (3 = 7.0%) {32.6%}
3    --O                                                                       (2 = 4.7%) {39.5%}
4    -O                                                                        (1 = 2.3%) {44.2%}
5    ... 
10   -O                                                                        (1 = 2.3%) {46.5%}
12   ----------O                                                               (10 = 23.3%) {48.8%}
14   ---O                                                                      (3 = 7.0%) {72.1%}
17   -----O                                                                    (5 = 11.6%) {79.1%}
20   O                                                                         (0 = 0.0%) {90.7%}
24   -O                                                                        (1 = 2.3%) {90.7%}
29   ... 
190  -O                                                                        (1 = 2.3%) {93.0%}
226  --O                                                                       (2 = 4.7%) {95.3%}
268  ... 

Histogram: Blink.ResourceRequest.StartDelay2 recorded 43 samples, mean = 410.4 (flags = 0x41)
0    ... 
190  ----O                                                                     (4 = 9.3%) {0.0%}
226  O                                                                         (0 = 0.0%) {9.3%}
268  -------------O                                                            (13 = 30.2%) {9.3%}
318  ------------O                                                             (12 = 27.9%) {39.5%}
378  O                                                                         (0 = 0.0%) {67.4%}
449  --O                                                                       (2 = 4.7%) {67.4%}
533  --O                                                                       (2 = 4.7%) {72.1%}
633  ----------O                                                               (10 = 23.3%) {76.7%}
752  ... 

Histogram: Blink.ScanAndPreloadTime.MainFrame.Initial recorded 1 samples, mean = 6.0 (flags = 0x41)
0  ... 
6  -O                                                                        (1 = 100.0%) {0.0%}
7  ... 

Histogram: Blink.ScanAndPreloadTime.MainFrame.NonInitial recorded 1 samples, mean = 0.0 (flags = 0x41)
0  -O                                                                        (1 = 100.0%)
1  ... 

Histogram: Blink.ScanAndPreloadTime2.MainFrame.Initial recorded 1 samples, mean = 6754.0 (flags = 0x41)
0     ... 
5362  -O                                                                        (1 = 100.0%) {0.0%}
7439  ... 

Histogram: Blink.ScanAndPreloadTime2.MainFrame.NonInitial recorded 1 samples, mean = 10.0 (flags = 0x41)
0  ... 
8  -O                                                                        (1 = 100.0%) {0.0%}
11 ... 

Histogram: Blink.ScanAndPreloadTime2.Preload.MainFrame.Initial recorded 1 samples, mean = 3542.0 (flags = 0x41)
0     ... 
2786  -O                                                                        (1 = 100.0%) {0.0%}
3865  ... 

Histogram: Blink.ScanAndPreloadTime2.Preload.MainFrame.NonInitial recorded 1 samples, mean = 0.0 (flags = 0x41)
0  -O                                                                        (1 = 100.0%)
1  ... 

Histogram: Blink.ScanAndPreloadTime2.Scan.MainFrame.Initial recorded 1 samples, mean = 3193.0 (flags = 0x41)
0     ... 
2786  -O                                                                        (1 = 100.0%) {0.0%}
3865  ... 

Histogram: Blink.ScanAndPreloadTime2.Scan.MainFrame.NonInitial recorded 1 samples, mean = 1.0 (flags = 0x41)
0  O                                                                         (0 = 0.0%)
1  -O                                                                        (1 = 100.0%) {0.0%}
2  ... 

Histogram: Blink.Script.AsyncScript.FromReadyToStartExecution.Time recorded 23 samples, mean = 1.8 (flags = 0x41)
0   -----------------O                                                        (17 = 73.9%)
1   -O                                                                        (1 = 4.3%) {73.9%}
2   ... 
6   ---O                                                                      (3 = 13.0%) {78.3%}
8   O                                                                         (0 = 0.0%) {91.3%}
10  --O                                                                       (2 = 8.7%) {91.3%}
13  ... 

Histogram: Blink.Script.SchedulingType recorded 38 samples, mean = 5.3 (flags = 0x41)
0  ... 
3  -O                                                                        (1 = 2.6%) {0.0%}
4  O                                                                         (0 = 0.0%) {2.6%}
5  ----------------------O                                                   (22 = 57.9%) {2.6%}
6  ---------------O                                                          (15 = 39.5%) {60.5%}
7  ... 

Histogram: Blink.UseCounter.AnimatedCSSProperties recorded 1 samples, mean = 1.0 (flags = 0x41)
0  O                                                                         (0 = 0.0%)
1  -O                                                                        (1 = 100.0%) {0.0%}
2  ... 

Histogram: Blink.UseCounter.CSSProperties recorded 96 samples, mean = 275.0 (flags = 0x41)
0    O                                                                         (0 = 0.0%)
1    -O                                                                        (1 = 1.0%) {0.0%}
2    -O                                                                        (1 = 1.0%) {1.0%}
3    -O                                                                        (1 = 1.0%) {2.1%}
4    -O                                                                        (1 = 1.0%) {3.1%}
5    -O                                                                        (1 = 1.0%) {4.2%}
6    -O                                                                        (1 = 1.0%) {5.2%}
7    -O                                                                        (1 = 1.0%) {6.2%}
8    -O                                                                        (1 = 1.0%) {7.3%}
9    O                                                                         (0 = 0.0%) {8.3%}
10   -O                                                                        (1 = 1.0%) {8.3%}
11   ... 
14   -O                                                                        (1 = 1.0%) {9.4%}
15   ... 
20   -O                                                                        (1 = 1.0%) {10.4%}
21   -O                                                                        (1 = 1.0%) {11.5%}
22   ... 
24   -O                                                                        (1 = 1.0%) {12.5%}
25   ... 
34   -O                                                                        (1 = 1.0%) {13.5%}
35   ... 
42   -O                                                                        (1 = 1.0%) {14.6%}
43   ... 
53   -O                                                                        (1 = 1.0%) {15.6%}
54   ... 
59   -O                                                                        (1 = 1.0%) {16.7%}
60   ... 
66   -O                                                                        (1 = 1.0%) {17.7%}
67   ... 
69   -O                                                                        (1 = 1.0%) {18.8%}
70   ... 
72   -O                                                                        (1 = 1.0%) {19.8%}
73   O                                                                         (0 = 0.0%) {20.8%}
74   -O                                                                        (1 = 1.0%) {20.8%}
75   ... 
77   -O                                                                        (1 = 1.0%) {21.9%}
78   ... 
81   -O                                                                        (1 = 1.0%) {22.9%}
82   ... 
84   -O                                                                        (1 = 1.0%) {24.0%}
85   ... 
89   -O                                                                        (1 = 1.0%) {25.0%}
90   ... 
95   -O                                                                        (1 = 1.0%) {26.0%}
96   -O                                                                        (1 = 1.0%) {27.1%}
97   -O                                                                        (1 = 1.0%) {28.1%}
98   -O                                                                        (1 = 1.0%) {29.2%}
99   O                                                                         (0 = 0.0%) {30.2%}
100  -O                                                                        (1 = 1.0%) {30.2%}
101  ... 
105  -O                                                                        (1 = 1.0%) {31.2%}
106  -O                                                                        (1 = 1.0%) {32.3%}
107  -O                                                                        (1 = 1.0%) {33.3%}
108  O                                                                         (0 = 0.0%) {34.4%}
109  -O                                                                        (1 = 1.0%) {34.4%}
110  ... 
118  -O                                                                        (1 = 1.0%) {35.4%}
119  -O                                                                        (1 = 1.0%) {36.5%}
120  ... 
124  -O                                                                        (1 = 1.0%) {37.5%}
125  ... 
127  -O                                                                        (1 = 1.0%) {38.5%}
128  -O                                                                        (1 = 1.0%) {39.6%}
129  -O                                                                        (1 = 1.0%) {40.6%}
130  ... 
143  -O                                                                        (1 = 1.0%) {41.7%}
144  ... 
150  -O                                                                        (1 = 1.0%) {42.7%}
151  O                                                                         (0 = 0.0%) {43.8%}
152  -O                                                                        (1 = 1.0%) {43.8%}
153  -O                                                                        (1 = 1.0%) {44.8%}
154  -O                                                                        (1 = 1.0%) {45.8%}
155  O                                                                         (0 = 0.0%) {46.9%}
156  -O                                                                        (1 = 1.0%) {46.9%}
157  -O                                                                        (1 = 1.0%) {47.9%}
158  O                                                                         (0 = 0.0%) {49.0%}
159  -O                                                                        (1 = 1.0%) {49.0%}
160  O                                                                         (0 = 0.0%) {50.0%}
161  -O                                                                        (1 = 1.0%) {50.0%}
162  ... 
164  -O                                                                        (1 = 1.0%) {51.0%}
165  -O                                                                        (1 = 1.0%) {52.1%}
166  ... 
175  -O                                                                        (1 = 1.0%) {53.1%}
176  ... 
231  -O                                                                        (1 = 1.0%) {54.2%}
232  -O                                                                        (1 = 1.0%) {55.2%}
233  O                                                                         (0 = 0.0%) {56.2%}
234  -O                                                                        (1 = 1.0%) {56.2%}
235  -O                                                                        (1 = 1.0%) {57.3%}
236  O                                                                         (0 = 0.0%) {58.3%}
237  -O                                                                        (1 = 1.0%) {58.3%}
238  -O                                                                        (1 = 1.0%) {59.4%}
239  -O                                                                        (1 = 1.0%) {60.4%}
240  -O                                                                        (1 = 1.0%) {61.5%}
241  O                                                                         (0 = 0.0%) {62.5%}
242  -O                                                                        (1 = 1.0%) {62.5%}
243  ... 
303  -O                                                                        (1 = 1.0%) {63.5%}
304  ... 
369  -O                                                                        (1 = 1.0%) {64.6%}
370  -O                                                                        (1 = 1.0%) {65.6%}
371  ... 
415  -O                                                                        (1 = 1.0%) {66.7%}
416  ... 
432  -O                                                                        (1 = 1.0%) {67.7%}
433  -O                                                                        (1 = 1.0%) {68.8%}
434  ... 
437  -O                                                                        (1 = 1.0%) {69.8%}
438  ... 
446  -O                                                                        (1 = 1.0%) {70.8%}
447  ... 
508  -O                                                                        (1 = 1.0%) {71.9%}
509  ... 
514  -O                                                                        (1 = 1.0%) {72.9%}
515  -O                                                                        (1 = 1.0%) {74.0%}
516  -O                                                                        (1 = 1.0%) {75.0%}
517  ... 
537  -O                                                                        (1 = 1.0%) {76.0%}
538  ... 
549  -O                                                                        (1 = 1.0%) {77.1%}
550  ... 
563  -O                                                                        (1 = 1.0%) {78.1%}
564  ... 
591  -O                                                                        (1 = 1.0%) {79.2%}
592  -O                                                                        (1 = 1.0%) {80.2%}
593  O                                                                         (0 = 0.0%) {81.2%}
594  -O                                                                        (1 = 1.0%) {81.2%}
595  -O                                                                        (1 = 1.0%) {82.3%}
596  ... 
598  -O                                                                        (1 = 1.0%) {83.3%}
599  -O                                                                        (1 = 1.0%) {84.4%}
600  ... 
618  -O                                                                        (1 = 1.0%) {85.4%}
619  -O                                                                        (1 = 1.0%) {86.5%}
620  -O                                                                        (1 = 1.0%) {87.5%}
621  -O                                                                        (1 = 1.0%) {88.5%}
622  ... 
636  -O                                                                        (1 = 1.0%) {89.6%}
637  ... 
657  -O                                                                        (1 = 1.0%) {90.6%}
658  -O                                                                        (1 = 1.0%) {91.7%}
659  ... 
662  -O                                                                        (1 = 1.0%) {92.7%}
663  ... 
672  -O                                                                        (1 = 1.0%) {93.8%}
673  -O                                                                        (1 = 1.0%) {94.8%}
674  O                                                                         (0 = 0.0%) {95.8%}
675  -O                                                                        (1 = 1.0%) {95.8%}
676  ... 
696  -O                                                                        (1 = 1.0%) {96.9%}
697  ... 
746  -O                                                                        (1 = 1.0%) {97.9%}
747  ... 
770  -O                                                                        (1 = 1.0%) {99.0%}
771  ... 

Histogram: Blink.UseCounter.Features recorded 157 samples, mean = 2229.1 (flags = 0x41)
0     ... 
13    -O                                                                        (1 = 0.6%) {0.0%}
14    ... 
16    -O                                                                        (1 = 0.6%) {0.6%}
17    ... 
52    -O                                                                        (1 = 0.6%) {1.3%}
53    ... 
69    -O                                                                        (1 = 0.6%) {1.9%}
70    ... 
123   -O                                                                        (1 = 0.6%) {2.5%}
124   -O                                                                        (1 = 0.6%) {3.2%}
125   -O                                                                        (1 = 0.6%) {3.8%}
126   ... 
138   -O                                                                        (1 = 0.6%) {4.5%}
139   ... 
240   -O                                                                        (1 = 0.6%) {5.1%}
241   ... 
250   -O                                                                        (1 = 0.6%) {5.7%}
251   ... 
429   -O                                                                        (1 = 0.6%) {6.4%}
430   -O                                                                        (1 = 0.6%) {7.0%}
431   -O                                                                        (1 = 0.6%) {7.6%}
432   -O                                                                        (1 = 0.6%) {8.3%}
433   ... 
469   -O                                                                        (1 = 0.6%) {8.9%}
470   ... 
523   -O                                                                        (1 = 0.6%) {9.6%}
524   ... 
587   -O                                                                        (1 = 0.6%) {10.2%}
588   -O                                                                        (1 = 0.6%) {10.8%}
589   ... 
675   -O                                                                        (1 = 0.6%) {11.5%}
676   ... 
710   -O                                                                        (1 = 0.6%) {12.1%}
711   -O                                                                        (1 = 0.6%) {12.7%}
712   -O                                                                        (1 = 0.6%) {13.4%}
713   ... 
717   -O                                                                        (1 = 0.6%) {14.0%}
718   ... 
730   -O                                                                        (1 = 0.6%) {14.6%}
731   ... 
744   -O                                                                        (1 = 0.6%) {15.3%}
745   ... 
780   -O                                                                        (1 = 0.6%) {15.9%}
781   -O                                                                        (1 = 0.6%) {16.6%}
782   ... 
786   -O                                                                        (1 = 0.6%) {17.2%}
787   -O                                                                        (1 = 0.6%) {17.8%}
788   ... 
804   -O                                                                        (1 = 0.6%) {18.5%}
805   ... 
900   -O                                                                        (1 = 0.6%) {19.1%}
901   -O                                                                        (1 = 0.6%) {19.7%}
902   ... 
907   -O                                                                        (1 = 0.6%) {20.4%}
908   ... 
954   -O                                                                        (1 = 0.6%) {21.0%}
955   ... 
970   -O                                                                        (1 = 0.6%) {21.7%}
971   O                                                                         (0 = 0.0%) {22.3%}
972   -O                                                                        (1 = 0.6%) {22.3%}
973   -O                                                                        (1 = 0.6%) {22.9%}
974   ... 
976   -O                                                                        (1 = 0.6%) {23.6%}
977   ... 
1023  -O                                                                        (1 = 0.6%) {24.2%}
1024  ... 
1069  -O                                                                        (1 = 0.6%) {24.8%}
1070  -O                                                                        (1 = 0.6%) {25.5%}
1071  ... 
1075  -O                                                                        (1 = 0.6%) {26.1%}
1076  -O                                                                        (1 = 0.6%) {26.8%}
1077  ... 
1124  -O                                                                        (1 = 0.6%) {27.4%}
1125  ... 
1302  -O                                                                        (1 = 0.6%) {28.0%}
1303  ... 
1307  -O                                                                        (1 = 0.6%) {28.7%}
1308  ... 
1347  -O                                                                        (1 = 0.6%) {29.3%}
1348  ... 
1351  -O                                                                        (1 = 0.6%) {29.9%}
1352  ... 
1354  -O                                                                        (1 = 0.6%) {30.6%}
1355  ... 
1368  -O                                                                        (1 = 0.6%) {31.2%}
1369  ... 
1417  -O                                                                        (1 = 0.6%) {31.8%}
1418  ... 
1441  -O                                                                        (1 = 0.6%) {32.5%}
1442  ... 
1467  -O                                                                        (1 = 0.6%) {33.1%}
1468  ... 
1502  -O                                                                        (1 = 0.6%) {33.8%}
1503  ... 
1692  -O                                                                        (1 = 0.6%) {34.4%}
1693  -O                                                                        (1 = 0.6%) {35.0%}
1694  ... 
1827  -O                                                                        (1 = 0.6%) {35.7%}
1828  ... 
2013  -O                                                                        (1 = 0.6%) {36.3%}
2014  ... 
2077  -O                                                                        (1 = 0.6%) {36.9%}
2078  ... 
2094  -O                                                                        (1 = 0.6%) {37.6%}
2095  O                                                                         (0 = 0.0%) {38.2%}
2096  -O                                                                        (1 = 0.6%) {38.2%}
2097  ... 
2100  -O                                                                        (1 = 0.6%) {38.9%}
2101  ... 
2112  -O                                                                        (1 = 0.6%) {39.5%}
2113  ... 
2121  -O                                                                        (1 = 0.6%) {40.1%}
2122  ... 
2157  -O                                                                        (1 = 0.6%) {40.8%}
2158  ... 
2203  -O                                                                        (1 = 0.6%) {41.4%}
2204  -O                                                                        (1 = 0.6%) {42.0%}
2205  ... 
2217  -O                                                                        (1 = 0.6%) {42.7%}
2218  ... 
2226  -O                                                                        (1 = 0.6%) {43.3%}
2227  O                                                                         (0 = 0.0%) {43.9%}
2228  -O                                                                        (1 = 0.6%) {43.9%}
2229  -O                                                                        (1 = 0.6%) {44.6%}
2230  ... 
2236  -O                                                                        (1 = 0.6%) {45.2%}
2237  ... 
2298  -O                                                                        (1 = 0.6%) {45.9%}
2299  ... 
2314  -O                                                                        (1 = 0.6%) {46.5%}
2315  ... 
2319  -O                                                                        (1 = 0.6%) {47.1%}
2320  ... 
2322  -O                                                                        (1 = 0.6%) {47.8%}
2323  ... 
2347  -O                                                                        (1 = 0.6%) {48.4%}
2348  -O                                                                        (1 = 0.6%) {49.0%}
2349  ... 
2355  -O                                                                        (1 = 0.6%) {49.7%}
2356  ... 
2361  -O                                                                        (1 = 0.6%) {50.3%}
2362  ... 
2387  -O                                                                        (1 = 0.6%) {51.0%}
2388  -O                                                                        (1 = 0.6%) {51.6%}
2389  ... 
2399  -O                                                                        (1 = 0.6%) {52.2%}
2400  ... 
2413  -O                                                                        (1 = 0.6%) {52.9%}
2414  ... 
2429  -O                                                                        (1 = 0.6%) {53.5%}
2430  O                                                                         (0 = 0.0%) {54.1%}
2431  -O                                                                        (1 = 0.6%) {54.1%}
2432  ... 
2518  -O                                                                        (1 = 0.6%) {54.8%}
2519  ... 
2598  -O                                                                        (1 = 0.6%) {55.4%}
2599  ... 
2618  -O                                                                        (1 = 0.6%) {56.1%}
2619  ... 
2654  -O                                                                        (1 = 0.6%) {56.7%}
2655  -O                                                                        (1 = 0.6%) {57.3%}
2656  -O                                                                        (1 = 0.6%) {58.0%}
2657  -O                                                                        (1 = 0.6%) {58.6%}
2658  -O                                                                        (1 = 0.6%) {59.2%}
2659  -O                                                                        (1 = 0.6%) {59.9%}
2660  -O                                                                        (1 = 0.6%) {60.5%}
2661  -O                                                                        (1 = 0.6%) {61.1%}
2662  -O                                                                        (1 = 0.6%) {61.8%}
2663  -O                                                                        (1 = 0.6%) {62.4%}
2664  ... 
2699  -O                                                                        (1 = 0.6%) {63.1%}
2700  -O                                                                        (1 = 0.6%) {63.7%}
2701  -O                                                                        (1 = 0.6%) {64.3%}
2702  -O                                                                        (1 = 0.6%) {65.0%}
2703  -O                                                                        (1 = 0.6%) {65.6%}
2704  -O                                                                        (1 = 0.6%) {66.2%}
2705  -O                                                                        (1 = 0.6%) {66.9%}
2706  -O                                                                        (1 = 0.6%) {67.5%}
2707  -O                                                                        (1 = 0.6%) {68.2%}
2708  ... 
2710  -O                                                                        (1 = 0.6%) {68.8%}
2711  -O                                                                        (1 = 0.6%) {69.4%}
2712  ... 
2716  -O                                                                        (1 = 0.6%) {70.1%}
2717  ... 
2723  -O                                                                        (1 = 0.6%) {70.7%}
2724  ... 
2738  -O                                                                        (1 = 0.6%) {71.3%}
2739  ... 
2769  -O                                                                        (1 = 0.6%) {72.0%}
2770  ... 
2841  -O                                                                        (1 = 0.6%) {72.6%}
2842  ... 
2903  -O                                                                        (1 = 0.6%) {73.2%}
2904  -O                                                                        (1 = 0.6%) {73.9%}
2905  ... 
2935  -O                                                                        (1 = 0.6%) {74.5%}
2936  ... 
3019  -O                                                                        (1 = 0.6%) {75.2%}
3020  -O                                                                        (1 = 0.6%) {75.8%}
3021  ... 
3066  -O                                                                        (1 = 0.6%) {76.4%}
3067  ... 
3157  -O                                                                        (1 = 0.6%) {77.1%}
3158  ... 
3198  -O                                                                        (1 = 0.6%) {77.7%}
3199  ... 
3275  -O                                                                        (1 = 0.6%) {78.3%}
3276  ... 
3279  -O                                                                        (1 = 0.6%) {79.0%}
3280  ... 
3307  -O                                                                        (1 = 0.6%) {79.6%}
3308  -O                                                                        (1 = 0.6%) {80.3%}
3309  ... 
3349  -O                                                                        (1 = 0.6%) {80.9%}
3350  ... 
3359  -O                                                                        (1 = 0.6%) {81.5%}
3360  ... 
3409  -O                                                                        (1 = 0.6%) {82.2%}
3410  ... 
3444  -O                                                                        (1 = 0.6%) {82.8%}
3445  ... 
3580  -O                                                                        (1 = 0.6%) {83.4%}
3581  -O                                                                        (1 = 0.6%) {84.1%}
3582  ... 
3698  -O                                                                        (1 = 0.6%) {84.7%}
3699  ... 
3789  -O                                                                        (1 = 0.6%) {85.4%}
3790  -O                                                                        (1 = 0.6%) {86.0%}
3791  ... 
3797  -O                                                                        (1 = 0.6%) {86.6%}
3798  ... 
3803  -O                                                                        (1 = 0.6%) {87.3%}
3804  ... 
3870  -O                                                                        (1 = 0.6%) {87.9%}
3871  ... 
3973  -O                                                                        (1 = 0.6%) {88.5%}
3974  ... 
4007  -O                                                                        (1 = 0.6%) {89.2%}
4008  ... 
4113  -O                                                                        (1 = 0.6%) {89.8%}
4114  ... 
4177  -O                                                                        (1 = 0.6%) {90.4%}
4178  ... 
4194  -O                                                                        (1 = 0.6%) {91.1%}
4195  O                                                                         (0 = 0.0%) {91.7%}
4196  -O                                                                        (1 = 0.6%) {91.7%}
4197  ... 
4240  -O                                                                        (1 = 0.6%) {92.4%}
4241  O                                                                         (0 = 0.0%) {93.0%}
4242  -O                                                                        (1 = 0.6%) {93.0%}
4243  ... 
4317  -O                                                                        (1 = 0.6%) {93.6%}
4318  ... 
4346  -O                                                                        (1 = 0.6%) {94.3%}
4347  ... 
4372  -O                                                                        (1 = 0.6%) {94.9%}
4373  ... 
4379  -O                                                                        (1 = 0.6%) {95.5%}
4380  ... 
4419  -O                                                                        (1 = 0.6%) {96.2%}
4420  ... 
4561  -O                                                                        (1 = 0.6%) {96.8%}
4562  ... 
4673  -O                                                                        (1 = 0.6%) {97.5%}
4674  ... 
4743  -O                                                                        (1 = 0.6%) {98.1%}
4744  ... 
4877  -O                                                                        (1 = 0.6%) {98.7%}
4878  ... 
4994  -O                                                                        (1 = 0.6%) {99.4%}
4995  ... 

Histogram: Blink.UseCounter.MainFrame.Features recorded 157 samples, mean = 2229.1 (flags = 0x41)
0     ... 
13    -O                                                                        (1 = 0.6%) {0.0%}
14    ... 
16    -O                                                                        (1 = 0.6%) {0.6%}
17    ... 
52    -O                                                                        (1 = 0.6%) {1.3%}
53    ... 
69    -O                                                                        (1 = 0.6%) {1.9%}
70    ... 
123   -O                                                                        (1 = 0.6%) {2.5%}
124   -O                                                                        (1 = 0.6%) {3.2%}
125   -O                                                                        (1 = 0.6%) {3.8%}
126   ... 
138   -O                                                                        (1 = 0.6%) {4.5%}
139   ... 
240   -O                                                                        (1 = 0.6%) {5.1%}
241   ... 
250   -O                                                                        (1 = 0.6%) {5.7%}
251   ... 
429   -O                                                                        (1 = 0.6%) {6.4%}
430   -O                                                                        (1 = 0.6%) {7.0%}
431   -O                                                                        (1 = 0.6%) {7.6%}
432   -O                                                                        (1 = 0.6%) {8.3%}
433   ... 
469   -O                                                                        (1 = 0.6%) {8.9%}
470   ... 
523   -O                                                                        (1 = 0.6%) {9.6%}
524   ... 
587   -O                                                                        (1 = 0.6%) {10.2%}
588   -O                                                                        (1 = 0.6%) {10.8%}
589   ... 
675   -O                                                                        (1 = 0.6%) {11.5%}
676   ... 
710   -O                                                                        (1 = 0.6%) {12.1%}
711   -O                                                                        (1 = 0.6%) {12.7%}
712   -O                                                                        (1 = 0.6%) {13.4%}
713   ... 
717   -O                                                                        (1 = 0.6%) {14.0%}
718   ... 
730   -O                                                                        (1 = 0.6%) {14.6%}
731   ... 
744   -O                                                                        (1 = 0.6%) {15.3%}
745   ... 
780   -O                                                                        (1 = 0.6%) {15.9%}
781   -O                                                                        (1 = 0.6%) {16.6%}
782   ... 
786   -O                                                                        (1 = 0.6%) {17.2%}
787   -O                                                                        (1 = 0.6%) {17.8%}
788   ... 
804   -O                                                                        (1 = 0.6%) {18.5%}
805   ... 
900   -O                                                                        (1 = 0.6%) {19.1%}
901   -O                                                                        (1 = 0.6%) {19.7%}
902   ... 
907   -O                                                                        (1 = 0.6%) {20.4%}
908   ... 
954   -O                                                                        (1 = 0.6%) {21.0%}
955   ... 
970   -O                                                                        (1 = 0.6%) {21.7%}
971   O                                                                         (0 = 0.0%) {22.3%}
972   -O                                                                        (1 = 0.6%) {22.3%}
973   -O                                                                        (1 = 0.6%) {22.9%}
974   ... 
976   -O                                                                        (1 = 0.6%) {23.6%}
977   ... 
1023  -O                                                                        (1 = 0.6%) {24.2%}
1024  ... 
1069  -O                                                                        (1 = 0.6%) {24.8%}
1070  -O                                                                        (1 = 0.6%) {25.5%}
1071  ... 
1075  -O                                                                        (1 = 0.6%) {26.1%}
1076  -O                                                                        (1 = 0.6%) {26.8%}
1077  ... 
1124  -O                                                                        (1 = 0.6%) {27.4%}
1125  ... 
1302  -O                                                                        (1 = 0.6%) {28.0%}
1303  ... 
1307  -O                                                                        (1 = 0.6%) {28.7%}
1308  ... 
1347  -O                                                                        (1 = 0.6%) {29.3%}
1348  ... 
1351  -O                                                                        (1 = 0.6%) {29.9%}
1352  ... 
1354  -O                                                                        (1 = 0.6%) {30.6%}
1355  ... 
1368  -O                                                                        (1 = 0.6%) {31.2%}
1369  ... 
1417  -O                                                                        (1 = 0.6%) {31.8%}
1418  ... 
1441  -O                                                                        (1 = 0.6%) {32.5%}
1442  ... 
1467  -O                                                                        (1 = 0.6%) {33.1%}
1468  ... 
1502  -O                                                                        (1 = 0.6%) {33.8%}
1503  ... 
1692  -O                                                                        (1 = 0.6%) {34.4%}
1693  -O                                                                        (1 = 0.6%) {35.0%}
1694  ... 
1827  -O                                                                        (1 = 0.6%) {35.7%}
1828  ... 
2013  -O                                                                        (1 = 0.6%) {36.3%}
2014  ... 
2077  -O                                                                        (1 = 0.6%) {36.9%}
2078  ... 
2094  -O                                                                        (1 = 0.6%) {37.6%}
2095  O                                                                         (0 = 0.0%) {38.2%}
2096  -O                                                                        (1 = 0.6%) {38.2%}
2097  ... 
2100  -O                                                                        (1 = 0.6%) {38.9%}
2101  ... 
2112  -O                                                                        (1 = 0.6%) {39.5%}
2113  ... 
2121  -O                                                                        (1 = 0.6%) {40.1%}
2122  ... 
2157  -O                                                                        (1 = 0.6%) {40.8%}
2158  ... 
2203  -O                                                                        (1 = 0.6%) {41.4%}
2204  -O                                                                        (1 = 0.6%) {42.0%}
2205  ... 
2217  -O                                                                        (1 = 0.6%) {42.7%}
2218  ... 
2226  -O                                                                        (1 = 0.6%) {43.3%}
2227  O                                                                         (0 = 0.0%) {43.9%}
2228  -O                                                                        (1 = 0.6%) {43.9%}
2229  -O                                                                        (1 = 0.6%) {44.6%}
2230  ... 
2236  -O                                                                        (1 = 0.6%) {45.2%}
2237  ... 
2298  -O                                                                        (1 = 0.6%) {45.9%}
2299  ... 
2314  -O                                                                        (1 = 0.6%) {46.5%}
2315  ... 
2319  -O                                                                        (1 = 0.6%) {47.1%}
2320  ... 
2322  -O                                                                        (1 = 0.6%) {47.8%}
2323  ... 
2347  -O                                                                        (1 = 0.6%) {48.4%}
2348  -O                                                                        (1 = 0.6%) {49.0%}
2349  ... 
2355  -O                                                                        (1 = 0.6%) {49.7%}
2356  ... 
2361  -O                                                                        (1 = 0.6%) {50.3%}
2362  ... 
2387  -O                                                                        (1 = 0.6%) {51.0%}
2388  -O                                                                        (1 = 0.6%) {51.6%}
2389  ... 
2399  -O                                                                        (1 = 0.6%) {52.2%}
2400  ... 
2413  -O                                                                        (1 = 0.6%) {52.9%}
2414  ... 
2429  -O                                                                        (1 = 0.6%) {53.5%}
2430  O                                                                         (0 = 0.0%) {54.1%}
2431  -O                                                                        (1 = 0.6%) {54.1%}
2432  ... 
2518  -O                                                                        (1 = 0.6%) {54.8%}
2519  ... 
2598  -O                                                                        (1 = 0.6%) {55.4%}
2599  ... 
2618  -O                                                                        (1 = 0.6%) {56.1%}
2619  ... 
2654  -O                                                                        (1 = 0.6%) {56.7%}
2655  -O                                                                        (1 = 0.6%) {57.3%}
2656  -O                                                                        (1 = 0.6%) {58.0%}
2657  -O                                                                        (1 = 0.6%) {58.6%}
2658  -O                                                                        (1 = 0.6%) {59.2%}
2659  -O                                                                        (1 = 0.6%) {59.9%}
2660  -O                                                                        (1 = 0.6%) {60.5%}
2661  -O                                                                        (1 = 0.6%) {61.1%}
2662  -O                                                                        (1 = 0.6%) {61.8%}
2663  -O                                                                        (1 = 0.6%) {62.4%}
2664  ... 
2699  -O                                                                        (1 = 0.6%) {63.1%}
2700  -O                                                                        (1 = 0.6%) {63.7%}
2701  -O                                                                        (1 = 0.6%) {64.3%}
2702  -O                                                                        (1 = 0.6%) {65.0%}
2703  -O                                                                        (1 = 0.6%) {65.6%}
2704  -O                                                                        (1 = 0.6%) {66.2%}
2705  -O                                                                        (1 = 0.6%) {66.9%}
2706  -O                                                                        (1 = 0.6%) {67.5%}
2707  -O                                                                        (1 = 0.6%) {68.2%}
2708  ... 
2710  -O                                                                        (1 = 0.6%) {68.8%}
2711  -O                                                                        (1 = 0.6%) {69.4%}
2712  ... 
2716  -O                                                                        (1 = 0.6%) {70.1%}
2717  ... 
2723  -O                                                                        (1 = 0.6%) {70.7%}
2724  ... 
2738  -O                                                                        (1 = 0.6%) {71.3%}
2739  ... 
2769  -O                                                                        (1 = 0.6%) {72.0%}
2770  ... 
2841  -O                                                                        (1 = 0.6%) {72.6%}
2842  ... 
2903  -O                                                                        (1 = 0.6%) {73.2%}
2904  -O                                                                        (1 = 0.6%) {73.9%}
2905  ... 
2935  -O                                                                        (1 = 0.6%) {74.5%}
2936  ... 
3019  -O                                                                        (1 = 0.6%) {75.2%}
3020  -O                                                                        (1 = 0.6%) {75.8%}
3021  ... 
3066  -O                                                                        (1 = 0.6%) {76.4%}
3067  ... 
3157  -O                                                                        (1 = 0.6%) {77.1%}
3158  ... 
3198  -O                                                                        (1 = 0.6%) {77.7%}
3199  ... 
3275  -O                                                                        (1 = 0.6%) {78.3%}
3276  ... 
3279  -O                                                                        (1 = 0.6%) {79.0%}
3280  ... 
3307  -O                                                                        (1 = 0.6%) {79.6%}
3308  -O                                                                        (1 = 0.6%) {80.3%}
3309  ... 
3349  -O                                                                        (1 = 0.6%) {80.9%}
3350  ... 
3359  -O                                                                        (1 = 0.6%) {81.5%}
3360  ... 
3409  -O                                                                        (1 = 0.6%) {82.2%}
3410  ... 
3444  -O                                                                        (1 = 0.6%) {82.8%}
3445  ... 
3580  -O                                                                        (1 = 0.6%) {83.4%}
3581  -O                                                                        (1 = 0.6%) {84.1%}
3582  ... 
3698  -O                                                                        (1 = 0.6%) {84.7%}
3699  ... 
3789  -O                                                                        (1 = 0.6%) {85.4%}
3790  -O                                                                        (1 = 0.6%) {86.0%}
3791  ... 
3797  -O                                                                        (1 = 0.6%) {86.6%}
3798  ... 
3803  -O                                                                        (1 = 0.6%) {87.3%}
3804  ... 
3870  -O                                                                        (1 = 0.6%) {87.9%}
3871  ... 
3973  -O                                                                        (1 = 0.6%) {88.5%}
3974  ... 
4007  -O                                                                        (1 = 0.6%) {89.2%}
4008  ... 
4113  -O                                                                        (1 = 0.6%) {89.8%}
4114  ... 
4177  -O                                                                        (1 = 0.6%) {90.4%}
4178  ... 
4194  -O                                                                        (1 = 0.6%) {91.1%}
4195  O                                                                         (0 = 0.0%) {91.7%}
4196  -O                                                                        (1 = 0.6%) {91.7%}
4197  ... 
4240  -O                                                                        (1 = 0.6%) {92.4%}
4241  O                                                                         (0 = 0.0%) {93.0%}
4242  -O                                                                        (1 = 0.6%) {93.0%}
4243  ... 
4317  -O                                                                        (1 = 0.6%) {93.6%}
4318  ... 
4346  -O                                                                        (1 = 0.6%) {94.3%}
4347  ... 
4372  -O                                                                        (1 = 0.6%) {94.9%}
4373  ... 
4379  -O                                                                        (1 = 0.6%) {95.5%}
4380  ... 
4419  -O                                                                        (1 = 0.6%) {96.2%}
4420  ... 
4561  -O                                                                        (1 = 0.6%) {96.8%}
4562  ... 
4673  -O                                                                        (1 = 0.6%) {97.5%}
4674  ... 
4743  -O                                                                        (1 = 0.6%) {98.1%}
4744  ... 
4877  -O                                                                        (1 = 0.6%) {98.7%}
4878  ... 
4994  -O                                                                        (1 = 0.6%) {99.4%}
4995  ... 

Histogram: Blink.UseCounter.PermissionsPolicy.Allow2 recorded 0 samples (flags = 0x41)
0 ... 

Histogram: Blink.UseCounter.PermissionsPolicy.Header2 recorded 0 samples (flags = 0x41)
0 ... 

Histogram: Blink.UseCounter.PermissionsPolicy.Violation.Enforce recorded 0 samples (flags = 0x41)
0 ... 

Histogram: Blink.UseCounter.WebDXFeatures recorded 16 samples, mean = 40.2 (flags = 0x41)
0   ... 
5   -O                                                                        (1 = 6.2%) {0.0%}
6   ... 
8   -O                                                                        (1 = 6.2%) {6.2%}
9   -O                                                                        (1 = 6.2%) {12.5%}
10  O                                                                         (0 = 0.0%) {18.8%}
11  -O                                                                        (1 = 6.2%) {18.8%}
12  ... 
27  -O                                                                        (1 = 6.2%) {25.0%}
28  -O                                                                        (1 = 6.2%) {31.2%}
29  -O                                                                        (1 = 6.2%) {37.5%}
30  ... 
38  -O                                                                        (1 = 6.2%) {43.8%}
39  -O                                                                        (1 = 6.2%) {50.0%}
40  ... 
45  -O                                                                        (1 = 6.2%) {56.2%}
46  -O                                                                        (1 = 6.2%) {62.5%}
47  ... 
58  -O                                                                        (1 = 6.2%) {68.8%}
59  ... 
68  -O                                                                        (1 = 6.2%) {75.0%}
69  ... 
71  -O                                                                        (1 = 6.2%) {81.2%}
72  ... 
79  -O                                                                        (1 = 6.2%) {87.5%}
80  ... 
83  -O                                                                        (1 = 6.2%) {93.8%}
84  ... 

Histogram: Blink.UserDrivenDocumentUpdate.UpdateTime.PreFCP recorded 1 samples, mean = 10.0 (flags = 0x41)
0  ... 
8  -O                                                                        (1 = 100.0%) {0.0%}
11 ... 

Histogram: Bookmarks.BookmarkBar.Shown recorded 1 samples, mean = 0.0 (flags = 0x41)
0  -O                                                                        (1 = 100.0%)
1  ... 

Histogram: Bookmarks.Count.OnProfileLoad3 recorded 1 samples, mean = 0.0 (flags = 0x41)
0  -O                                                                        (1 = 100.0%)
1  ... 

Histogram: Bookmarks.Storage.TimeToLoadAtStartup2 recorded 1 samples, mean = 6577.0 (flags = 0x41)
0     ... 
5961  -O                                                                        (1 = 100.0%) {0.0%}
7083  ... 

Histogram: Bookmarks.Times.OnProfileLoad.TimeSinceAdded3 recorded 1 samples, mean = 0.0 (flags = 0x41)
0  -O                                                                        (1 = 100.0%)
1  ... 

Histogram: Bookmarks.Utilization.OnProfileLoad.PercentageUsed recorded 1 samples, mean = 0.0 (flags = 0x41)
0  -O                                                                        (1 = 100.0%)
1  ... 

Histogram: Bookmarks.Utilization.OnProfileLoad.TotalUnused recorded 1 samples, mean = 0.0 (flags = 0x41)
0  -O                                                                        (1 = 100.0%)
1  ... 

Histogram: Bookmarks.Utilization.OnProfileLoad.TotalUsed recorded 1 samples, mean = 0.0 (flags = 0x41)
0  -O                                                                        (1 = 100.0%)
1  ... 

Histogram: BrotliFilter.CompressionPercent recorded 31 samples, mean = 36.6 (flags = 0x41)
0    ... 
10   -O                                                                        (1 = 3.2%) {0.0%}
11   -O                                                                        (1 = 3.2%) {3.2%}
12   -O                                                                        (1 = 3.2%) {6.5%}
13   -O                                                                        (1 = 3.2%) {9.7%}
14   -O                                                                        (1 = 3.2%) {12.9%}
15   -O                                                                        (1 = 3.2%) {16.1%}
16   -O                                                                        (1 = 3.2%) {19.4%}
17   --O                                                                       (2 = 6.5%) {22.6%}
18   ... 
22   -O                                                                        (1 = 3.2%) {29.0%}
23   -O                                                                        (1 = 3.2%) {32.3%}
24   O                                                                         (0 = 0.0%) {35.5%}
25   -O                                                                        (1 = 3.2%) {35.5%}
26   -O                                                                        (1 = 3.2%) {38.7%}
27   -O                                                                        (1 = 3.2%) {41.9%}
28   -O                                                                        (1 = 3.2%) {45.2%}
29   ---O                                                                      (3 = 9.7%) {48.4%}
30   ... 
33   -O                                                                        (1 = 3.2%) {58.1%}
34   -O                                                                        (1 = 3.2%) {61.3%}
35   -O                                                                        (1 = 3.2%) {64.5%}
36   O                                                                         (0 = 0.0%) {67.7%}
37   -O                                                                        (1 = 3.2%) {67.7%}
38   ... 
44   -O                                                                        (1 = 3.2%) {71.0%}
45   -O                                                                        (1 = 3.2%) {74.2%}
46   ... 
48   -O                                                                        (1 = 3.2%) {77.4%}
49   -O                                                                        (1 = 3.2%) {80.6%}
50   O                                                                         (0 = 0.0%) {83.9%}
51   --O                                                                       (2 = 6.5%) {83.9%}
52   ... 
85   -O                                                                        (1 = 3.2%) {90.3%}
86   ... 
101  --O                                                                       (2 = 6.5%) {93.5%}

Histogram: BrotliFilter.Status recorded 31 samples, mean = 1.0 (flags = 0x41)
0  O                                                                         (0 = 0.0%)
1  -------------------------------O                                          (31 = 100.0%) {0.0%}
2  ... 

Histogram: BrotliFilter.UsedMemoryKB recorded 31 samples, mean = 160.5 (flags = 0x41)
0    ... 
16   --O                                                                       (2 = 6.5%) {0.0%}
20   O                                                                         (0 = 0.0%) {6.5%}
25   ----O                                                                     (4 = 12.9%) {6.5%}
31   -----O                                                                    (5 = 16.1%) {19.4%}
39   --O                                                                       (2 = 6.5%) {35.5%}
49   O                                                                         (0 = 0.0%) {41.9%}
61   -----O                                                                    (5 = 16.1%) {41.9%}
76   -O                                                                        (1 = 3.2%) {58.1%}
95   -O                                                                        (1 = 3.2%) {61.3%}
119  O                                                                         (0 = 0.0%) {64.5%}
149  -O                                                                        (1 = 3.2%) {64.5%}
187  ... 
293  ------O                                                                   (6 = 19.4%) {67.7%}
367  --O                                                                       (2 = 6.5%) {87.1%}
460  -O                                                                        (1 = 3.2%) {93.5%}
576  -O                                                                        (1 = 3.2%) {96.8%}
722  ... 

Histogram: Browser.MainThreadsCongestion.RunningOnly recorded 19 samples, mean = 0.0 (flags = 0x41)
0  -------------------O                                                      (19 = 100.0%)
1  ... 

Histogram: Browser.MainThreadsCongestion.RunningOnly.Initial recorded 1 samples, mean = 0.0 (flags = 0x41)
0  -O                                                                        (1 = 100.0%)
1  ... 

Histogram: Browser.Responsiveness.IOJanksTotalPerMinute recorded 9 samples, mean = 0.0 (flags = 0x41)
0  ---------O                                                                (9 = 100.0%)
1  ... 

Histogram: Browser.Responsiveness.IOJankyIntervalsPerMinute recorded 9 samples, mean = 0.0 (flags = 0x41)
0  ---------O                                                                (9 = 100.0%)
1  ... 

Histogram: BrowserRenderProcessHost.Cleanup.DelayReason recorded 11 samples, mean = 6.5 (flags = 0x41)
0  ---O                                                                      (3 = 27.3%)
1  ... 
9  --------O                                                                 (8 = 72.7%) {27.3%}
10 ... 

Histogram: BrowserRenderProcessHost.Cleanup.Total recorded 11 samples, mean = 1.0 (flags = 0x41)
0  O                                                                         (0 = 0.0%)
1  -----------O                                                              (11 = 100.0%) {0.0%}
2  O                                                                         (0 = 0.0%) {100.0%}

Histogram: BrowserRenderProcessHost.ExistingRendererIsInitializedAndNotDead recorded 1 samples, mean = 1.0 (flags = 0x41)
0  O                                                                         (0 = 0.0%)
1  -O                                                                        (1 = 100.0%) {0.0%}
2  O                                                                         (0 = 0.0%) {100.0%}

Histogram: BrowserRenderProcessHost.FastShutdownIfPossible.DelayReason recorded 1 samples, mean = 4.0 (flags = 0x41)
0  ... 
4  -O                                                                        (1 = 100.0%) {0.0%}
5  ... 

Histogram: BrowserRenderProcessHost.FastShutdownIfPossible.Total recorded 1 samples, mean = 1.0 (flags = 0x41)
0  O                                                                         (0 = 0.0%)
1  -O                                                                        (1 = 100.0%) {0.0%}
2  O                                                                         (0 = 0.0%) {100.0%}

Histogram: BrowserRenderProcessHost.SpareProcessEvictedOtherSpare recorded 2 samples, mean = 0.0 (flags = 0x41)
0  --O                                                                       (2 = 100.0%)
1  ... 

Histogram: BrowserRenderProcessHost.SpareProcessMaybeTakeAction recorded 2 samples, mean = 2.0 (flags = 0x41)
0  -O                                                                        (1 = 50.0%)
1  ... 
4  -O                                                                        (1 = 50.0%) {50.0%}
5  ... 

Histogram: BrowserRenderProcessHost.SpareProcessStartupTime recorded 2 samples, mean = 3506.0 (flags = 0x41)
0     ... 
318   -O                                                                        (1 = 50.0%) {0.0%}
378   ... 
5961  -O                                                                        (1 = 50.0%) {50.0%}
7083  ... 

Histogram: BrowserSwitcher.ExternalGreylistSize recorded 1 samples, mean = 0.0 (flags = 0x41)
0  -O                                                                        (1 = 100.0%)
1  ... 

Histogram: BrowserSwitcher.ExternalSitelistSize recorded 1 samples, mean = 0.0 (flags = 0x41)
0  -O                                                                        (1 = 100.0%)
1  ... 

Histogram: BrowserSwitcher.IeemSitelistSize recorded 1 samples, mean = 0.0 (flags = 0x41)
0  -O                                                                        (1 = 100.0%)
1  ... 

Histogram: BrowsingTopics.BrowsingTopicsState.LoadFinishStatus recorded 1 samples, mean = 1.0 (flags = 0x41)
0  O                                                                         (0 = 0.0%)
1  -O                                                                        (1 = 100.0%) {0.0%}
2  O                                                                         (0 = 0.0%) {100.0%}

Histogram: BrowsingTopics.SiteDataStorage.FileSize.KB recorded 1 samples, mean = 28.0 (flags = 0x41)
0   ... 
28  -O                                                                        (1 = 100.0%) {0.0%}
37  ... 

Histogram: BrowsingTopics.SiteDataStorage.InitStatus recorded 1 samples, mean = 1.0 (flags = 0x41)
0  O                                                                         (0 = 0.0%)
1  -O                                                                        (1 = 100.0%) {0.0%}
2  O                                                                         (0 = 0.0%) {100.0%}

Histogram: CPU.Experimental.CpuEstimationTaskMigrated recorded 1 samples, mean = 0.0 (flags = 0x41)
0  -O                                                                        (1 = 100.0%)
1  ... 

Histogram: CPU.Experimental.CpuEstimationTaskQueuedTime.Performance recorded 1 samples, mean = 35.0 (flags = 0x41)
0   ... 
28  -O                                                                        (1 = 100.0%) {0.0%}
37  ... 

Histogram: CPU.Experimental.CpuEstimationTaskThreadTime.Performance recorded 1 samples, mean = 951.0 (flags = 0x41)
0    ... 
777  -O                                                                        (1 = 100.0%) {0.0%}
1023 ... 

Histogram: CPU.Experimental.CpuEstimationTaskTotalTime.Performance recorded 1 samples, mean = 992.0 (flags = 0x41)
0    ... 
777  -O                                                                        (1 = 100.0%) {0.0%}
1023 ... 

Histogram: CPU.Experimental.CpuEstimationTaskWallTime.Performance recorded 1 samples, mean = 957.0 (flags = 0x41)
0    ... 
777  -O                                                                        (1 = 100.0%) {0.0%}
1023 ... 

Histogram: CPU.Experimental.CpuEstimationThreadTimePercent.Performance recorded 1 samples, mean = 99.0 (flags = 0x41)
0   ... 
99  -O                                                                        (1 = 100.0%) {0.0%}
100 ... 

Histogram: CPU.Experimental.EstimatedFrequencyAsPercentOfLimit.Performance recorded 1 samples, mean = 20.0 (flags = 0x41)
0   ... 
20  -O                                                                        (1 = 100.0%) {0.0%}
21  ... 

Histogram: CPU.Experimental.EstimatedFrequencyAsPercentOfMax.Performance recorded 1 samples, mean = 20.0 (flags = 0x41)
0   ... 
20  -O                                                                        (1 = 100.0%) {0.0%}
21  ... 

Histogram: CertificateType2.BR.Intermediate.ECDSA recorded 11 samples, mean = 256.0 (flags = 0x41)
0    ... 
256  -----------O                                                              (11 = 100.0%) {0.0%}
257  ... 

Histogram: CertificateType2.BR.Intermediate.RSA recorded 7 samples, mean = 2048.0 (flags = 0x41)
0     ... 
2048  -------O                                                                  (7 = 100.0%) {0.0%}
2049  ... 

Histogram: CertificateType2.BR.Leaf.ECDSA recorded 16 samples, mean = 256.0 (flags = 0x41)
0    ... 
256  ----------------O                                                         (16 = 100.0%) {0.0%}
257  ... 

Histogram: CertificateType2.BR.Leaf.RSA recorded 2 samples, mean = 2048.0 (flags = 0x41)
0     ... 
2048  --O                                                                       (2 = 100.0%) {0.0%}
2049  ... 

Histogram: CertificateType2.BR.Root.ECDSA recorded 11 samples, mean = 384.0 (flags = 0x41)
0    ... 
384  -----------O                                                              (11 = 100.0%) {0.0%}
385  ... 

Histogram: CertificateType2.BR.Root.RSA recorded 7 samples, mean = 3510.9 (flags = 0x41)
0     ... 
2048  --O                                                                       (2 = 28.6%) {0.0%}
2049  ... 
4096  -----O                                                                    (5 = 71.4%) {28.6%}
4097  ... 

Histogram: ChildProcess.Launched.UtilityProcessHash recorded 9 samples (flags = 0x41)
-2043041185 -O                                                                        (1 = 11.1%)
-1706449158 ---O                                                                      (3 = 33.3%)
-1468742076 -O                                                                        (1 = 11.1%)
1411170475  -O                                                                        (1 = 11.1%)
1882216268  ---O                                                                      (3 = 33.3%)

Histogram: ChildProcess.ProcessLifetime.Utility recorded 9 samples, mean = 128207.1 (flags = 0x41)
0       --O                                                                       (2 = 22.2%)
1       ... 
35      --O                                                                       (2 = 22.2%) {22.2%}
47      -O                                                                        (1 = 11.1%) {44.4%}
64      --O                                                                       (2 = 22.2%) {55.6%}
87      ... 
429605  --O                                                                       (2 = 22.2%) {77.8%}
582049  ... 

Histogram: Chrome.ProcessSingleton.NotifyResult recorded 1 samples, mean = 0.0 (flags = 0x41)
0  -O                                                                        (1 = 100.0%)
1  ... 

Histogram: Chrome.ProcessSingleton.TimeToCreate recorded 1 samples, mean = 1.0 (flags = 0x41)
0  -O                                                                        (1 = 100.0%)
10 ... 

Histogram: Chrome.SystemNetworkContextManager.NetworkSandboxState recorded 4 samples, mean = 0.0 (flags = 0x41)
0  ----O                                                                     (4 = 100.0%)
1  ... 

Histogram: ChromeElf.Beacon.RetryAttemptsBeforeSuccess recorded 1 samples, mean = 0.0 (flags = 0x41)
0  -O                                                                        (1 = 100.0%)
1  ... 

Histogram: ChromeElf.Beacon.SetupStatus recorded 1 samples, mean = 1.0 (flags = 0x41)
0  O                                                                         (0 = 0.0%)
1  -O                                                                        (1 = 100.0%) {0.0%}
2  ... 

Histogram: ChromeElf.ExtensionPoint.EnableState recorded 1 samples, mean = 1.0 (flags = 0x41)
0  O                                                                         (0 = 0.0%)
1  -O                                                                        (1 = 100.0%) {0.0%}
2  O                                                                         (0 = 0.0%) {100.0%}

Histogram: ClientHints.CriticalCHRestart recorded 1 samples, mean = 0.0 (flags = 0x41)
0  -O                                                                        (1 = 100.0%)
1  ... 

Histogram: ClientHints.FetchLatency_PrefRead recorded 5 samples, mean = 6.6 (flags = 0x41)
0   ... 
3   --O                                                                       (2 = 40.0%) {0.0%}
4   --O                                                                       (2 = 40.0%) {40.0%}
6   ... 
15  -O                                                                        (1 = 20.0%) {80.0%}
21  ... 

Histogram: ClientHints.FetchLatency_PrerenderHost recorded 5 samples, mean = 33.0 (flags = 0x41)
0    ----O                                                                     (4 = 80.0%)
1    ... 
146  -O                                                                        (1 = 20.0%) {80.0%}
203  ... 

Histogram: ClientHints.FetchLatency_Total recorded 5 samples, mean = 39.6 (flags = 0x41)
0    ... 
3    --O                                                                       (2 = 40.0%) {0.0%}
4    --O                                                                       (2 = 40.0%) {40.0%}
6    ... 
146  -O                                                                        (1 = 20.0%) {80.0%}
203  ... 

Histogram: ComponentUpdater.Calls recorded 1 samples, mean = 1.0 (flags = 0x41)
0  O                                                                         (0 = 0.0%)
1  -O                                                                        (1 = 100.0%) {0.0%}
2  O                                                                         (0 = 0.0%) {100.0%}

Histogram: ComponentUpdater.UpdateCompleteError recorded 1 samples, mean = 0.0 (flags = 0x41)
0  -O                                                                        (1 = 100.0%)
1  ... 

Histogram: ComponentUpdater.UpdateCompleteResult recorded 1 samples, mean = 0.0 (flags = 0x41)
0  -O                                                                        (1 = 100.0%)
1  ... 

Histogram: ComponentUpdater.UpdateCompleteTime recorded 1 samples, mean = 31718.0 (flags = 0x41)
0      ... 
31655  -O                                                                        (1 = 100.0%) {0.0%}
36538  ... 

Histogram: Compositing.Browser.CompositorFrame.Quads recorded 3 samples, mean = 1.0 (flags = 0x41)
0  O                                                                         (0 = 0.0%)
1  ---O                                                                      (3 = 100.0%) {0.0%}
2  ... 

Histogram: Compositing.Browser.LayerTreeImpl.CalculateDrawPropertiesUs recorded 4 samples, mean = 113.2 (flags = 0x41)
0    ... 
5    --O                                                                       (2 = 50.0%) {0.0%}
7    -O                                                                        (1 = 25.0%) {50.0%}
9    ... 
340  -O                                                                        (1 = 25.0%) {75.0%}
448  ... 

Histogram: Compositing.Browser.LayersUpdateTime recorded 4 samples, mean = 263.8 (flags = 0x41)
0    ... 
4    -O                                                                        (1 = 25.0%) {0.0%}
6    -O                                                                        (1 = 25.0%) {25.0%}
8    ... 
15   -O                                                                        (1 = 25.0%) {50.0%}
21   ... 
752  -O                                                                        (1 = 25.0%) {75.0%}
1043 ... 

Histogram: Compositing.ColorGamut recorded 5 samples, mean = 0.0 (flags = 0x41)
0  -----O                                                                    (5 = 100.0%)
1  ... 

Histogram: Compositing.DecodeLCPCandidateImage.Hardware recorded 1 samples, mean = 0.0 (flags = 0x41)
0  -O                                                                        (1 = 100.0%)
1  ... 

Histogram: Compositing.DidMainThreadBlockDuringCommit recorded 12 samples, mean = 0.1 (flags = 0x41)
0  -----------O                                                              (11 = 91.7%)
1  -O                                                                        (1 = 8.3%) {91.7%}
2  O                                                                         (0 = 0.0%) {100.0%}

Histogram: Compositing.DirectRenderer.OverlayProcessingUs recorded 5 samples, mean = 0.0 (flags = 0x41)
0  -----O                                                                    (5 = 100.0%)
5  ... 

Histogram: Compositing.DirectRenderer.PartialSwap.ExtraDamage recorded 5 samples, mean = 0.0 (flags = 0x41)
0  -----O                                                                    (5 = 100.0%)
1  ... 

Histogram: Compositing.DirectRenderer.PartialSwap.FrameBufferDamage recorded 5 samples, mean = 0.0 (flags = 0x41)
0  -----O                                                                    (5 = 100.0%)
1  ... 

Histogram: Compositing.DirectRenderer.PartialSwap.RootDamage recorded 5 samples, mean = 100.0 (flags = 0x41)
0    ... 
100  -----O                                                                    (5 = 100.0%) {0.0%}
101  O                                                                         (0 = 0.0%) {100.0%}

Histogram: Compositing.DirectRenderer.PartialSwap.TotalDamage recorded 5 samples, mean = 100.0 (flags = 0x41)
0    ... 
100  -----O                                                                    (5 = 100.0%) {0.0%}
101  O                                                                         (0 = 0.0%) {100.0%}

Histogram: Compositing.DirectRenderer.SkipAllNonRootRenderPassesPerFrame recorded 3 samples, mean = 0.0 (flags = 0x41)
0  ---O                                                                      (3 = 100.0%)
1  ... 

Histogram: Compositing.DirectRenderer.SkipNonRootRenderPass recorded 3 samples, mean = 0.0 (flags = 0x41)
0  ---O                                                                      (3 = 100.0%)
1  ... 

Histogram: Compositing.DirectRenderer.TotalPixelsRendered recorded 5 samples, mean = 1.6 (flags = 0x41)
0  O                                                                         (0 = 0.0%)
1  --O                                                                       (2 = 40.0%) {0.0%}
2  ---O                                                                      (3 = 60.0%) {40.0%}
3  ... 

Histogram: Compositing.Display.Draw.Occlusion.Calculation.Time recorded 5 samples, mean = 5.2 (flags = 0x41)
0   O                                                                         (0 = 0.0%)
1   -O                                                                        (1 = 20.0%) {0.0%}
2   --O                                                                       (2 = 40.0%) {20.0%}
3   ... 
7   -O                                                                        (1 = 20.0%) {60.0%}
8   ... 
14  -O                                                                        (1 = 20.0%) {80.0%}
16  ... 

Histogram: Compositing.Display.Draw.Quads recorded 5 samples, mean = 2.2 (flags = 0x41)
0  O                                                                         (0 = 0.0%)
1  --O                                                                       (2 = 40.0%) {0.0%}
2  O                                                                         (0 = 0.0%) {40.0%}
3  ---O                                                                      (3 = 60.0%) {40.0%}
4  ... 

Histogram: Compositing.Display.DrawToSwapUs recorded 5 samples, mean = 13542.6 (flags = 0x41)
0      ... 
227    -O                                                                        (1 = 20.0%) {0.0%}
275    ... 
490    -O                                                                        (1 = 20.0%) {20.0%}
594    ... 
1059   -O                                                                        (1 = 20.0%) {40.0%}
1284   ... 
12974  -O                                                                        (1 = 20.0%) {60.0%}
15732  ... 
50000  -O                                                                        (1 = 20.0%) {80.0%}

Histogram: Compositing.Display.FlattenedRenderPassCount recorded 5 samples, mean = 1.6 (flags = 0x41)
0  O                                                                         (0 = 0.0%)
1  --O                                                                       (2 = 40.0%) {0.0%}
2  ---O                                                                      (3 = 60.0%) {40.0%}
3  ... 

Histogram: Compositing.Display.PendingSwaps recorded 5 samples, mean = 1.0 (flags = 0x41)
0  O                                                                         (0 = 0.0%)
1  -----O                                                                    (5 = 100.0%) {0.0%}
2  ... 

Histogram: Compositing.Display.VizDependencyResolvedToGpuStartedDrawUs recorded 5 samples, mean = 62.8 (flags = 0x41)
0    ... 
22   --O                                                                       (2 = 40.0%) {0.0%}
27   O                                                                         (0 = 0.0%) {40.0%}
33   -O                                                                        (1 = 20.0%) {40.0%}
40   -O                                                                        (1 = 20.0%) {60.0%}
49   ... 
187  -O                                                                        (1 = 20.0%) {80.0%}
227  ... 

Histogram: Compositing.Display.VizScheduledDrawToDependencyResolvedUs recorded 5 samples, mean = 4.0 (flags = 0x41)
0   ----O                                                                     (4 = 80.0%)
5   ... 
10  -O                                                                        (1 = 20.0%) {80.0%}
12  ... 

Histogram: Compositing.Display.VizScheduledDrawToGpuStartedDrawUs recorded 5 samples, mean = 66.8 (flags = 0x41)
0    ... 
22   -O                                                                        (1 = 20.0%) {0.0%}
27   -O                                                                        (1 = 20.0%) {20.0%}
33   -O                                                                        (1 = 20.0%) {40.0%}
40   -O                                                                        (1 = 20.0%) {60.0%}
49   ... 
187  -O                                                                        (1 = 20.0%) {80.0%}
227  ... 

Histogram: Compositing.MainThreadBlockedDuringCommitTime recorded 1 samples, mean = 4.0 (flags = 0x41)
0  ... 
4  -O                                                                        (1 = 100.0%) {0.0%}
6  ... 

Histogram: Compositing.Renderer.CompositorFrame.Quads recorded 2 samples, mean = 2.0 (flags = 0x41)
0  ... 
2  --O                                                                       (2 = 100.0%) {0.0%}
3  ... 

Histogram: Compositing.Renderer.LayersUpdateTime recorded 6 samples, mean = 259.7 (flags = 0x41)
0     ... 
6     --O                                                                       (2 = 33.3%) {0.0%}
8     -O                                                                        (1 = 16.7%) {33.3%}
11    -O                                                                        (1 = 16.7%) {50.0%}
15    ... 
282   -O                                                                        (1 = 16.7%) {66.7%}
391   ... 
1043  -O                                                                        (1 = 16.7%) {83.3%}
1447  ... 

Histogram: Compositing.Renderer.NumRenderSurfaces recorded 9 samples, mean = 1.0 (flags = 0x41)
0  O                                                                         (0 = 0.0%)
1  ---------O                                                                (9 = 100.0%) {0.0%}
2  ... 

Histogram: Compositing.SurfaceAggregator.AggregateUs recorded 5 samples, mean = 6882.6 (flags = 0x41)
0      ... 
21     --O                                                                       (2 = 40.0%) {0.0%}
28     ... 
340    -O                                                                        (1 = 20.0%) {40.0%}
448    ... 
1347   -O                                                                        (1 = 20.0%) {60.0%}
1774   ... 
27864  -O                                                                        (1 = 20.0%) {80.0%}
36699  ... 

Histogram: Compositing.SurfaceAggregator.CopiedSurfaceCount recorded 5 samples, mean = 1.6 (flags = 0x41)
0  O                                                                         (0 = 0.0%)
1  --O                                                                       (2 = 40.0%) {0.0%}
2  ---O                                                                      (3 = 60.0%) {40.0%}
3  ... 

Histogram: Compositing.SurfaceAggregator.CopyUs recorded 5 samples, mean = 127.0 (flags = 0x41)
0    -O                                                                        (1 = 20.0%)
5    O                                                                         (0 = 0.0%) {20.0%}
6    -O                                                                        (1 = 20.0%) {20.0%}
7    -O                                                                        (1 = 20.0%) {40.0%}
8    ... 
266  -O                                                                        (1 = 20.0%) {60.0%}
311  -O                                                                        (1 = 20.0%) {80.0%}
364  ... 

Histogram: Compositing.SurfaceAggregator.HasCopyRequestsPerFrame recorded 5 samples, mean = 0.4 (flags = 0x41)
0  ---O                                                                      (3 = 60.0%)
1  --O                                                                       (2 = 40.0%) {60.0%}
2  O                                                                         (0 = 0.0%) {100.0%}

Histogram: Compositing.SurfaceAggregator.HasPixelMovingBackdropFiltersPerFrame recorded 5 samples, mean = 0.0 (flags = 0x41)
0  -----O                                                                    (5 = 100.0%)
1  ... 

Histogram: Compositing.SurfaceAggregator.HasPixelMovingFiltersPerFrame recorded 5 samples, mean = 0.0 (flags = 0x41)
0  -----O                                                                    (5 = 100.0%)
1  ... 

Histogram: Compositing.SurfaceAggregator.HasUnembeddedRenderPassesPerFrame recorded 5 samples, mean = 0.0 (flags = 0x41)
0  -----O                                                                    (5 = 100.0%)
1  ... 

Histogram: Compositing.SurfaceAggregator.PrewalkUs recorded 5 samples, mean = 6631.6 (flags = 0x41)
0      ... 
9      -O                                                                        (1 = 20.0%) {0.0%}
11     O                                                                         (0 = 0.0%) {20.0%}
13     -O                                                                        (1 = 20.0%) {20.0%}
15     ... 
364    -O                                                                        (1 = 20.0%) {40.0%}
426    ... 
684    -O                                                                        (1 = 20.0%) {60.0%}
801    ... 
10000  -O                                                                        (1 = 20.0%) {80.0%}

Histogram: Compositing.SurfaceAggregator.PrewalkedSurfaceCount recorded 5 samples, mean = 1.6 (flags = 0x41)
0  O                                                                         (0 = 0.0%)
1  --O                                                                       (2 = 40.0%) {0.0%}
2  ---O                                                                      (3 = 60.0%) {40.0%}
3  ... 

Histogram: Compositing.SurfaceManager.MarkForDestructionToDestroy recorded 1 samples, mean = 330.0 (flags = 0x41)
0    ... 
318  -O                                                                        (1 = 100.0%) {0.0%}
378  ... 

Histogram: Content.Classification.OpenGraph recorded 1 samples, mean = 4.0 (flags = 0x41)
0  ... 
4  -O                                                                        (1 = 100.0%) {0.0%}
5  ... 

Histogram: ContentSettings.AllowStorageAccessSync recorded 4 samples, mean = 0.0 (flags = 0x41)
0  ----O                                                                     (4 = 100.0%)
1  ... 

Histogram: ContentSettings.GetContentSetting.Network.Duration recorded 364 samples, mean = 0.4 (flags = 0x41)
0  ------------------------------------------------------------------------O (260 = 71.4%)
1  -----------------------O                                                  (84 = 23.1%) {71.4%}
2  ----O                                                                     (13 = 3.6%) {94.5%}
3  -O                                                                        (5 = 1.4%) {98.1%}
4  O                                                                         (0 = 0.0%) {99.5%}
5  O                                                                         (1 = 0.3%) {99.5%}
7  O                                                                         (1 = 0.3%) {99.7%}
9  ... 

Histogram: ContentSettings.GetCookieSettingInternal.Duration recorded 114 samples, mean = 3.9 (flags = 0x41)
0   -O                                                                        (1 = 0.9%)
1   -------------------------------------------------------O                  (55 = 48.2%) {0.9%}
2   --------------O                                                           (14 = 12.3%) {49.1%}
3   ----------O                                                               (10 = 8.8%) {61.4%}
4   -----O                                                                    (5 = 4.4%) {70.2%}
5   ---------O                                                                (9 = 7.9%) {74.6%}
7   ------O                                                                   (6 = 5.3%) {82.5%}
9   ----O                                                                     (4 = 3.5%) {87.7%}
12  -----O                                                                    (5 = 4.4%) {91.2%}
16  ---O                                                                      (3 = 2.6%) {95.6%}
21  -O                                                                        (1 = 0.9%) {98.2%}
28  -O                                                                        (1 = 0.9%) {99.1%}
37  ... 

Histogram: ContentSettings.NumberOfExceptions recorded 1 samples, mean = 3.0 (flags = 0x41)
0  ... 
3  -O                                                                        (1 = 100.0%) {0.0%}
4  ... 

Histogram: ContentSettings.Popups.StrongBlockerActions recorded 1 samples, mean = 0.0 (flags = 0x41)
0  -O                                                                        (1 = 100.0%)
1  ... 

Histogram: ContentSettings.RegularProfile.DefaultAutoVerifySetting recorded 1 samples, mean = 1.0 (flags = 0x41)
0  O                                                                         (0 = 0.0%)
1  -O                                                                        (1 = 100.0%) {0.0%}
2  ... 

Histogram: ContentSettings.RegularProfile.DefaultAutoplaySetting recorded 1 samples, mean = 1.0 (flags = 0x41)
0  O                                                                         (0 = 0.0%)
1  -O                                                                        (1 = 100.0%) {0.0%}
2  ... 

Histogram: ContentSettings.RegularProfile.DefaultBackgroundSyncSetting recorded 1 samples, mean = 1.0 (flags = 0x41)
0  O                                                                         (0 = 0.0%)
1  -O                                                                        (1 = 100.0%) {0.0%}
2  ... 

Histogram: ContentSettings.RegularProfile.DefaultCookiesSetting recorded 1 samples, mean = 1.0 (flags = 0x41)
0  O                                                                         (0 = 0.0%)
1  -O                                                                        (1 = 100.0%) {0.0%}
2  ... 

Histogram: ContentSettings.RegularProfile.DefaultIdleDetectionSetting recorded 1 samples, mean = 3.0 (flags = 0x41)
0  ... 
3  -O                                                                        (1 = 100.0%) {0.0%}
4  ... 

Histogram: ContentSettings.RegularProfile.DefaultImagesSetting recorded 1 samples, mean = 1.0 (flags = 0x41)
0  O                                                                         (0 = 0.0%)
1  -O                                                                        (1 = 100.0%) {0.0%}
2  ... 

Histogram: ContentSettings.RegularProfile.DefaultJavaScriptSetting recorded 1 samples, mean = 1.0 (flags = 0x41)
0  O                                                                         (0 = 0.0%)
1  -O                                                                        (1 = 100.0%) {0.0%}
2  ... 

Histogram: ContentSettings.RegularProfile.DefaultLocationSetting recorded 1 samples, mean = 3.0 (flags = 0x41)
0  ... 
3  -O                                                                        (1 = 100.0%) {0.0%}
4  ... 

Histogram: ContentSettings.RegularProfile.DefaultMIDISysExSetting recorded 1 samples, mean = 3.0 (flags = 0x41)
0  ... 
3  -O                                                                        (1 = 100.0%) {0.0%}
4  ... 

Histogram: ContentSettings.RegularProfile.DefaultMediaStreamCameraSetting recorded 1 samples, mean = 3.0 (flags = 0x41)
0  ... 
3  -O                                                                        (1 = 100.0%) {0.0%}
4  ... 

Histogram: ContentSettings.RegularProfile.DefaultMediaStreamMicSetting recorded 1 samples, mean = 3.0 (flags = 0x41)
0  ... 
3  -O                                                                        (1 = 100.0%) {0.0%}
4  ... 

Histogram: ContentSettings.RegularProfile.DefaultNotificationsSetting recorded 1 samples, mean = 3.0 (flags = 0x41)
0  ... 
3  -O                                                                        (1 = 100.0%) {0.0%}
4  ... 

Histogram: ContentSettings.RegularProfile.DefaultPopupsSetting recorded 1 samples, mean = 2.0 (flags = 0x41)
0  ... 
2  -O                                                                        (1 = 100.0%) {0.0%}
3  ... 

Histogram: ContentSettings.RegularProfile.DefaultSoundSetting recorded 1 samples, mean = 1.0 (flags = 0x41)
0  O                                                                         (0 = 0.0%)
1  -O                                                                        (1 = 100.0%) {0.0%}
2  ... 

Histogram: ContentSettings.RegularProfile.DefaultStorageAccessSetting recorded 1 samples, mean = 3.0 (flags = 0x41)
0  ... 
3  -O                                                                        (1 = 100.0%) {0.0%}
4  ... 

Histogram: ContentSettings.RegularProfile.DefaultSubresourceFilterSetting recorded 1 samples, mean = 2.0 (flags = 0x41)
0  ... 
2  -O                                                                        (1 = 100.0%) {0.0%}
3  ... 

Histogram: ContentSettings.RegularProfile.DefaultUsbGuardSetting recorded 1 samples, mean = 3.0 (flags = 0x41)
0  ... 
3  -O                                                                        (1 = 100.0%) {0.0%}
4  ... 

Histogram: ContentSettings.RegularProfile.DefaultWebBluetoothGuardSetting recorded 1 samples, mean = 3.0 (flags = 0x41)
0  ... 
3  -O                                                                        (1 = 100.0%) {0.0%}
4  ... 

Histogram: ContentSettings.RegularProfile.Exceptions.3pcd-heuristics-grants recorded 1 samples, mean = 0.0 (flags = 0x41)
0  -O                                                                        (1 = 100.0%)
1  ... 

Histogram: ContentSettings.RegularProfile.Exceptions.3pcd-support recorded 1 samples, mean = 0.0 (flags = 0x41)
0  -O                                                                        (1 = 100.0%)
1  ... 

Histogram: ContentSettings.RegularProfile.Exceptions.abusive-notification-permissions recorded 1 samples, mean = 0.0 (flags = 0x41)
0  -O                                                                        (1 = 100.0%)
1  ... 

Histogram: ContentSettings.RegularProfile.Exceptions.access-to-get-all-screens-media-in-session recorded 1 samples, mean = 0.0 (flags = 0x41)
0  -O                                                                        (1 = 100.0%)
1  ... 

Histogram: ContentSettings.RegularProfile.Exceptions.accessibility-events recorded 1 samples, mean = 0.0 (flags = 0x41)
0  -O                                                                        (1 = 100.0%)
1  ... 

Histogram: ContentSettings.RegularProfile.Exceptions.anti-abuse recorded 1 samples, mean = 0.0 (flags = 0x41)
0  -O                                                                        (1 = 100.0%)
1  ... 

Histogram: ContentSettings.RegularProfile.Exceptions.app-banner recorded 1 samples, mean = 0.0 (flags = 0x41)
0  -O                                                                        (1 = 100.0%)
1  ... 

Histogram: ContentSettings.RegularProfile.Exceptions.ar recorded 1 samples, mean = 0.0 (flags = 0x41)
0  -O                                                                        (1 = 100.0%)
1  ... 

Histogram: ContentSettings.RegularProfile.Exceptions.auto-picture-in-picture recorded 1 samples, mean = 0.0 (flags = 0x41)
0  -O                                                                        (1 = 100.0%)
1  ... 

Histogram: ContentSettings.RegularProfile.Exceptions.auto-select-certificate recorded 1 samples, mean = 0.0 (flags = 0x41)
0  -O                                                                        (1 = 100.0%)
1  ... 

Histogram: ContentSettings.RegularProfile.Exceptions.automatic-downloads recorded 1 samples, mean = 0.0 (flags = 0x41)
0  -O                                                                        (1 = 100.0%)
1  ... 

Histogram: ContentSettings.RegularProfile.Exceptions.automatic-fullscreen recorded 1 samples, mean = 0.0 (flags = 0x41)
0  -O                                                                        (1 = 100.0%)
1  ... 

Histogram: ContentSettings.RegularProfile.Exceptions.autoplay recorded 1 samples, mean = 0.0 (flags = 0x41)
0  -O                                                                        (1 = 100.0%)
1  ... 

Histogram: ContentSettings.RegularProfile.Exceptions.background-sync recorded 1 samples, mean = 0.0 (flags = 0x41)
0  -O                                                                        (1 = 100.0%)
1  ... 

Histogram: ContentSettings.RegularProfile.Exceptions.bluetooth-chooser-data recorded 1 samples, mean = 0.0 (flags = 0x41)
0  -O                                                                        (1 = 100.0%)
1  ... 

Histogram: ContentSettings.RegularProfile.Exceptions.bluetooth-guard recorded 1 samples, mean = 0.0 (flags = 0x41)
0  -O                                                                        (1 = 100.0%)
1  ... 

Histogram: ContentSettings.RegularProfile.Exceptions.bluetooth-scanning recorded 1 samples, mean = 0.0 (flags = 0x41)
0  -O                                                                        (1 = 100.0%)
1  ... 

Histogram: ContentSettings.RegularProfile.Exceptions.camera-pan-tilt-zoom recorded 1 samples, mean = 0.0 (flags = 0x41)
0  -O                                                                        (1 = 100.0%)
1  ... 

Histogram: ContentSettings.RegularProfile.Exceptions.captured-surface-control recorded 1 samples, mean = 0.0 (flags = 0x41)
0  -O                                                                        (1 = 100.0%)
1  ... 

Histogram: ContentSettings.RegularProfile.Exceptions.client-hints recorded 1 samples, mean = 0.0 (flags = 0x41)
0  -O                                                                        (1 = 100.0%)
1  ... 

Histogram: ContentSettings.RegularProfile.Exceptions.clipboard recorded 1 samples, mean = 0.0 (flags = 0x41)
0  -O                                                                        (1 = 100.0%)
1  ... 

Histogram: ContentSettings.RegularProfile.Exceptions.cookie-controls-metadata recorded 1 samples, mean = 0.0 (flags = 0x41)
0  -O                                                                        (1 = 100.0%)
1  ... 

Histogram: ContentSettings.RegularProfile.Exceptions.cookies recorded 1 samples, mean = 0.0 (flags = 0x41)
0  -O                                                                        (1 = 100.0%)
1  ... 

Histogram: ContentSettings.RegularProfile.Exceptions.cookies.Allow recorded 1 samples, mean = 0.0 (flags = 0x41)
0  -O                                                                        (1 = 100.0%)
1  ... 

Histogram: ContentSettings.RegularProfile.Exceptions.cookies.AllowThirdParty recorded 1 samples, mean = 0.0 (flags = 0x41)
0  -O                                                                        (1 = 100.0%)
1  ... 

Histogram: ContentSettings.RegularProfile.Exceptions.cookies.Block recorded 1 samples, mean = 0.0 (flags = 0x41)
0  -O                                                                        (1 = 100.0%)
1  ... 

Histogram: ContentSettings.RegularProfile.Exceptions.cookies.DomainWildcardAllowThirdParty recorded 1 samples, mean = 0.0 (flags = 0x41)
0  -O                                                                        (1 = 100.0%)
1  ... 

Histogram: ContentSettings.RegularProfile.Exceptions.cookies.SessionOnly recorded 1 samples, mean = 0.0 (flags = 0x41)
0  -O                                                                        (1 = 100.0%)
1  ... 

Histogram: ContentSettings.RegularProfile.Exceptions.cookies.TemporaryAllowThirdParty recorded 1 samples, mean = 0.0 (flags = 0x41)
0  -O                                                                        (1 = 100.0%)
1  ... 

Histogram: ContentSettings.RegularProfile.Exceptions.direct-sockets recorded 1 samples, mean = 0.0 (flags = 0x41)
0  -O                                                                        (1 = 100.0%)
1  ... 

Histogram: ContentSettings.RegularProfile.Exceptions.display-media-system-audio recorded 1 samples, mean = 0.0 (flags = 0x41)
0  -O                                                                        (1 = 100.0%)
1  ... 

Histogram: ContentSettings.RegularProfile.Exceptions.durable-storage recorded 1 samples, mean = 0.0 (flags = 0x41)
0  -O                                                                        (1 = 100.0%)
1  ... 

Histogram: ContentSettings.RegularProfile.Exceptions.fedcm-idp-registration recorded 1 samples, mean = 0.0 (flags = 0x41)
0  -O                                                                        (1 = 100.0%)
1  ... 

Histogram: ContentSettings.RegularProfile.Exceptions.fedcm-idp-signin recorded 1 samples, mean = 1.0 (flags = 0x41)
0  O                                                                         (0 = 0.0%)
1  -O                                                                        (1 = 100.0%) {0.0%}
2  ... 

Histogram: ContentSettings.RegularProfile.Exceptions.fedcm-share recorded 1 samples, mean = 0.0 (flags = 0x41)
0  -O                                                                        (1 = 100.0%)
1  ... 

Histogram: ContentSettings.RegularProfile.Exceptions.file-system-access-chooser-data recorded 1 samples, mean = 0.0 (flags = 0x41)
0  -O                                                                        (1 = 100.0%)
1  ... 

Histogram: ContentSettings.RegularProfile.Exceptions.file-system-access-extended-permission recorded 1 samples, mean = 0.0 (flags = 0x41)
0  -O                                                                        (1 = 100.0%)
1  ... 

Histogram: ContentSettings.RegularProfile.Exceptions.file-system-access-restore-permission recorded 1 samples, mean = 0.0 (flags = 0x41)
0  -O                                                                        (1 = 100.0%)
1  ... 

Histogram: ContentSettings.RegularProfile.Exceptions.file-system-last-picked-directory recorded 1 samples, mean = 0.0 (flags = 0x41)
0  -O                                                                        (1 = 100.0%)
1  ... 

Histogram: ContentSettings.RegularProfile.Exceptions.file-system-read-guard recorded 1 samples, mean = 0.0 (flags = 0x41)
0  -O                                                                        (1 = 100.0%)
1  ... 

Histogram: ContentSettings.RegularProfile.Exceptions.file-system-write-guard recorded 1 samples, mean = 0.0 (flags = 0x41)
0  -O                                                                        (1 = 100.0%)
1  ... 

Histogram: ContentSettings.RegularProfile.Exceptions.formfill-metadata recorded 1 samples, mean = 0.0 (flags = 0x41)
0  -O                                                                        (1 = 100.0%)
1  ... 

Histogram: ContentSettings.RegularProfile.Exceptions.geolocation recorded 1 samples, mean = 0.0 (flags = 0x41)
0  -O                                                                        (1 = 100.0%)
1  ... 

Histogram: ContentSettings.RegularProfile.Exceptions.hid-chooser-data recorded 1 samples, mean = 0.0 (flags = 0x41)
0  -O                                                                        (1 = 100.0%)
1  ... 

Histogram: ContentSettings.RegularProfile.Exceptions.hid-guard recorded 1 samples, mean = 0.0 (flags = 0x41)
0  -O                                                                        (1 = 100.0%)
1  ... 

Histogram: ContentSettings.RegularProfile.Exceptions.http-allowed recorded 1 samples, mean = 0.0 (flags = 0x41)
0  -O                                                                        (1 = 100.0%)
1  ... 

Histogram: ContentSettings.RegularProfile.Exceptions.https-enforced recorded 1 samples, mean = 0.0 (flags = 0x41)
0  -O                                                                        (1 = 100.0%)
1  ... 

Histogram: ContentSettings.RegularProfile.Exceptions.idle-detection recorded 1 samples, mean = 0.0 (flags = 0x41)
0  -O                                                                        (1 = 100.0%)
1  ... 

Histogram: ContentSettings.RegularProfile.Exceptions.images recorded 1 samples, mean = 0.0 (flags = 0x41)
0  -O                                                                        (1 = 100.0%)
1  ... 

Histogram: ContentSettings.RegularProfile.Exceptions.important-site-info recorded 1 samples, mean = 0.0 (flags = 0x41)
0  -O                                                                        (1 = 100.0%)
1  ... 

Histogram: ContentSettings.RegularProfile.Exceptions.insecure-private-network recorded 1 samples, mean = 0.0 (flags = 0x41)
0  -O                                                                        (1 = 100.0%)
1  ... 

Histogram: ContentSettings.RegularProfile.Exceptions.intent-picker-auto-display recorded 1 samples, mean = 0.0 (flags = 0x41)
0  -O                                                                        (1 = 100.0%)
1  ... 

Histogram: ContentSettings.RegularProfile.Exceptions.javascript recorded 1 samples, mean = 0.0 (flags = 0x41)
0  -O                                                                        (1 = 100.0%)
1  ... 

Histogram: ContentSettings.RegularProfile.Exceptions.javascript-jit recorded 1 samples, mean = 0.0 (flags = 0x41)
0  -O                                                                        (1 = 100.0%)
1  ... 

Histogram: ContentSettings.RegularProfile.Exceptions.javascript-optimizer recorded 1 samples, mean = 0.0 (flags = 0x41)
0  -O                                                                        (1 = 100.0%)
1  ... 

Histogram: ContentSettings.RegularProfile.Exceptions.keyboard-lock recorded 1 samples, mean = 0.0 (flags = 0x41)
0  -O                                                                        (1 = 100.0%)
1  ... 

Histogram: ContentSettings.RegularProfile.Exceptions.legacy-cookie-access recorded 1 samples, mean = 0.0 (flags = 0x41)
0  -O                                                                        (1 = 100.0%)
1  ... 

Histogram: ContentSettings.RegularProfile.Exceptions.local-fonts recorded 1 samples, mean = 0.0 (flags = 0x41)
0  -O                                                                        (1 = 100.0%)
1  ... 

Histogram: ContentSettings.RegularProfile.Exceptions.media-engagement recorded 1 samples, mean = 1.0 (flags = 0x41)
0  O                                                                         (0 = 0.0%)
1  -O                                                                        (1 = 100.0%) {0.0%}
2  ... 

Histogram: ContentSettings.RegularProfile.Exceptions.media-stream-camera recorded 1 samples, mean = 0.0 (flags = 0x41)
0  -O                                                                        (1 = 100.0%)
1  ... 

Histogram: ContentSettings.RegularProfile.Exceptions.media-stream-mic recorded 1 samples, mean = 0.0 (flags = 0x41)
0  -O                                                                        (1 = 100.0%)
1  ... 

Histogram: ContentSettings.RegularProfile.Exceptions.midi-sysex recorded 1 samples, mean = 0.0 (flags = 0x41)
0  -O                                                                        (1 = 100.0%)
1  ... 

Histogram: ContentSettings.RegularProfile.Exceptions.mixed-script recorded 1 samples, mean = 0.0 (flags = 0x41)
0  -O                                                                        (1 = 100.0%)
1  ... 

Histogram: ContentSettings.RegularProfile.Exceptions.nfc-devices recorded 1 samples, mean = 0.0 (flags = 0x41)
0  -O                                                                        (1 = 100.0%)
1  ... 

Histogram: ContentSettings.RegularProfile.Exceptions.notification-interactions recorded 1 samples, mean = 0.0 (flags = 0x41)
0  -O                                                                        (1 = 100.0%)
1  ... 

Histogram: ContentSettings.RegularProfile.Exceptions.notification-permission-review recorded 1 samples, mean = 0.0 (flags = 0x41)
0  -O                                                                        (1 = 100.0%)
1  ... 

Histogram: ContentSettings.RegularProfile.Exceptions.notifications recorded 1 samples, mean = 0.0 (flags = 0x41)
0  -O                                                                        (1 = 100.0%)
1  ... 

Histogram: ContentSettings.RegularProfile.Exceptions.password-protection recorded 1 samples, mean = 0.0 (flags = 0x41)
0  -O                                                                        (1 = 100.0%)
1  ... 

Histogram: ContentSettings.RegularProfile.Exceptions.payment-handler recorded 1 samples, mean = 0.0 (flags = 0x41)
0  -O                                                                        (1 = 100.0%)
1  ... 

Histogram: ContentSettings.RegularProfile.Exceptions.permission-autoblocking-data recorded 1 samples, mean = 0.0 (flags = 0x41)
0  -O                                                                        (1 = 100.0%)
1  ... 

Histogram: ContentSettings.RegularProfile.Exceptions.permission-autorevocation-data recorded 1 samples, mean = 0.0 (flags = 0x41)
0  -O                                                                        (1 = 100.0%)
1  ... 

Histogram: ContentSettings.RegularProfile.Exceptions.pointer-lock recorded 1 samples, mean = 0.0 (flags = 0x41)
0  -O                                                                        (1 = 100.0%)
1  ... 

Histogram: ContentSettings.RegularProfile.Exceptions.popups recorded 1 samples, mean = 0.0 (flags = 0x41)
0  -O                                                                        (1 = 100.0%)
1  ... 

Histogram: ContentSettings.RegularProfile.Exceptions.popups.Allow recorded 1 samples, mean = 0.0 (flags = 0x41)
0  -O                                                                        (1 = 100.0%)
1  ... 

Histogram: ContentSettings.RegularProfile.Exceptions.popups.Block recorded 1 samples, mean = 0.0 (flags = 0x41)
0  -O                                                                        (1 = 100.0%)
1  ... 

Histogram: ContentSettings.RegularProfile.Exceptions.private-network-chooser-data recorded 1 samples, mean = 0.0 (flags = 0x41)
0  -O                                                                        (1 = 100.0%)
1  ... 

Histogram: ContentSettings.RegularProfile.Exceptions.private-network-guard recorded 1 samples, mean = 0.0 (flags = 0x41)
0  -O                                                                        (1 = 100.0%)
1  ... 

Histogram: ContentSettings.RegularProfile.Exceptions.protected-media-identifier recorded 1 samples, mean = 0.0 (flags = 0x41)
0  -O                                                                        (1 = 100.0%)
1  ... 

Histogram: ContentSettings.RegularProfile.Exceptions.protocol-handler recorded 1 samples, mean = 0.0 (flags = 0x41)
0  -O                                                                        (1 = 100.0%)
1  ... 

Histogram: ContentSettings.RegularProfile.Exceptions.reduced-accept-language recorded 1 samples, mean = 0.0 (flags = 0x41)
0  -O                                                                        (1 = 100.0%)
1  ... 

Histogram: ContentSettings.RegularProfile.Exceptions.safe-browsing-url-check-data recorded 1 samples, mean = 0.0 (flags = 0x41)
0  -O                                                                        (1 = 100.0%)
1  ... 

Histogram: ContentSettings.RegularProfile.Exceptions.sensors recorded 1 samples, mean = 0.0 (flags = 0x41)
0  -O                                                                        (1 = 100.0%)
1  ... 

Histogram: ContentSettings.RegularProfile.Exceptions.serial-chooser-data recorded 1 samples, mean = 0.0 (flags = 0x41)
0  -O                                                                        (1 = 100.0%)
1  ... 

Histogram: ContentSettings.RegularProfile.Exceptions.serial-guard recorded 1 samples, mean = 0.0 (flags = 0x41)
0  -O                                                                        (1 = 100.0%)
1  ... 

Histogram: ContentSettings.RegularProfile.Exceptions.site-engagement recorded 1 samples, mean = 1.0 (flags = 0x41)
0  O                                                                         (0 = 0.0%)
1  -O                                                                        (1 = 100.0%) {0.0%}
2  ... 

Histogram: ContentSettings.RegularProfile.Exceptions.sound recorded 1 samples, mean = 0.0 (flags = 0x41)
0  -O                                                                        (1 = 100.0%)
1  ... 

Histogram: ContentSettings.RegularProfile.Exceptions.speaker-selection recorded 1 samples, mean = 0.0 (flags = 0x41)
0  -O                                                                        (1 = 100.0%)
1  ... 

Histogram: ContentSettings.RegularProfile.Exceptions.ssl-cert-decisions recorded 1 samples, mean = 0.0 (flags = 0x41)
0  -O                                                                        (1 = 100.0%)
1  ... 

Histogram: ContentSettings.RegularProfile.Exceptions.storage-access recorded 1 samples, mean = 0.0 (flags = 0x41)
0  -O                                                                        (1 = 100.0%)
1  ... 

Histogram: ContentSettings.RegularProfile.Exceptions.storage-access-header-origin-trial recorded 1 samples, mean = 0.0 (flags = 0x41)
0  -O                                                                        (1 = 100.0%)
1  ... 

Histogram: ContentSettings.RegularProfile.Exceptions.storage-access.Allow recorded 1 samples, mean = 0.0 (flags = 0x41)
0  -O                                                                        (1 = 100.0%)
1  ... 

Histogram: ContentSettings.RegularProfile.Exceptions.storage-access.Ask recorded 1 samples, mean = 0.0 (flags = 0x41)
0  -O                                                                        (1 = 100.0%)
1  ... 

Histogram: ContentSettings.RegularProfile.Exceptions.storage-access.Block recorded 1 samples, mean = 0.0 (flags = 0x41)
0  -O                                                                        (1 = 100.0%)
1  ... 

Histogram: ContentSettings.RegularProfile.Exceptions.storage-access.MaxRequester recorded 1 samples, mean = 0.0 (flags = 0x41)
0  -O                                                                        (1 = 100.0%)
1  ... 

Histogram: ContentSettings.RegularProfile.Exceptions.storage-access.MaxTopLevel recorded 1 samples, mean = 0.0 (flags = 0x41)
0  -O                                                                        (1 = 100.0%)
1  ... 

Histogram: ContentSettings.RegularProfile.Exceptions.subresource-filter recorded 1 samples, mean = 0.0 (flags = 0x41)
0  -O                                                                        (1 = 100.0%)
1  ... 

Histogram: ContentSettings.RegularProfile.Exceptions.subresource-filter-data recorded 1 samples, mean = 0.0 (flags = 0x41)
0  -O                                                                        (1 = 100.0%)
1  ... 

Histogram: ContentSettings.RegularProfile.Exceptions.subresource-filter.Allow recorded 1 samples, mean = 0.0 (flags = 0x41)
0  -O                                                                        (1 = 100.0%)
1  ... 

Histogram: ContentSettings.RegularProfile.Exceptions.subresource-filter.Block recorded 1 samples, mean = 0.0 (flags = 0x41)
0  -O                                                                        (1 = 100.0%)
1  ... 

Histogram: ContentSettings.RegularProfile.Exceptions.third-party-storage-partitioning recorded 1 samples, mean = 0.0 (flags = 0x41)
0  -O                                                                        (1 = 100.0%)
1  ... 

Histogram: ContentSettings.RegularProfile.Exceptions.top-level-3pcd-origin-trial recorded 1 samples, mean = 0.0 (flags = 0x41)
0  -O                                                                        (1 = 100.0%)
1  ... 

Histogram: ContentSettings.RegularProfile.Exceptions.top-level-3pcd-support recorded 1 samples, mean = 0.0 (flags = 0x41)
0  -O                                                                        (1 = 100.0%)
1  ... 

Histogram: ContentSettings.RegularProfile.Exceptions.top-level-storage-access recorded 1 samples, mean = 0.0 (flags = 0x41)
0  -O                                                                        (1 = 100.0%)
1  ... 

Histogram: ContentSettings.RegularProfile.Exceptions.tracking-protection recorded 1 samples, mean = 0.0 (flags = 0x41)
0  -O                                                                        (1 = 100.0%)
1  ... 

Histogram: ContentSettings.RegularProfile.Exceptions.tracking-protection.Allow recorded 1 samples, mean = 0.0 (flags = 0x41)
0  -O                                                                        (1 = 100.0%)
1  ... 

Histogram: ContentSettings.RegularProfile.Exceptions.tracking-protection.Block recorded 1 samples, mean = 0.0 (flags = 0x41)
0  -O                                                                        (1 = 100.0%)
1  ... 

Histogram: ContentSettings.RegularProfile.Exceptions.unused-site-permissions recorded 1 samples, mean = 0.0 (flags = 0x41)
0  -O                                                                        (1 = 100.0%)
1  ... 

Histogram: ContentSettings.RegularProfile.Exceptions.usb-chooser-data recorded 1 samples, mean = 0.0 (flags = 0x41)
0  -O                                                                        (1 = 100.0%)
1  ... 

Histogram: ContentSettings.RegularProfile.Exceptions.usb-guard recorded 1 samples, mean = 0.0 (flags = 0x41)
0  -O                                                                        (1 = 100.0%)
1  ... 

Histogram: ContentSettings.RegularProfile.Exceptions.vr recorded 1 samples, mean = 0.0 (flags = 0x41)
0  -O                                                                        (1 = 100.0%)
1  ... 

Histogram: ContentSettings.RegularProfile.Exceptions.webid-api recorded 1 samples, mean = 0.0 (flags = 0x41)
0  -O                                                                        (1 = 100.0%)
1  ... 

Histogram: ContentSettings.RegularProfile.Exceptions.webid-auto-reauthn recorded 1 samples, mean = 0.0 (flags = 0x41)
0  -O                                                                        (1 = 100.0%)
1  ... 

Histogram: ContentSettings.RegularProfile.Exceptions.window-placement recorded 1 samples, mean = 0.0 (flags = 0x41)
0  -O                                                                        (1 = 100.0%)
1  ... 

Histogram: Conversions.DelayOnAttestationsLoaded recorded 1 samples, mean = 6912.0 (flags = 0x41)
0     ... 
5422  -O                                                                        (1 = 100.0%) {0.0%}
6968  ... 

Histogram: Cookie.ClockSkew.ExpiredWithoutSkew recorded 3 samples, mean = 0.0 (flags = 0x41)
0  ---O                                                                      (3 = 100.0%)
1  ... 

Histogram: Cookie.ClockSkew.SubtractMinutes recorded 3 samples, mean = 0.0 (flags = 0x41)
0  ---O                                                                      (3 = 100.0%)
1  ... 

Histogram: Cookie.ClockSkew.SubtractMinutes12To24Hours recorded 3 samples, mean = 0.0 (flags = 0x41)
0  ---O                                                                      (3 = 100.0%)
720... 

Histogram: Cookie.CookiePrefix recorded 3 samples, mean = 0.0 (flags = 0x41)
0  ---O                                                                      (3 = 100.0%)
1  ... 

Histogram: Cookie.CookieSchemeRequestScheme recorded 72 samples, mean = 2.0 (flags = 0x41)
0  ... 
2  ------------------------------------------------------------------------O (72 = 100.0%) {0.0%}
3  ... 

Histogram: Cookie.CookieSourceScheme recorded 3 samples, mean = 0.0 (flags = 0x41)
0  ---O                                                                      (3 = 100.0%)
1  ... 

Histogram: Cookie.CookieSourceSchemeName recorded 3 samples, mean = 14.0 (flags = 0x41)
0   ... 
14  ---O                                                                      (3 = 100.0%) {0.0%}
15  ... 

Histogram: Cookie.CrossSiteRedirectType.Read recorded 111 samples, mean = 1.0 (flags = 0x41)
0  O                                                                         (0 = 0.0%)
1  ------------------------------------------------------------------------O (111 = 100.0%) {0.0%}
2  ... 

Histogram: Cookie.CrossSiteRedirectType.Write recorded 3 samples, mean = 1.0 (flags = 0x41)
0  O                                                                         (0 = 0.0%)
1  ---O                                                                      (3 = 100.0%) {0.0%}
2  ... 

Histogram: Cookie.DaysSinceRefreshForRetrieval recorded 3 samples, mean = 1.0 (flags = 0x41)
0  O                                                                         (0 = 0.0%)
1  ---O                                                                      (3 = 100.0%) {0.0%}
2  ... 

Histogram: Cookie.DomainHasNonASCII recorded 3 samples, mean = 0.0 (flags = 0x41)
0  ---O                                                                      (3 = 100.0%)
1  ... 

Histogram: Cookie.DomainSet recorded 3 samples, mean = 1.0 (flags = 0x41)
0  O                                                                         (0 = 0.0%)
1  ---O                                                                      (3 = 100.0%) {0.0%}
2  O                                                                         (0 = 0.0%) {100.0%}

Histogram: Cookie.DoubleUnderscorePrefixedName recorded 3 samples, mean = 0.7 (flags = 0x41)
0  -O                                                                        (1 = 33.3%)
1  --O                                                                       (2 = 66.7%) {33.3%}
2  O                                                                         (0 = 0.0%) {100.0%}

Histogram: Cookie.ExpirationDuration400DaysLTE recorded 3 samples, mean = 121.7 (flags = 0x41)
0    --O                                                                       (2 = 66.7%)
1    ... 
364  -O                                                                        (1 = 33.3%) {66.7%}
400  O                                                                         (0 = 0.0%) {100.0%}

Histogram: Cookie.ExpirationDurationMinutesSecure recorded 3 samples, mean = 175220.0 (flags = 0x41)
0       ... 
26      --O                                                                       (2 = 66.7%) {0.0%}
36      ... 
429766  -O                                                                        (1 = 33.3%) {66.7%}
587706  ... 

Histogram: Cookie.FirstPartyPartitioned.HasCrossSiteAncestor recorded 40 samples, mean = 0.0 (flags = 0x41)
0  ----------------------------------------O                                 (40 = 100.0%)
1  ... 

Histogram: Cookie.FirstPartySets.Browser.DelayedQueriesCount recorded 1 samples, mean = 2.0 (flags = 0x41)
0  ... 
2  -O                                                                        (1 = 100.0%) {0.0%}
3  ... 

Histogram: Cookie.FirstPartySets.Browser.MostDelayedQueryDelta recorded 1 samples, mean = 7341.0 (flags = 0x41)
0     ... 
7083  -O                                                                        (1 = 100.0%) {0.0%}
8416  ... 

Histogram: Cookie.FirstPartySets.ComponentSetsNonfatalErrors recorded 1 samples, mean = 0.0 (flags = 0x41)
0  -O                                                                        (1 = 100.0%)
1  ... 

Histogram: Cookie.FirstPartySets.ComponentSetsParsedSuccessfully recorded 1 samples, mean = 70.0 (flags = 0x41)
0   ... 
67  -O                                                                        (1 = 100.0%) {0.0%}
75  ... 

Histogram: Cookie.FirstPartySets.ContextDelayedQueriesCount recorded 1 samples, mean = 0.0 (flags = 0x41)
0  -O                                                                        (1 = 100.0%)
1  ... 

Histogram: Cookie.FirstPartySets.ContextMostDelayedQueryDelta recorded 1 samples, mean = 0.0 (flags = 0x41)
0  -O                                                                        (1 = 100.0%)
1  ... 

Histogram: Cookie.FirstPartySets.EnqueueingDelay.ContextConfig2 recorded 1 samples, mean = 7209.0 (flags = 0x41)
0     ... 
7083  -O                                                                        (1 = 100.0%) {0.0%}
8416  ... 

Histogram: Cookie.FirstPartySets.InitializationDuration.ContextReadyToServeQueries2 recorded 1 samples, mean = 773.0 (flags = 0x41)
0    ... 
752  -O                                                                        (1 = 100.0%) {0.0%}
894  ... 

Histogram: Cookie.FirstPartySets.InitializationDuration.ReadCommandLineSet2 recorded 1 samples, mean = 218.0 (flags = 0x41)
0    ... 
190  -O                                                                        (1 = 100.0%) {0.0%}
226  ... 

Histogram: Cookie.FirstPartySets.InitializationDuration.ReadComponentSets2 recorded 1 samples, mean = 7341.0 (flags = 0x41)
0     ... 
7083  -O                                                                        (1 = 100.0%) {0.0%}
8416  ... 

Histogram: Cookie.FirstPartySets.InitializationDuration.ReadyToServeQueries2 recorded 1 samples, mean = 7270.0 (flags = 0x41)
0     ... 
7083  -O                                                                        (1 = 100.0%) {0.0%}
8416  ... 

Histogram: Cookie.FirstPartySets.Network.DelayedQueriesCount recorded 1 samples, mean = 0.0 (flags = 0x41)
0  -O                                                                        (1 = 100.0%)
1  ... 

Histogram: Cookie.FirstPartySets.Network.MostDelayedQueryDelta recorded 1 samples, mean = 0.0 (flags = 0x41)
0  -O                                                                        (1 = 100.0%)
1  ... 

Histogram: Cookie.FirstPartySets.ProcessedEntireComponent recorded 1 samples, mean = 1.0 (flags = 0x41)
0  O                                                                         (0 = 0.0%)
1  -O                                                                        (1 = 100.0%) {0.0%}
2  O                                                                         (0 = 0.0%) {100.0%}

Histogram: Cookie.FromStorageWithValidLength recorded 62 samples, mean = 1.0 (flags = 0x41)
0  O                                                                         (0 = 0.0%)
1  --------------------------------------------------------------O           (62 = 100.0%) {0.0%}
2  O                                                                         (0 = 0.0%) {100.0%}

Histogram: Cookie.HasNonASCII.Name recorded 3 samples, mean = 0.0 (flags = 0x41)
0  ---O                                                                      (3 = 100.0%)
1  ... 

Histogram: Cookie.HasNonASCII.Value recorded 3 samples, mean = 0.0 (flags = 0x41)
0  ---O                                                                      (3 = 100.0%)
1  ... 

Histogram: Cookie.IncludedRequestEffectiveSameSite recorded 109 samples, mean = 0.0 (flags = 0x41)
0  ------------------------------------------------------------------------O (109 = 100.0%)
1  ... 

Histogram: Cookie.IncludedResponseEffectiveSameSite recorded 3 samples, mean = 0.0 (flags = 0x41)
0  ---O                                                                      (3 = 100.0%)
1  ... 

Histogram: Cookie.IsPartitionedValid recorded 1 samples, mean = 1.0 (flags = 0x41)
0  O                                                                         (0 = 0.0%)
1  -O                                                                        (1 = 100.0%) {0.0%}
2  O                                                                         (0 = 0.0%) {100.0%}

Histogram: Cookie.NameOrValueHtab recorded 3 samples, mean = 0.0 (flags = 0x41)
0  ---O                                                                      (3 = 100.0%)
1  ... 

Histogram: Cookie.OnCookiesAccessed.BatchSize recorded 8 samples, mean = 1.1 (flags = 0x41)
0  O                                                                         (0 = 0.0%)
1  -------O                                                                  (7 = 87.5%) {0.0%}
2  -O                                                                        (1 = 12.5%) {87.5%}
3  ... 

Histogram: Cookie.OnCookiesAccessed.TotalAccesses recorded 8 samples, mean = 2.0 (flags = 0x41)
0  O                                                                         (0 = 0.0%)
1  -O                                                                        (1 = 12.5%) {0.0%}
2  ------O                                                                   (6 = 75.0%) {12.5%}
3  -O                                                                        (1 = 12.5%) {87.5%}
4  ... 

Histogram: Cookie.PartitionedCookiesInRequest recorded 37 samples, mean = 1.0 (flags = 0x41)
0  O                                                                         (0 = 0.0%)
1  -------------------------------------O                                    (37 = 100.0%) {0.0%}
2  ... 

Histogram: Cookie.Port.Read.RemoteHost recorded 109 samples, mean = 7.0 (flags = 0x41)
0  ... 
7  ------------------------------------------------------------------------O (109 = 100.0%) {0.0%}
8  ... 

Histogram: Cookie.Port.ReadDiffersFromSet.DomainSet recorded 109 samples, mean = 4.0 (flags = 0x41)
0  ... 
4  ------------------------------------------------------------------------O (109 = 100.0%) {0.0%}
5  O                                                                         (0 = 0.0%) {100.0%}

Histogram: Cookie.Port.ReadDiffersFromSet.RemoteHost recorded 109 samples, mean = 4.0 (flags = 0x41)
0  ... 
4  ------------------------------------------------------------------------O (109 = 100.0%) {0.0%}
5  O                                                                         (0 = 0.0%) {100.0%}

Histogram: Cookie.Port.Set.RemoteHost recorded 3 samples, mean = 7.0 (flags = 0x41)
0  ... 
7  ---O                                                                      (3 = 100.0%) {0.0%}
8  ... 

Histogram: Cookie.RequestSameSiteContext recorded 111 samples, mean = 3.0 (flags = 0x41)
0  ... 
3  ------------------------------------------------------------------------O (111 = 100.0%) {0.0%}
4  O                                                                         (0 = 0.0%) {100.0%}

Histogram: Cookie.SameSiteAttributeValue recorded 3 samples, mean = 5.0 (flags = 0x41)
0  ... 
5  ---O                                                                      (3 = 100.0%) {0.0%}
6  ... 

Histogram: Cookie.SameSiteNoneSizeBytes recorded 3 samples, mean = 221.3 (flags = 0x41)
0    ... 
160  --O                                                                       (2 = 66.7%) {0.0%}
190  ... 
268  -O                                                                        (1 = 33.3%) {66.7%}
318  ... 

Histogram: Cookie.SameSiteNoneSizeBytes.Partitioned recorded 1 samples, mean = 310.0 (flags = 0x41)
0    ... 
268  -O                                                                        (1 = 100.0%) {0.0%}
318  ... 

Histogram: Cookie.SameSiteNoneSizeBytes.Unpartitioned recorded 2 samples, mean = 177.0 (flags = 0x41)
0    ... 
160  --O                                                                       (2 = 100.0%) {0.0%}
190  ... 

Histogram: Cookie.SourceType recorded 6 samples, mean = 1.0 (flags = 0x41)
0  O                                                                         (0 = 0.0%)
1  ------O                                                                   (6 = 100.0%) {0.0%}
2  ... 

Histogram: Cookie.TimeBlockedOnLoad recorded 2 samples, mean = 171.5 (flags = 0x41)
0    O                                                                         (0 = 0.0%)
1    -O                                                                        (1 = 50.0%) {0.0%}
2    ... 
278  -O                                                                        (1 = 50.0%) {50.0%}
345  ... 

Histogram: Cookie.TimeInitializeDB recorded 2 samples, mean = 1.0 (flags = 0x41)
0  O                                                                         (0 = 0.0%)
1  --O                                                                       (2 = 100.0%) {0.0%}
2  ... 

Histogram: Cookie.TimeOpsBlockedDueToGlobalOp recorded 2 samples, mean = 0.5 (flags = 0x41)
0  -O                                                                        (1 = 50.0%)
1  -O                                                                        (1 = 50.0%) {50.0%}
2  ... 

Histogram: Cookie.Type2 recorded 6 samples, mean = 14.0 (flags = 0x41)
0   ... 
14  ------O                                                                   (6 = 100.0%) {0.0%}
15  ... 

Histogram: Crypto.TPMDuration.MessageSigningECDSA recorded 1 samples, mean = 232.0 (flags = 0x41)
0    ... 
220  -O                                                                        (1 = 100.0%) {0.0%}
280  ... 

Histogram: Crypto.TPMDuration.NewKeyCreationECDSA recorded 1 samples, mean = 588.0 (flags = 0x41)
0    ... 
574  -O                                                                        (1 = 100.0%) {0.0%}
729  ... 

Histogram: Crypto.TPMDuration.Virtual.MessageSigningECDSA recorded 1 samples, mean = 0.0 (flags = 0x41)
0  -O                                                                        (1 = 100.0%)
1  ... 

Histogram: Crypto.TPMDuration.Virtual.NewKeyCreationECDSA recorded 1 samples, mean = 11.0 (flags = 0x41)
0   ... 
10  -O                                                                        (1 = 100.0%) {0.0%}
13  ... 

Histogram: Crypto.TPMDuration.Virtual.WrappedKeyCreationECDSA recorded 1 samples, mean = 3.0 (flags = 0x41)
0  ... 
3  -O                                                                        (1 = 100.0%) {0.0%}
4  ... 

Histogram: Crypto.TPMDuration.WrappedKeyCreationECDSA recorded 1 samples, mean = 217.0 (flags = 0x41)
0    ... 
173  -O                                                                        (1 = 100.0%) {0.0%}
220  ... 

Histogram: Crypto.TPMOperation.MessageSigningECDSA recorded 1 samples, mean = 1.0 (flags = 0x41)
0  O                                                                         (0 = 0.0%)
1  -O                                                                        (1 = 100.0%) {0.0%}
2  O                                                                         (0 = 0.0%) {100.0%}

Histogram: Crypto.TPMOperation.MessageVerifyECDSA recorded 1 samples, mean = 1.0 (flags = 0x41)
0  O                                                                         (0 = 0.0%)
1  -O                                                                        (1 = 100.0%) {0.0%}
2  O                                                                         (0 = 0.0%) {100.0%}

Histogram: Crypto.TPMOperation.NewKeyCreationECDSA recorded 1 samples, mean = 1.0 (flags = 0x41)
0  O                                                                         (0 = 0.0%)
1  -O                                                                        (1 = 100.0%) {0.0%}
2  O                                                                         (0 = 0.0%) {100.0%}

Histogram: Crypto.TPMOperation.Virtual.MessageSigningECDSA recorded 1 samples, mean = 1.0 (flags = 0x41)
0  O                                                                         (0 = 0.0%)
1  -O                                                                        (1 = 100.0%) {0.0%}
2  O                                                                         (0 = 0.0%) {100.0%}

Histogram: Crypto.TPMOperation.Virtual.MessageVerifyECDSA recorded 1 samples, mean = 1.0 (flags = 0x41)
0  O                                                                         (0 = 0.0%)
1  -O                                                                        (1 = 100.0%) {0.0%}
2  O                                                                         (0 = 0.0%) {100.0%}

Histogram: Crypto.TPMOperation.Virtual.NewKeyCreationECDSA recorded 1 samples, mean = 1.0 (flags = 0x41)
0  O                                                                         (0 = 0.0%)
1  -O                                                                        (1 = 100.0%) {0.0%}
2  O                                                                         (0 = 0.0%) {100.0%}

Histogram: Crypto.TPMOperation.Virtual.WrappedKeyCreationECDSA recorded 1 samples, mean = 1.0 (flags = 0x41)
0  O                                                                         (0 = 0.0%)
1  -O                                                                        (1 = 100.0%) {0.0%}
2  O                                                                         (0 = 0.0%) {100.0%}

Histogram: Crypto.TPMOperation.WrappedKeyCreationECDSA recorded 1 samples, mean = 1.0 (flags = 0x41)
0  O                                                                         (0 = 0.0%)
1  -O                                                                        (1 = 100.0%) {0.0%}
2  O                                                                         (0 = 0.0%) {100.0%}

Histogram: Crypto.TPMSupport2 recorded 1 samples, mean = 2.0 (flags = 0x41)
0  ... 
2  -O                                                                        (1 = 100.0%) {0.0%}
3  O                                                                         (0 = 0.0%) {100.0%}

Histogram: Crypto.TPMSupportType recorded 1 samples, mean = 3.0 (flags = 0x41)
0  ... 
3  -O                                                                        (1 = 100.0%) {0.0%}
4  O                                                                         (0 = 0.0%) {100.0%}

Histogram: Crypto.VirtualKeySupport recorded 1 samples, mean = 2.0 (flags = 0x41)
0  ... 
2  -O                                                                        (1 = 100.0%) {0.0%}
3  O                                                                         (0 = 0.0%) {100.0%}

Histogram: DOMStorage.CommitMeasuredDelay recorded 4 samples, mean = 3720.2 (flags = 0x41)
0     ... 
9     -O                                                                        (1 = 25.0%) {0.0%}
10    ... 
4249  -O                                                                        (1 = 25.0%) {25.0%}
4904  --O                                                                       (2 = 50.0%) {50.0%}
5660  ... 

Histogram: DOMStorage.CommitSizeBytes recorded 2 samples, mean = 4662.5 (flags = 0x41)
0     ... 
4601  --O                                                                       (2 = 100.0%) {0.0%}
5187  ... 

Histogram: DataUse.BytesReceived3.Delegate recorded 22 samples, mean = 6217.4 (flags = 0x41)
0      ... 
64     -O                                                                        (1 = 4.5%) {0.0%}
83     ... 
178    ------O                                                                   (6 = 27.3%) {4.5%}
230    --O                                                                       (2 = 9.1%) {31.8%}
297    ---O                                                                      (3 = 13.6%) {40.9%}
383    -O                                                                        (1 = 4.5%) {54.5%}
494    --O                                                                       (2 = 9.1%) {59.1%}
637    ... 
2271   -O                                                                        (1 = 4.5%) {68.2%}
2928   ---O                                                                      (3 = 13.6%) {72.7%}
3776   ... 
10441  -O                                                                        (1 = 4.5%) {86.4%}
13464  O                                                                         (0 = 0.0%) {90.9%}
17362  -O                                                                        (1 = 4.5%) {90.9%}
22388  ... 
79817  -O                                                                        (1 = 4.5%) {95.5%}
102923 ... 

Histogram: DataUse.BytesSent3.Delegate recorded 22 samples, mean = 1910.0 (flags = 0x41)
0      ... 
21     -O                                                                        (1 = 4.5%) {0.0%}
28     ... 
196    -O                                                                        (1 = 4.5%) {4.5%}
258    O                                                                         (0 = 0.0%) {9.1%}
340    --O                                                                       (2 = 9.1%) {9.1%}
448    --O                                                                       (2 = 9.1%) {18.2%}
590    -O                                                                        (1 = 4.5%) {27.3%}
777    ------O                                                                   (6 = 27.3%) {31.8%}
1023   ----O                                                                     (4 = 18.2%) {59.1%}
1347   ---O                                                                      (3 = 13.6%) {77.3%}
1774   ... 
7031   -O                                                                        (1 = 4.5%) {90.9%}
9260   ... 
16063  -O                                                                        (1 = 4.5%) {95.5%}
21156  ... 

Histogram: DefaultBrowser.State recorded 1 samples, mean = 0.0 (flags = 0x41)
0  -O                                                                        (1 = 100.0%)
1  ... 

Histogram: DiskCache.0.Error recorded 1 samples, mean = 0.0 (flags = 0x41)
0  -O                                                                        (1 = 100.0%)
1  ... 

Histogram: DiskCache.0.TotalIOTimeRead recorded 104 samples, mean = 0.9 (flags = 0x41)
0  --------------------------------------------------------------O           (62 = 59.6%)
1  -----------------O                                                        (17 = 16.3%) {59.6%}
2  ---------O                                                                (9 = 8.7%) {76.0%}
3  ----------O                                                               (10 = 9.6%) {84.6%}
4  -----O                                                                    (5 = 4.8%) {94.2%}
5  -O                                                                        (1 = 1.0%) {99.0%}
6  ... 

Histogram: DiskCache.0.TotalIOTimeWrite recorded 38 samples, mean = 0.0 (flags = 0x41)
0  --------------------------------------O                                   (38 = 100.0%)
1  ... 

Histogram: Download.Database.IsAvailable recorded 1 samples, mean = 1.0 (flags = 0x41)
0  O                                                                         (0 = 0.0%)
1  -O                                                                        (1 = 100.0%) {0.0%}
2  O                                                                         (0 = 0.0%) {100.0%}

Histogram: Download.Service.Db.Operation.Success recorded 1 samples, mean = 0.0 (flags = 0x41)
0  -O                                                                        (1 = 100.0%)
1  ... 

Histogram: Download.Service.Db.Records recorded 1 samples, mean = 0.0 (flags = 0x41)
0  -O                                                                        (1 = 100.0%)
1  ... 

Histogram: Download.Service.Db.Records.Active recorded 1 samples, mean = 0.0 (flags = 0x41)
0  -O                                                                        (1 = 100.0%)
1  ... 

Histogram: Download.Service.Db.Records.Available recorded 1 samples, mean = 0.0 (flags = 0x41)
0  -O                                                                        (1 = 100.0%)
1  ... 

Histogram: Download.Service.Db.Records.Complete recorded 1 samples, mean = 0.0 (flags = 0x41)
0  -O                                                                        (1 = 100.0%)
1  ... 

Histogram: Download.Service.Db.Records.New recorded 1 samples, mean = 0.0 (flags = 0x41)
0  -O                                                                        (1 = 100.0%)
1  ... 

Histogram: Download.Service.Db.Records.Paused recorded 1 samples, mean = 0.0 (flags = 0x41)
0  -O                                                                        (1 = 100.0%)
1  ... 

Histogram: Download.Service.Files.CleanUp.External recorded 3 samples, mean = 0.0 (flags = 0x41)
0  ---O                                                                      (3 = 100.0%)
1  ... 

Histogram: Download.Service.Files.CleanUp.External.Orphaned recorded 1 samples, mean = 0.0 (flags = 0x41)
0  -O                                                                        (1 = 100.0%)
1  ... 

Histogram: Download.Service.Files.CleanUp.External.Timeout recorded 1 samples, mean = 0.0 (flags = 0x41)
0  -O                                                                        (1 = 100.0%)
1  ... 

Histogram: Download.Service.Files.CleanUp.External.Unknown recorded 1 samples, mean = 0.0 (flags = 0x41)
0  -O                                                                        (1 = 100.0%)
1  ... 

Histogram: Download.Service.Files.CleanUp.Failure recorded 3 samples, mean = 0.0 (flags = 0x41)
0  ---O                                                                      (3 = 100.0%)
1  ... 

Histogram: Download.Service.Files.CleanUp.Failure.Orphaned recorded 1 samples, mean = 0.0 (flags = 0x41)
0  -O                                                                        (1 = 100.0%)
1  ... 

Histogram: Download.Service.Files.CleanUp.Failure.Timeout recorded 1 samples, mean = 0.0 (flags = 0x41)
0  -O                                                                        (1 = 100.0%)
1  ... 

Histogram: Download.Service.Files.CleanUp.Failure.Unknown recorded 1 samples, mean = 0.0 (flags = 0x41)
0  -O                                                                        (1 = 100.0%)
1  ... 

Histogram: Download.Service.Files.CleanUp.Success recorded 3 samples, mean = 0.0 (flags = 0x41)
0  ---O                                                                      (3 = 100.0%)
1  ... 

Histogram: Download.Service.Files.CleanUp.Success.Orphaned recorded 1 samples, mean = 0.0 (flags = 0x41)
0  -O                                                                        (1 = 100.0%)
1  ... 

Histogram: Download.Service.Files.CleanUp.Success.Timeout recorded 1 samples, mean = 0.0 (flags = 0x41)
0  -O                                                                        (1 = 100.0%)
1  ... 

Histogram: Download.Service.Files.CleanUp.Success.Unknown recorded 1 samples, mean = 0.0 (flags = 0x41)
0  -O                                                                        (1 = 100.0%)
1  ... 

Histogram: Download.Service.StartUpStatus.Initialization recorded 1 samples, mean = 0.0 (flags = 0x41)
0  -O                                                                        (1 = 100.0%)
1  ... 

Histogram: Enterprise.TimeToFirstPolicyLoad.Profile.Unmanaged recorded 1 samples, mean = 0.0 (flags = 0x41)
0  -O                                                                        (1 = 100.0%)
1  ... 

Histogram: EnterpriseCheck.AzureADJoinStatusCheckTime recorded 1 samples, mean = 17.0 (flags = 0x41)
0   ... 
17  -O                                                                        (1 = 100.0%) {0.0%}
20  ... 

Histogram: Event.GestureCreated recorded 1 samples, mean = 12.0 (flags = 0x41)
0   ... 
12  -O                                                                        (1 = 100.0%) {0.0%}
13  ... 

Histogram: Extension.Toolbar.BrowserActionsCount2 recorded 1 samples, mean = 0.0 (flags = 0x41)
0  -O                                                                        (1 = 100.0%)
1  ... 

Histogram: ExtensionToolbarModel.BrowserActionsCount recorded 1 samples, mean = 0.0 (flags = 0x41)
0  -O                                                                        (1 = 100.0%)
1  ... 

Histogram: Extensions.AppLocation2 recorded 1 samples, mean = 5.0 (flags = 0x41)
0  ... 
5  -O                                                                        (1 = 100.0%) {0.0%}
6  ... 

Histogram: Extensions.CorruptExtensionTotalDisables recorded 1 samples, mean = 0.0 (flags = 0x41)
0  -O                                                                        (1 = 100.0%)
1  ... 

Histogram: Extensions.CorruptExtensionTotalDisables2 recorded 1 samples, mean = 0.0 (flags = 0x41)
0  -O                                                                        (1 = 100.0%)
1  ... 

Histogram: Extensions.Database.Open.State recorded 1 samples, mean = 0.0 (flags = 0x41)
0  -O                                                                        (1 = 100.0%)
1  ... 

Histogram: Extensions.DeveloperModeEnabled recorded 2 samples, mean = 0.0 (flags = 0x41)
0  --O                                                                       (2 = 100.0%)
1  ... 

Histogram: Extensions.DidCreateScriptContext_Unspecified recorded 1 samples, mean = 2.0 (flags = 0x41)
0  ... 
2  -O                                                                        (1 = 100.0%) {0.0%}
3  ... 

Histogram: Extensions.DidCreateScriptContext_WebPage recorded 3 samples, mean = 0.0 (flags = 0x41)
0  ---O                                                                      (3 = 100.0%)
1  ... 

Histogram: Extensions.Disabled recorded 1 samples, mean = 0.0 (flags = 0x41)
0  -O                                                                        (1 = 100.0%)
1  ... 

Histogram: Extensions.Disabled2 recorded 1 samples, mean = 0.0 (flags = 0x41)
0  -O                                                                        (1 = 100.0%)
1  ... 

Histogram: Extensions.DisabledForPermissions recorded 1 samples, mean = 0.0 (flags = 0x41)
0  -O                                                                        (1 = 100.0%)
1  ... 

Histogram: Extensions.DisabledForPermissions2 recorded 1 samples, mean = 0.0 (flags = 0x41)
0  -O                                                                        (1 = 100.0%)
1  ... 

Histogram: Extensions.EventlessEventPages2 recorded 1 samples, mean = 0.0 (flags = 0x41)
0  -O                                                                        (1 = 100.0%)
1  ... 

Histogram: Extensions.ExtensionLocation recorded 1 samples, mean = 5.0 (flags = 0x41)
0  ... 
5  -O                                                                        (1 = 100.0%) {0.0%}
6  ... 

Histogram: Extensions.ExtensionLocation2 recorded 1 samples, mean = 5.0 (flags = 0x41)
0  ... 
5  -O                                                                        (1 = 100.0%) {0.0%}
6  ... 

Histogram: Extensions.ExtensionsWithPageActions recorded 1 samples, mean = 0.0 (flags = 0x41)
0  -O                                                                        (1 = 100.0%)
1  ... 

Histogram: Extensions.ExternalRegistryLoaderWin recorded 1 samples, mean = 0.0 (flags = 0x40)
0  -O                                                                        (1 = 100.0%)
1  ... 

Histogram: Extensions.HomepageOverrides recorded 1 samples, mean = 0.0 (flags = 0x41)
0  -O                                                                        (1 = 100.0%)
1  ... 

Histogram: Extensions.HomepageOverrides2 recorded 1 samples, mean = 0.0 (flags = 0x41)
0  -O                                                                        (1 = 100.0%)
1  ... 

Histogram: Extensions.InjectEnd_ScriptCount recorded 3 samples, mean = 0.0 (flags = 0x41)
0  ---O                                                                      (3 = 100.0%)
1  ... 

Histogram: Extensions.InjectIdle_ScriptCount recorded 3 samples, mean = 0.0 (flags = 0x41)
0  ---O                                                                      (3 = 100.0%)
1  ... 

Histogram: Extensions.InjectStart_CssCount recorded 5 samples, mean = 0.0 (flags = 0x41)
0  -----O                                                                    (5 = 100.0%)
1  ... 

Histogram: Extensions.InjectStart_ScriptCount recorded 5 samples, mean = 0.0 (flags = 0x41)
0  -----O                                                                    (5 = 100.0%)
1  ... 

Histogram: Extensions.LoadAll recorded 1 samples, mean = 2.0 (flags = 0x41)
0  ... 
2  -O                                                                        (1 = 100.0%) {0.0%}
3  ... 

Histogram: Extensions.LoadAll2 recorded 1 samples, mean = 2.0 (flags = 0x41)
0  ... 
2  -O                                                                        (1 = 100.0%) {0.0%}
3  ... 

Histogram: Extensions.LoadAllComponentTime recorded 1 samples, mean = 3.0 (flags = 0x41)
0  ... 
3  -O                                                                        (1 = 100.0%) {0.0%}
4  ... 

Histogram: Extensions.LoadAllComponentTime.User recorded 1 samples, mean = 3.0 (flags = 0x41)
0  ... 
3  -O                                                                        (1 = 100.0%) {0.0%}
4  ... 

Histogram: Extensions.LoadAllTime2 recorded 1 samples, mean = 0.0 (flags = 0x41)
0  -O                                                                        (1 = 100.0%)
1  ... 

Histogram: Extensions.LoadAllTime2.User recorded 1 samples, mean = 0.0 (flags = 0x41)
0  -O                                                                        (1 = 100.0%)
1  ... 

Histogram: Extensions.LoadApp recorded 1 samples, mean = 0.0 (flags = 0x41)
0  -O                                                                        (1 = 100.0%)
1  ... 

Histogram: Extensions.LoadApp2 recorded 1 samples, mean = 0.0 (flags = 0x41)
0  -O                                                                        (1 = 100.0%)
1  ... 

Histogram: Extensions.LoadAppExternal recorded 1 samples, mean = 0.0 (flags = 0x41)
0  -O                                                                        (1 = 100.0%)
1  ... 

Histogram: Extensions.LoadAppExternal2 recorded 1 samples, mean = 0.0 (flags = 0x41)
0  -O                                                                        (1 = 100.0%)
1  ... 

Histogram: Extensions.LoadAppUser recorded 1 samples, mean = 0.0 (flags = 0x41)
0  -O                                                                        (1 = 100.0%)
1  ... 

Histogram: Extensions.LoadAppUser2 recorded 1 samples, mean = 0.0 (flags = 0x41)
0  -O                                                                        (1 = 100.0%)
1  ... 

Histogram: Extensions.LoadBrowserAction recorded 1 samples, mean = 0.0 (flags = 0x41)
0  -O                                                                        (1 = 100.0%)
1  ... 

Histogram: Extensions.LoadBrowserAction2 recorded 1 samples, mean = 0.0 (flags = 0x41)
0  -O                                                                        (1 = 100.0%)
1  ... 

Histogram: Extensions.LoadExtension recorded 1 samples, mean = 0.0 (flags = 0x41)
0  -O                                                                        (1 = 100.0%)
1  ... 

Histogram: Extensions.LoadExtension2 recorded 1 samples, mean = 0.0 (flags = 0x41)
0  -O                                                                        (1 = 100.0%)
1  ... 

Histogram: Extensions.LoadExtensionExternal recorded 1 samples, mean = 0.0 (flags = 0x41)
0  -O                                                                        (1 = 100.0%)
1  ... 

Histogram: Extensions.LoadExtensionExternal2 recorded 1 samples, mean = 0.0 (flags = 0x41)
0  -O                                                                        (1 = 100.0%)
1  ... 

Histogram: Extensions.LoadExtensionUser2 recorded 1 samples, mean = 0.0 (flags = 0x41)
0  -O                                                                        (1 = 100.0%)
1  ... 

Histogram: Extensions.LoadHostedApp recorded 1 samples, mean = 0.0 (flags = 0x41)
0  -O                                                                        (1 = 100.0%)
1  ... 

Histogram: Extensions.LoadHostedApp2 recorded 1 samples, mean = 0.0 (flags = 0x41)
0  -O                                                                        (1 = 100.0%)
1  ... 

Histogram: Extensions.LoadNoExtensionAction recorded 1 samples, mean = 0.0 (flags = 0x41)
0  -O                                                                        (1 = 100.0%)
1  ... 

Histogram: Extensions.LoadNoExtensionAction2 recorded 1 samples, mean = 0.0 (flags = 0x41)
0  -O                                                                        (1 = 100.0%)
1  ... 

Histogram: Extensions.LoadOffStoreItems recorded 1 samples, mean = 0.0 (flags = 0x41)
0  -O                                                                        (1 = 100.0%)
1  ... 

Histogram: Extensions.LoadOffStoreItems2 recorded 1 samples, mean = 0.0 (flags = 0x41)
0  -O                                                                        (1 = 100.0%)
1  ... 

Histogram: Extensions.LoadPackagedApp recorded 1 samples, mean = 0.0 (flags = 0x41)
0  -O                                                                        (1 = 100.0%)
1  ... 

Histogram: Extensions.LoadPackagedApp2 recorded 1 samples, mean = 0.0 (flags = 0x41)
0  -O                                                                        (1 = 100.0%)
1  ... 

Histogram: Extensions.LoadPlatformApp recorded 1 samples, mean = 0.0 (flags = 0x41)
0  -O                                                                        (1 = 100.0%)
1  ... 

Histogram: Extensions.LoadPlatformApp2 recorded 1 samples, mean = 0.0 (flags = 0x41)
0  -O                                                                        (1 = 100.0%)
1  ... 

Histogram: Extensions.LoadTheme recorded 1 samples, mean = 0.0 (flags = 0x41)
0  -O                                                                        (1 = 100.0%)
1  ... 

Histogram: Extensions.LoadTheme2 recorded 1 samples, mean = 0.0 (flags = 0x41)
0  -O                                                                        (1 = 100.0%)
1  ... 

Histogram: Extensions.LoadUserScript recorded 1 samples, mean = 0.0 (flags = 0x41)
0  -O                                                                        (1 = 100.0%)
1  ... 

Histogram: Extensions.LoadUserScript2 recorded 1 samples, mean = 0.0 (flags = 0x41)
0  -O                                                                        (1 = 100.0%)
1  ... 

Histogram: Extensions.Management_Refresh recorded 1 samples, mean = 0.0 (flags = 0x41)
0  -O                                                                        (1 = 100.0%)
1  ... 

Histogram: Extensions.ManifestVersion2Count.Component recorded 1 samples, mean = 1.0 (flags = 0x41)
0  O                                                                         (0 = 0.0%)
1  -O                                                                        (1 = 100.0%) {0.0%}
2  ... 

Histogram: Extensions.ManifestVersion2Count.External recorded 1 samples, mean = 0.0 (flags = 0x41)
0  -O                                                                        (1 = 100.0%)
1  ... 

Histogram: Extensions.ManifestVersion2Count.Internal recorded 1 samples, mean = 0.0 (flags = 0x41)
0  -O                                                                        (1 = 100.0%)
1  ... 

Histogram: Extensions.ManifestVersion2Count.Policy recorded 1 samples, mean = 0.0 (flags = 0x41)
0  -O                                                                        (1 = 100.0%)
1  ... 

Histogram: Extensions.ManifestVersion2Count.Unpacked recorded 1 samples, mean = 0.0 (flags = 0x41)
0  -O                                                                        (1 = 100.0%)
1  ... 

Histogram: Extensions.ManifestVersion3Count.Component recorded 1 samples, mean = 0.0 (flags = 0x41)
0  -O                                                                        (1 = 100.0%)
1  ... 

Histogram: Extensions.ManifestVersion3Count.External recorded 1 samples, mean = 0.0 (flags = 0x41)
0  -O                                                                        (1 = 100.0%)
1  ... 

Histogram: Extensions.ManifestVersion3Count.Internal recorded 1 samples, mean = 0.0 (flags = 0x41)
0  -O                                                                        (1 = 100.0%)
1  ... 

Histogram: Extensions.ManifestVersion3Count.Policy recorded 1 samples, mean = 0.0 (flags = 0x41)
0  -O                                                                        (1 = 100.0%)
1  ... 

Histogram: Extensions.ManifestVersion3Count.Unpacked recorded 1 samples, mean = 0.0 (flags = 0x41)
0  -O                                                                        (1 = 100.0%)
1  ... 

Histogram: Extensions.ManifestVersionByLocation.Component recorded 1 samples, mean = 2.0 (flags = 0x41)
0  ... 
2  -O                                                                        (1 = 100.0%) {0.0%}
3  ... 

Histogram: Extensions.ManifestVersionPopulationSplit.Component recorded 1 samples, mean = 1.0 (flags = 0x41)
0  O                                                                         (0 = 0.0%)
1  -O                                                                        (1 = 100.0%) {0.0%}
2  ... 

Histogram: Extensions.ManifestVersionPopulationSplit.External recorded 1 samples, mean = 0.0 (flags = 0x41)
0  -O                                                                        (1 = 100.0%)
1  ... 

Histogram: Extensions.ManifestVersionPopulationSplit.Internal recorded 1 samples, mean = 0.0 (flags = 0x41)
0  -O                                                                        (1 = 100.0%)
1  ... 

Histogram: Extensions.ManifestVersionPopulationSplit.InternalAndExternal recorded 1 samples, mean = 0.0 (flags = 0x41)
0  -O                                                                        (1 = 100.0%)
1  ... 

Histogram: Extensions.ManifestVersionPopulationSplit.Unpacked recorded 1 samples, mean = 0.0 (flags = 0x41)
0  -O                                                                        (1 = 100.0%)
1  ... 

Histogram: Extensions.NewTabPageOverrides recorded 1 samples, mean = 0.0 (flags = 0x41)
0  -O                                                                        (1 = 100.0%)
1  ... 

Histogram: Extensions.NewTabPageOverrides2 recorded 1 samples, mean = 0.0 (flags = 0x41)
0  -O                                                                        (1 = 100.0%)
1  ... 

Histogram: Extensions.NonWebStoreNewTabPageOverrides recorded 1 samples, mean = 0.0 (flags = 0x41)
0  -O                                                                        (1 = 100.0%)
1  ... 

Histogram: Extensions.NonWebStoreNewTabPageOverrides2 recorded 1 samples, mean = 0.0 (flags = 0x41)
0  -O                                                                        (1 = 100.0%)
1  ... 

Histogram: Extensions.NonWebstoreLocation recorded 2 samples, mean = 5.0 (flags = 0x41)
0  ... 
5  --O                                                                       (2 = 100.0%) {0.0%}
6  ... 

Histogram: Extensions.NonWebstoreLocation2 recorded 2 samples, mean = 5.0 (flags = 0x41)
0  ... 
5  --O                                                                       (2 = 100.0%) {0.0%}
6  ... 

Histogram: Extensions.NonWebstoreLocationWithDeveloperModeOff.Enabled3 recorded 2 samples, mean = 5.0 (flags = 0x41)
0  ... 
5  --O                                                                       (2 = 100.0%) {0.0%}
6  ... 

Histogram: Extensions.NotAllowlistedDisabled recorded 1 samples, mean = 0.0 (flags = 0x41)
0  -O                                                                        (1 = 100.0%)
1  ... 

Histogram: Extensions.NotAllowlistedDisabled2 recorded 1 samples, mean = 0.0 (flags = 0x41)
0  -O                                                                        (1 = 100.0%)
1  ... 

Histogram: Extensions.NotAllowlistedEnabled recorded 1 samples, mean = 0.0 (flags = 0x41)
0  -O                                                                        (1 = 100.0%)
1  ... 

Histogram: Extensions.NotAllowlistedEnabled2 recorded 1 samples, mean = 0.0 (flags = 0x41)
0  -O                                                                        (1 = 100.0%)
1  ... 

Histogram: Extensions.ProcessManagerStartupHostsTime2 recorded 1 samples, mean = 0.0 (flags = 0x41)
0  -O                                                                        (1 = 100.0%)
1  ... 

Histogram: Extensions.SearchEngineOverrides recorded 1 samples, mean = 0.0 (flags = 0x41)
0  -O                                                                        (1 = 100.0%)
1  ... 

Histogram: Extensions.SearchEngineOverrides2 recorded 1 samples, mean = 0.0 (flags = 0x41)
0  -O                                                                        (1 = 100.0%)
1  ... 

Histogram: Extensions.StartupPagesOverrides recorded 1 samples, mean = 0.0 (flags = 0x41)
0  -O                                                                        (1 = 100.0%)
1  ... 

Histogram: Extensions.StartupPagesOverrides2 recorded 1 samples, mean = 0.0 (flags = 0x41)
0  -O                                                                        (1 = 100.0%)
1  ... 

Histogram: Extensions.WebRequestBlockingCount recorded 1 samples, mean = 0.0 (flags = 0x41)
0  -O                                                                        (1 = 100.0%)
1  ... 

Histogram: Extensions.WebRequestBlockingCount2 recorded 1 samples, mean = 0.0 (flags = 0x41)
0  -O                                                                        (1 = 100.0%)
1  ... 

Histogram: Extensions.WebRequestCount recorded 1 samples, mean = 0.0 (flags = 0x41)
0  -O                                                                        (1 = 100.0%)
1  ... 

Histogram: Extensions.WebRequestCount2 recorded 1 samples, mean = 0.0 (flags = 0x41)
0  -O                                                                        (1 = 100.0%)
1  ... 

Histogram: FirstPartySets.Database.InitStatus recorded 1 samples, mean = 1.0 (flags = 0x41)
0  O                                                                         (0 = 0.0%)
1  -O                                                                        (1 = 100.0%) {0.0%}
2  ... 

Histogram: FirstPartySets.Database.TransactionFailed recorded 8 samples, mean = 0.0 (flags = 0x41)
0  --------O                                                                 (8 = 100.0%)
1  ... 

Histogram: FirstPartySets.Initialization.ClearSiteDataOutcome recorded 1 samples, mean = 1.0 (flags = 0x41)
0  O                                                                         (0 = 0.0%)
1  -O                                                                        (1 = 100.0%) {0.0%}
2  O                                                                         (0 = 0.0%) {100.0%}

Histogram: FirstPartySets.Initialization.SitesToClear.Count recorded 1 samples, mean = 0.0 (flags = 0x41)
0  -O                                                                        (1 = 100.0%)
1  ... 

Histogram: GCM.DelayedTaskControlledReadyTime recorded 1 samples, mean = 7239.0 (flags = 0x41)
0     ... 
6296  -O                                                                        (1 = 100.0%) {0.0%}
8000  ... 

Histogram: GPU.ANGLE.D3DShaderBlobSizeKB recorded 4 samples, mean = 0.5 (flags = 0x41)
0  ----O                                                                     (4 = 100.0%)
1000... 

Histogram: GPU.ANGLE.D3DShaderCompilationTimeUs recorded 4 samples, mean = 9876.8 (flags = 0x41)
0      ... 
1774   -O                                                                        (1 = 25.0%) {0.0%}
2336   O                                                                         (0 = 0.0%) {25.0%}
3077   -O                                                                        (1 = 25.0%) {25.0%}
4053   ... 
16063  --O                                                                       (2 = 50.0%) {50.0%}
21156  ... 

Histogram: GPU.BlocklistFeatureTestResults.Accelerated2dCanvas recorded 1 samples, mean = 0.0 (flags = 0x41)
0  -O                                                                        (1 = 100.0%)
1  ... 

Histogram: GPU.BlocklistFeatureTestResults.GpuCompositing recorded 1 samples, mean = 0.0 (flags = 0x41)
0  -O                                                                        (1 = 100.0%)
1  ... 

Histogram: GPU.BlocklistFeatureTestResults.GpuRasterization recorded 1 samples, mean = 0.0 (flags = 0x41)
0  -O                                                                        (1 = 100.0%)
1  ... 

Histogram: GPU.BlocklistFeatureTestResults.Webgl recorded 1 samples, mean = 0.0 (flags = 0x41)
0  -O                                                                        (1 = 100.0%)
1  ... 

Histogram: GPU.BlocklistFeatureTestResults.Webgl2 recorded 1 samples, mean = 0.0 (flags = 0x41)
0  -O                                                                        (1 = 100.0%)
1  ... 

Histogram: GPU.BlocklistFeatureTestResults.Webgpu recorded 1 samples, mean = 2.0 (flags = 0x41)
0  ... 
2  -O                                                                        (1 = 100.0%) {0.0%}
3  ... 

Histogram: GPU.BlocklistTestResultsPerEntry recorded 1 samples, mean = 0.0 (flags = 0x41)
0  -O                                                                        (1 = 100.0%)
1  ... 

Histogram: GPU.CanvasOopRaster.OopRasterAndGpuAcceleration recorded 1 samples, mean = 0.0 (flags = 0x41)
0  -O                                                                        (1 = 100.0%)
1  ... 

Histogram: GPU.CompositingMode recorded 1 samples, mean = 1.0 (flags = 0x41)
0  O                                                                         (0 = 0.0%)
1  -O                                                                        (1 = 100.0%) {0.0%}
2  ... 

Histogram: GPU.D3D12FeatureLevel recorded 1 samples, mean = 5.0 (flags = 0x41)
0  ... 
5  -O                                                                        (1 = 100.0%) {0.0%}
6  O                                                                         (0 = 0.0%) {100.0%}

Histogram: GPU.D3D12HighestShaderModel2 recorded 1 samples, mean = 9.0 (flags = 0x41)
0  ... 
9  -O                                                                        (1 = 100.0%) {0.0%}
10 O                                                                         (0 = 0.0%) {100.0%}

Histogram: GPU.DriverBugTestResultsPerEntry recorded 9 samples (flags = 0x41)
0    -O                                                                        (1 = 11.1%)
17   -O                                                                        (1 = 11.1%)
165  -O                                                                        (1 = 11.1%)
206  -O                                                                        (1 = 11.1%)
256  -O                                                                        (1 = 11.1%)
315  -O                                                                        (1 = 11.1%)
403  -O                                                                        (1 = 11.1%)
426  -O                                                                        (1 = 11.1%)
430  -O                                                                        (1 = 11.1%)

Histogram: GPU.EstablishGpuChannelSyncTime recorded 2 samples, mean = 203.5 (flags = 0x41)
0    ... 
96   -O                                                                        (1 = 50.0%) {0.0%}
114  ... 
268  -O                                                                        (1 = 50.0%) {50.0%}
318  ... 

Histogram: GPU.EstablishGpuChannelSyncTime.FirstRun recorded 2 samples, mean = 203.5 (flags = 0x41)
0    ... 
96   -O                                                                        (1 = 50.0%) {0.0%}
114  ... 
268  -O                                                                        (1 = 50.0%) {50.0%}
318  ... 

Histogram: GPU.GPUProcessLaunchTime recorded 2 samples, mean = 2919.0 (flags = 0x41)
0     ... 
8     -O                                                                        (1 = 50.0%) {0.0%}
10    ... 
5017  -O                                                                        (1 = 50.0%) {50.0%}
5961  ... 

Histogram: GPU.GPUProcessTerminationStatus2 recorded 1 samples, mean = 4.0 (flags = 0x41)
0  ... 
4  -O                                                                        (1 = 100.0%) {0.0%}
5  ... 

Histogram: GPU.HardwareAccelerationModeEnabled recorded 1 samples, mean = 1.0 (flags = 0x41)
0  O                                                                         (0 = 0.0%)
1  -O                                                                        (1 = 100.0%) {0.0%}
2  O                                                                         (0 = 0.0%) {100.0%}

Histogram: GPU.MultiGpu.Nvidia recorded 2 samples (flags = 0x41)
11524  --O                                                                       (2 = 100.0%)

Histogram: GPU.ProcessLifetimeEvents.HardwareAccelerated recorded 1 samples, mean = 0.0 (flags = 0x41)
0  -O                                                                        (1 = 100.0%)
1  ... 

Histogram: GPU.RasterDecoder.TimeToFlush recorded 1 samples, mean = 404.0 (flags = 0x41)
0    ... 
364  -O                                                                        (1 = 100.0%) {0.0%}
414  ... 

Histogram: GPU.SharedImage.BackingType recorded 4 samples, mean = 7.0 (flags = 0x41)
0   ... 
2   --O                                                                       (2 = 50.0%) {0.0%}
3   ... 
12  --O                                                                       (2 = 50.0%) {50.0%}
13  ... 

Histogram: GPU.SharedImage.ContentConsumed recorded 10 samples, mean = 0.4 (flags = 0x41)
0  ------O                                                                   (6 = 60.0%)
1  ----O                                                                     (4 = 40.0%) {60.0%}
2  O                                                                         (0 = 0.0%) {100.0%}

Histogram: GPU.SkiaBackendType recorded 1 samples, mean = 2.0 (flags = 0x41)
0  ... 
2  -O                                                                        (1 = 100.0%) {0.0%}
3  ... 

Histogram: GPU.SupportsDX12 recorded 1 samples, mean = 1.0 (flags = 0x41)
0  O                                                                         (0 = 0.0%)
1  -O                                                                        (1 = 100.0%) {0.0%}
2  O                                                                         (0 = 0.0%) {100.0%}

Histogram: GPU.WatchdogThread.Event recorded 1 samples, mean = 0.0 (flags = 0x41)
0  -O                                                                        (1 = 100.0%)
1  ... 

Histogram: GPU.WatchdogThread.Event.main recorded 1 samples, mean = 0.0 (flags = 0x41)
0  -O                                                                        (1 = 100.0%)
1  ... 

Histogram: GPU.WatchdogThread.Timeout recorded 28 samples, mean = 0.0 (flags = 0x41)
0  ----------------------------O                                             (28 = 100.0%)
1  ... 

Histogram: GPU.WatchdogThread.Timeout.Normal recorded 28 samples, mean = 0.0 (flags = 0x41)
0  ----------------------------O                                             (28 = 100.0%)
1  ... 

Histogram: GPU.WatchdogThread.Timeout.Normal.main recorded 28 samples, mean = 0.0 (flags = 0x41)
0  ----------------------------O                                             (28 = 100.0%)
1  ... 

Histogram: GPU.WatchdogThread.Timeout.main recorded 28 samples, mean = 0.0 (flags = 0x41)
0  ----------------------------O                                             (28 = 100.0%)
1  ... 

Histogram: Gaia.AuthFetcher.ListAccounts.NetErrorCodes recorded 1 samples (flags = 0x41)
0  -O                                                                        (1 = 100.0%)

Histogram: Gpu.FenceHandle.CloneCountsPerSubmit recorded 5 samples, mean = 0.0 (flags = 0x41)
0  -----O                                                                    (5 = 100.0%)
1  ... 

Histogram: Gpu.GrCompileShaderUs recorded 4 samples, mean = 4019.8 (flags = 0x41)
0     ... 
196   -O                                                                        (1 = 25.0%) {0.0%}
258   ... 
2336  --O                                                                       (2 = 50.0%) {25.0%}
3077  ... 
9260  -O                                                                        (1 = 25.0%) {75.0%}
12196 ... 

Histogram: Gpu.GrLinkProgramUs recorded 2 samples, mean = 12866.0 (flags = 0x41)
0      ... 
4053   -O                                                                        (1 = 50.0%) {0.0%}
5338   ... 
21156  -O                                                                        (1 = 50.0%) {50.0%}
27864  ... 

Histogram: Gpu.PassthroughProgramCacheLoadHitInCache recorded 2 samples, mean = 0.0 (flags = 0x41)
0  --O                                                                       (2 = 100.0%)
1  ... 

Histogram: Gpu.Rasterization.Raster.MSAASampleCountLog2 recorded 1 samples, mean = 0.0 (flags = 0x41)
0  -O                                                                        (1 = 100.0%)
1  ... 

Histogram: HangWatcher.IsThreadHung.BrowserProcess.IOThread.Normal recorded 58 samples, mean = 0.0 (flags = 0x41)
0  ----------------------------------------------------------O               (58 = 100.0%)
1  ... 

Histogram: HangWatcher.IsThreadHung.BrowserProcess.UIThread.Normal recorded 58 samples, mean = 0.0 (flags = 0x41)
0  ----------------------------------------------------------O               (58 = 100.0%)
1  ... 

Histogram: HangWatcher.IsThreadHung.RendererProcess.IOThread recorded 57 samples, mean = 0.0 (flags = 0x41)
0  ---------------------------------------------------------O                (57 = 100.0%)
1  ... 

Histogram: HangWatcher.IsThreadHung.RendererProcess.IOThread.BestEffort recorded 58 samples, mean = 0.0 (flags = 0x41)
0  ----------------------------------------------------------O               (58 = 100.0%)
1  ... 

Histogram: HangWatcher.IsThreadHung.RendererProcess.MainThread recorded 57 samples, mean = 0.0 (flags = 0x41)
0  ---------------------------------------------------------O                (57 = 100.0%)
1  ... 

Histogram: HangWatcher.IsThreadHung.RendererProcess.MainThread.BestEffort recorded 58 samples, mean = 0.0 (flags = 0x41)
0  ----------------------------------------------------------O               (58 = 100.0%)
1  ... 

Histogram: HangWatcher.IsThreadHung.UtilityProcess.IOThread recorded 116 samples, mean = 0.0 (flags = 0x41)
0  ------------------------------------------------------------------------O (116 = 100.0%)
1  ... 

Histogram: HangWatcher.IsThreadHung.UtilityProcess.MainThread recorded 116 samples, mean = 0.0 (flags = 0x41)
0  ------------------------------------------------------------------------O (116 = 100.0%)
1  ... 

Histogram: HangWatcher.SleepDrift.BrowserProcess recorded 289 samples, mean = 6.0 (flags = 0x41)
0   ----------------------------------------------------------O               (58 = 20.1%)
1   ----------------------------O                                             (28 = 9.7%) {20.1%}
2   ---------------O                                                          (15 = 5.2%) {29.8%}
3   ---------------O                                                          (15 = 5.2%) {34.9%}
4   ------------O                                                             (12 = 4.2%) {40.1%}
5   --------------------O                                                     (20 = 6.9%) {44.3%}
6   -------------O                                                            (13 = 4.5%) {51.2%}
7   --------------O                                                           (14 = 4.8%) {55.7%}
8   --------------------------------O                                         (32 = 11.1%) {60.6%}
10  -----------------------------O                                            (29 = 10.0%) {71.6%}
12  --------------------O                                                     (20 = 6.9%) {81.7%}
14  ---------------------------------O                                        (33 = 11.4%) {88.6%}
17  ... 

Histogram: Hardware.Display.Count.OnStartup recorded 1 samples, mean = 1.0 (flags = 0x41)
0  O                                                                         (0 = 0.0%)
1  -O                                                                        (1 = 100.0%) {0.0%}
2  ... 

Histogram: Hardware.Display.SupportsHDR recorded 1 samples, mean = 0.0 (flags = 0x41)
0  -O                                                                        (1 = 100.0%)
1  ... 

Histogram: HeapProfiling.InProcess.Enabled recorded 1 samples, mean = 0.0 (flags = 0x41)
0  -O                                                                        (1 = 100.0%)
1  ... 

Histogram: HeapProfiling.InProcess.Enabled.Browser recorded 1 samples, mean = 0.0 (flags = 0x41)
0  -O                                                                        (1 = 100.0%)
1  ... 

Histogram: Histogram.TooManyBuckets.1000 recorded 4 samples (flags = 0x41)
-2140283801 --O                                                                       (2 = 50.0%)
1721222685  --O                                                                       (2 = 50.0%)

Histogram: History.Backend.TransactionCommitSuccess recorded 2 samples, mean = 1.0 (flags = 0x41)
0  O                                                                         (0 = 0.0%)
1  --O                                                                       (2 = 100.0%) {0.0%}
2  O                                                                         (0 = 0.0%) {100.0%}

Histogram: History.ClearBrowsingData.TaskQueueAtShutdown recorded 1 samples, mean = 0.0 (flags = 0x41)
0  -O                                                                        (1 = 100.0%)
1  ... 

Histogram: History.Clusters.ContextClusterer.VisitProcessingLatency.UrlVisited recorded 4 samples, mean = 0.0 (flags = 0x41)
0  ----O                                                                     (4 = 100.0%)
1  ... 

Histogram: History.Clusters.JourneysEligibleAndEnabledAtSessionStart recorded 1 samples, mean = 1.0 (flags = 0x41)
0  O                                                                         (0 = 0.0%)
1  -O                                                                        (1 = 100.0%) {0.0%}
2  O                                                                         (0 = 0.0%) {100.0%}

Histogram: History.Clusters.KeywordCache.LoadCachesFromPrefs.Latency recorded 1 samples, mean = 0.0 (flags = 0x41)
0  -O                                                                        (1 = 100.0%)
1  ... 

Histogram: History.DomainCount1Day_V2 recorded 1 samples, mean = 1.0 (flags = 0x41)
0  O                                                                         (0 = 0.0%)
1  -O                                                                        (1 = 100.0%) {0.0%}
2  ... 

Histogram: History.DomainCount1Day_V3 recorded 1 samples, mean = 1.0 (flags = 0x41)
0  O                                                                         (0 = 0.0%)
1  -O                                                                        (1 = 100.0%) {0.0%}
2  ... 

Histogram: History.DomainCount28Day_V2 recorded 1 samples, mean = 1.0 (flags = 0x41)
0  O                                                                         (0 = 0.0%)
1  -O                                                                        (1 = 100.0%) {0.0%}
2  ... 

Histogram: History.DomainCount28Day_V3 recorded 1 samples, mean = 1.0 (flags = 0x41)
0  O                                                                         (0 = 0.0%)
1  -O                                                                        (1 = 100.0%) {0.0%}
2  ... 

Histogram: History.DomainCount7Day_V2 recorded 1 samples, mean = 1.0 (flags = 0x41)
0  O                                                                         (0 = 0.0%)
1  -O                                                                        (1 = 100.0%) {0.0%}
2  ... 

Histogram: History.DomainCount7Day_V3 recorded 1 samples, mean = 1.0 (flags = 0x41)
0  O                                                                         (0 = 0.0%)
1  -O                                                                        (1 = 100.0%) {0.0%}
2  ... 

Histogram: History.InMemoryDBItemCount recorded 1 samples, mean = 2.0 (flags = 0x41)
0  ... 
2  -O                                                                        (1 = 100.0%) {0.0%}
3  ... 

Histogram: History.TopSites.QueryFromHistoryTime recorded 1 samples, mean = 15.0 (flags = 0x41)
0   ... 
14  -O                                                                        (1 = 100.0%) {0.0%}
17  ... 

Histogram: History.VisitedLinks.HashTableLengthOnReaderInit recorded 3 samples, mean = 16381.0 (flags = 0x41)
0      ... 
14319  ---O                                                                      (3 = 100.0%) {0.0%}
19866  ... 

Histogram: History.VisitedLinks.HashTableSizeOnTableCreate recorded 2 samples, mean = 0.0 (flags = 0x41)
0  --O                                                                       (2 = 100.0%)
1  ... 

Histogram: History.VisitedLinks.HashTableUsageOnLinkAdded recorded 4 samples, mean = 2.2 (flags = 0x41)
0  -O                                                                        (1 = 25.0%)
1  ... 
3  ---O                                                                      (3 = 75.0%) {25.0%}
4  ... 

Histogram: History.VisitedLinks.TryToAddFingerprint recorded 5 samples, mean = 0.8 (flags = 0x41)
0  -O                                                                        (1 = 20.0%)
1  ----O                                                                     (4 = 80.0%) {20.0%}
2  ... 

Histogram: History.VisitedLinks.VisitLoggedFromMainFrame recorded 3 samples, mean = 1.0 (flags = 0x41)
0  O                                                                         (0 = 0.0%)
1  ---O                                                                      (3 = 100.0%) {0.0%}
2  O                                                                         (0 = 0.0%) {100.0%}

Histogram: History.VisitedLinks.VisitLoggedFromTransition recorded 3 samples, mean = 1.7 (flags = 0x41)
0  O                                                                         (0 = 0.0%)
1  -O                                                                        (1 = 33.3%) {0.0%}
2  --O                                                                       (2 = 66.7%) {33.3%}
3  ... 

Histogram: HttpCache.AccessToDone2 recorded 45 samples, mean = 92.8 (flags = 0x41)
0    O                                                                         (0 = 0.0%)
1    ---O                                                                      (3 = 6.7%) {0.0%}
2    O                                                                         (0 = 0.0%) {6.7%}
3    ------O                                                                   (6 = 13.3%) {6.7%}
4    ------O                                                                   (6 = 13.3%) {20.0%}
5    -O                                                                        (1 = 2.2%) {33.3%}
6    -O                                                                        (1 = 2.2%) {35.6%}
7    --O                                                                       (2 = 4.4%) {37.8%}
8    ... 
10   --O                                                                       (2 = 4.4%) {42.2%}
11   --O                                                                       (2 = 4.4%) {46.7%}
12   ----O                                                                     (4 = 8.9%) {51.1%}
13   ---O                                                                      (3 = 6.7%) {60.0%}
14   -O                                                                        (1 = 2.2%) {66.7%}
15   O                                                                         (0 = 0.0%) {68.9%}
16   -O                                                                        (1 = 2.2%) {68.9%}
18   O                                                                         (0 = 0.0%) {71.1%}
20   -O                                                                        (1 = 2.2%) {71.1%}
22   ... 
37   -O                                                                        (1 = 2.2%) {73.3%}
41   ... 
49   -O                                                                        (1 = 2.2%) {75.6%}
54   ... 
65   -O                                                                        (1 = 2.2%) {77.8%}
71   ... 
123  -O                                                                        (1 = 2.2%) {80.0%}
135  ... 
162  -O                                                                        (1 = 2.2%) {82.2%}
177  -O                                                                        (1 = 2.2%) {84.4%}
194  O                                                                         (0 = 0.0%) {86.7%}
212  -O                                                                        (1 = 2.2%) {86.7%}
232  ... 
278  -O                                                                        (1 = 2.2%) {88.9%}
304  ... 
522  -O                                                                        (1 = 2.2%) {91.1%}
571  ... 
684  -O                                                                        (1 = 2.2%) {93.3%}
748  --O                                                                       (2 = 4.4%) {95.6%}
818  ... 

Histogram: HttpCache.AccessToDone2.SentRequest recorded 11 samples, mean = 350.7 (flags = 0x41)
0    ... 
37   -O                                                                        (1 = 9.1%) {0.0%}
41   ... 
49   -O                                                                        (1 = 9.1%) {9.1%}
54   ... 
123  -O                                                                        (1 = 9.1%) {18.2%}
135  ... 
162  -O                                                                        (1 = 9.1%) {27.3%}
177  -O                                                                        (1 = 9.1%) {36.4%}
194  O                                                                         (0 = 0.0%) {45.5%}
212  -O                                                                        (1 = 9.1%) {45.5%}
232  ... 
278  -O                                                                        (1 = 9.1%) {54.5%}
304  ... 
522  -O                                                                        (1 = 9.1%) {63.6%}
571  ... 
684  -O                                                                        (1 = 9.1%) {72.7%}
748  --O                                                                       (2 = 18.2%) {81.8%}
818  ... 

Histogram: HttpCache.AccessToDone2.Used recorded 34 samples, mean = 9.4 (flags = 0x41)
0   O                                                                         (0 = 0.0%)
1   ---O                                                                      (3 = 8.8%) {0.0%}
2   O                                                                         (0 = 0.0%) {8.8%}
3   ------O                                                                   (6 = 17.6%) {8.8%}
4   ------O                                                                   (6 = 17.6%) {26.5%}
5   -O                                                                        (1 = 2.9%) {44.1%}
6   -O                                                                        (1 = 2.9%) {47.1%}
7   --O                                                                       (2 = 5.9%) {50.0%}
8   ... 
10  --O                                                                       (2 = 5.9%) {55.9%}
11  --O                                                                       (2 = 5.9%) {61.8%}
12  ----O                                                                     (4 = 11.8%) {67.6%}
13  ---O                                                                      (3 = 8.8%) {79.4%}
14  -O                                                                        (1 = 2.9%) {88.2%}
15  O                                                                         (0 = 0.0%) {91.2%}
16  -O                                                                        (1 = 2.9%) {91.2%}
17  ... 
21  -O                                                                        (1 = 2.9%) {94.1%}
22  ... 
66  -O                                                                        (1 = 2.9%) {97.1%}
70  ... 

Histogram: HttpCache.AddTransactionToEntry recorded 45 samples, mean = 0.0 (flags = 0x41)
0  --------------------------------------------O                             (44 = 97.8%)
1  -O                                                                        (1 = 2.2%) {97.8%}
2  ... 

Histogram: HttpCache.BeforeSend recorded 11 samples, mean = 0.8 (flags = 0x41)
0  -------O                                                                  (7 = 63.6%)
1  --O                                                                       (2 = 18.2%) {63.6%}
2  O                                                                         (0 = 0.0%) {81.8%}
3  -O                                                                        (1 = 9.1%) {81.8%}
4  -O                                                                        (1 = 9.1%) {90.9%}
5  ... 

Histogram: HttpCache.BeforeSend.CantConditionalize recorded 5 samples, mean = 0.4 (flags = 0x41)
0  ---O                                                                      (3 = 60.0%)
1  --O                                                                       (2 = 40.0%) {60.0%}
2  ... 

Histogram: HttpCache.BeforeSend.NotCached recorded 2 samples, mean = 0.0 (flags = 0x41)
0  --O                                                                       (2 = 100.0%)
1  ... 

Histogram: HttpCache.BeforeSend.Updated recorded 1 samples, mean = 0.0 (flags = 0x41)
0  -O                                                                        (1 = 100.0%)
1  ... 

Histogram: HttpCache.BeforeSend.Validated recorded 3 samples, mean = 2.3 (flags = 0x41)
0  -O                                                                        (1 = 33.3%)
1  ... 
3  -O                                                                        (1 = 33.3%) {33.3%}
4  -O                                                                        (1 = 33.3%) {66.7%}
5  ... 

Histogram: HttpCache.CreateDiskEntry recorded 2 samples, mean = 0.0 (flags = 0x41)
0  --O                                                                       (2 = 100.0%)
1  ... 

Histogram: HttpCache.HardReset recorded 1 samples, mean = 0.0 (flags = 0x40)
0  -O                                                                        (1 = 100.0%)
1  ... 

Histogram: HttpCache.IsNoStore recorded 45 samples, mean = 0.0 (flags = 0x41)
0  -------------------------------------------O                              (43 = 95.6%)
1  --O                                                                       (2 = 4.4%) {95.6%}
2  O                                                                         (0 = 0.0%) {100.0%}

Histogram: HttpCache.IsNoStore.MainFrameHTML recorded 1 samples, mean = 1.0 (flags = 0x41)
0  O                                                                         (0 = 0.0%)
1  -O                                                                        (1 = 100.0%) {0.0%}
2  O                                                                         (0 = 0.0%) {100.0%}

Histogram: HttpCache.MaxFileSizeOnInit recorded 1 samples, mean = 40960.0 (flags = 0x41)
0      ... 
37526  -O                                                                        (1 = 100.0%) {0.0%}
42713  ... 

Histogram: HttpCache.OpenDiskEntry recorded 43 samples, mean = 0.0 (flags = 0x41)
0  ------------------------------------------O                               (42 = 97.7%)
1  -O                                                                        (1 = 2.3%) {97.7%}
2  ... 

Histogram: HttpCache.Pattern recorded 45 samples, mean = 3.4 (flags = 0x41)
0  ... 
2  --O                                                                       (2 = 4.4%) {0.0%}
3  ----------------------------------O                                       (34 = 75.6%) {4.4%}
4  ---O                                                                      (3 = 6.7%) {80.0%}
5  -O                                                                        (1 = 2.2%) {86.7%}
6  -----O                                                                    (5 = 11.1%) {88.9%}
7  O                                                                         (0 = 0.0%) {100.0%}

Histogram: HttpCache.Pattern.CSS recorded 8 samples, mean = 3.1 (flags = 0x41)
0  ... 
3  -------O                                                                  (7 = 87.5%) {0.0%}
4  -O                                                                        (1 = 12.5%) {87.5%}
5  ... 

Histogram: HttpCache.Pattern.CSSThirdParty recorded 8 samples, mean = 3.1 (flags = 0x41)
0  ... 
3  -------O                                                                  (7 = 87.5%) {0.0%}
4  -O                                                                        (1 = 12.5%) {87.5%}
5  ... 

Histogram: HttpCache.Pattern.Font recorded 5 samples, mean = 3.0 (flags = 0x41)
0  ... 
3  -----O                                                                    (5 = 100.0%) {0.0%}
4  ... 

Histogram: HttpCache.Pattern.FontThirdParty recorded 5 samples, mean = 3.0 (flags = 0x41)
0  ... 
3  -----O                                                                    (5 = 100.0%) {0.0%}
4  ... 

Histogram: HttpCache.Pattern.Image recorded 1 samples, mean = 3.0 (flags = 0x41)
0  ... 
3  -O                                                                        (1 = 100.0%) {0.0%}
4  ... 

Histogram: HttpCache.Pattern.JavaScript recorded 23 samples, mean = 3.3 (flags = 0x41)
0  ... 
3  --------------------O                                                     (20 = 87.0%) {0.0%}
4  -O                                                                        (1 = 4.3%) {87.0%}
5  -O                                                                        (1 = 4.3%) {91.3%}
6  -O                                                                        (1 = 4.3%) {95.7%}
7  O                                                                         (0 = 0.0%) {100.0%}

Histogram: HttpCache.Pattern.JavaScriptThirdParty recorded 22 samples, mean = 3.1 (flags = 0x41)
0  ... 
3  --------------------O                                                     (20 = 90.9%) {0.0%}
4  -O                                                                        (1 = 4.5%) {90.9%}
5  -O                                                                        (1 = 4.5%) {95.5%}
6  ... 

Histogram: HttpCache.Pattern.MainFrameHTML recorded 1 samples, mean = 2.0 (flags = 0x41)
0  ... 
2  -O                                                                        (1 = 100.0%) {0.0%}
3  ... 

Histogram: HttpCache.Pattern.NonTinyImage recorded 1 samples, mean = 3.0 (flags = 0x41)
0  ... 
3  -O                                                                        (1 = 100.0%) {0.0%}
4  ... 

Histogram: HttpCache.TotalDiskCacheTimePerTransaction.Read recorded 9 samples, mean = 0.7 (flags = 0x41)
0  -------O                                                                  (7 = 77.8%)
1  O                                                                         (0 = 0.0%) {77.8%}
2  -O                                                                        (1 = 11.1%) {77.8%}
3  O                                                                         (0 = 0.0%) {88.9%}
4  -O                                                                        (1 = 11.1%) {88.9%}
5  ... 

Histogram: HttpCache.TotalDiskCacheTimePerTransaction.Write recorded 9 samples, mean = 0.3 (flags = 0x41)
0  -------O                                                                  (7 = 77.8%)
1  -O                                                                        (1 = 11.1%) {77.8%}
2  -O                                                                        (1 = 11.1%) {88.9%}
3  ... 

Histogram: ImageDecoder.Png.UiGfxIntoSkBitmap recorded 1 samples, mean = 2594.0 (flags = 0x41)
0     ... 
2336  -O                                                                        (1 = 100.0%) {0.0%}
3077  ... 

Histogram: ImportantFile.FileReplaceRetryCount recorded 20 samples, mean = 0.0 (flags = 0x41)
0  --------------------O                                                     (20 = 100.0%)
1  ... 

Histogram: ImportantFile.SerializationDuration recorded 5 samples, mean = 0.0 (flags = 0x41)
0  -----O                                                                    (5 = 100.0%)
1  ... 

Histogram: ImportantFile.SerializationDuration.Local_State recorded 7 samples, mean = 0.0 (flags = 0x41)
0  -------O                                                                  (7 = 100.0%)
1  ... 

Histogram: ImportantFile.SerializationDuration.Preferences recorded 4 samples, mean = 0.0 (flags = 0x41)
0  ----O                                                                     (4 = 100.0%)
1  ... 

Histogram: ImportantFile.SerializationDuration.TransportSecurityPersister recorded 1 samples, mean = 0.0 (flags = 0x41)
0  -O                                                                        (1 = 100.0%)
1  ... 

Histogram: ImportantFile.WriteDuration recorded 5 samples, mean = 8.0 (flags = 0x41)
0  ... 
7  --O                                                                       (2 = 40.0%) {0.0%}
8  ---O                                                                      (3 = 60.0%) {40.0%}
10 ... 

Histogram: ImportantFile.WriteDuration.Local_State recorded 7 samples, mean = 10.9 (flags = 0x41)
0   ... 
10  ------O                                                                   (6 = 85.7%) {0.0%}
12  -O                                                                        (1 = 14.3%) {85.7%}
14  ... 

Histogram: ImportantFile.WriteDuration.Preferences recorded 4 samples, mean = 14.0 (flags = 0x41)
0   ... 
8   --O                                                                       (2 = 50.0%) {0.0%}
10  -O                                                                        (1 = 25.0%) {50.0%}
12  ... 
29  -O                                                                        (1 = 25.0%) {75.0%}
34  ... 

Histogram: ImportantFile.WriteDuration.SCTAuditing recorded 2 samples, mean = 4.5 (flags = 0x41)
0  ... 
4  -O                                                                        (1 = 50.0%) {0.0%}
5  -O                                                                        (1 = 50.0%) {50.0%}
6  ... 

Histogram: ImportantFile.WriteDuration.TransportSecurityPersister recorded 1 samples, mean = 7.0 (flags = 0x41)
0  ... 
7  -O                                                                        (1 = 100.0%) {0.0%}
8  ... 

Histogram: ImportantFile.WriteDuration.TrustedVault recorded 1 samples, mean = 7.0 (flags = 0x41)
0  ... 
7  -O                                                                        (1 = 100.0%) {0.0%}
8  ... 

Histogram: InProductHelp.Config.ParsingEvent recorded 68 samples, mean = 6.4 (flags = 0x41)
0   -----------------------------O                                            (29 = 42.6%)
1   O                                                                         (0 = 0.0%) {42.6%}
2   ---------O                                                                (9 = 13.2%) {42.6%}
3   ... 
14  ------------------------------O                                           (30 = 44.1%) {55.9%}
15  ... 

Histogram: InProductHelp.Db.Init.AvailabilityStore recorded 1 samples, mean = 1.0 (flags = 0x41)
0  O                                                                         (0 = 0.0%)
1  -O                                                                        (1 = 100.0%) {0.0%}
2  O                                                                         (0 = 0.0%) {100.0%}

Histogram: InProductHelp.Db.Init.EventStore recorded 1 samples, mean = 1.0 (flags = 0x41)
0  O                                                                         (0 = 0.0%)
1  -O                                                                        (1 = 100.0%) {0.0%}
2  O                                                                         (0 = 0.0%) {100.0%}

Histogram: InProductHelp.Db.Load.AvailabilityStore recorded 1 samples, mean = 1.0 (flags = 0x41)
0  O                                                                         (0 = 0.0%)
1  -O                                                                        (1 = 100.0%) {0.0%}
2  O                                                                         (0 = 0.0%) {100.0%}

Histogram: InProductHelp.Db.Load.EventStore recorded 1 samples, mean = 1.0 (flags = 0x41)
0  O                                                                         (0 = 0.0%)
1  -O                                                                        (1 = 100.0%) {0.0%}
2  O                                                                         (0 = 0.0%) {100.0%}

Histogram: InProductHelp.Db.TotalEvents recorded 1 samples, mean = 0.0 (flags = 0x41)
0  -O                                                                        (1 = 100.0%)
1  ... 

Histogram: InProductHelp.Db.Update.AvailabilityStore recorded 1 samples, mean = 1.0 (flags = 0x41)
0  O                                                                         (0 = 0.0%)
1  -O                                                                        (1 = 100.0%) {0.0%}
2  O                                                                         (0 = 0.0%) {100.0%}

Histogram: IndexedDB.ContextShutdownDuration recorded 1 samples, mean = 0.0 (flags = 0x41)
0  -O                                                                        (1 = 100.0%)
1  ... 

Histogram: Input.Digitizer.MaxTouchPoints.DirectPen recorded 1 samples, mean = 1.0 (flags = 0x41)
0  O                                                                         (0 = 0.0%)
1  -O                                                                        (1 = 100.0%) {0.0%}
2  ... 

Histogram: Input.Digitizer.MaxTouchPoints.Touch recorded 1 samples, mean = 2.0 (flags = 0x41)
0  ... 
2  -O                                                                        (1 = 100.0%) {0.0%}
3  ... 

Histogram: Input.Digitizer.MaxTouchPointsSupportedBySystemAtStartup recorded 1 samples, mean = 2.0 (flags = 0x41)
0  ... 
2  -O                                                                        (1 = 100.0%) {0.0%}
3  ... 

Histogram: Input.Digitizer.OnStartup recorded 2 samples, mean = 2.0 (flags = 0x41)
0  O                                                                         (0 = 0.0%)
1  -O                                                                        (1 = 50.0%) {0.0%}
2  O                                                                         (0 = 0.0%) {50.0%}
3  -O                                                                        (1 = 50.0%) {50.0%}
4  ... 

Histogram: Input.PointerTypePrimary recorded 1 samples, mean = 2.0 (flags = 0x41)
0  ... 
2  -O                                                                        (1 = 100.0%) {0.0%}
3  O                                                                         (0 = 0.0%) {100.0%}

Histogram: Input.PointerTypesAll recorded 1 samples, mean = 3.0 (flags = 0x41)
0  ... 
3  -O                                                                        (1 = 100.0%) {0.0%}
4  O                                                                         (0 = 0.0%) {100.0%}

Histogram: LanguageDetection.TFLiteModel.WasModelRequestDeferred recorded 2 samples, mean = 1.0 (flags = 0x41)
0  O                                                                         (0 = 0.0%)
1  --O                                                                       (2 = 100.0%) {0.0%}
2  O                                                                         (0 = 0.0%) {100.0%}

Histogram: LanguageUsage.AcceptLanguage recorded 1 samples (flags = 0x41)
25966  -O                                                                        (1 = 100.0%)

Histogram: LanguageUsage.AcceptLanguage.Count recorded 1 samples, mean = 1.0 (flags = 0x41)
0  O                                                                         (0 = 0.0%)
1  -O                                                                        (1 = 100.0%) {0.0%}
2  ... 

Histogram: LanguageUsage.AcceptLanguageAndContentLanguageUsage recorded 1 samples, mean = 0.0 (flags = 0x41)
0  -O                                                                        (1 = 100.0%)
1  ... 

Histogram: LanguageUsage.AcceptLanguageAndXmlHtmlLangUsage recorded 1 samples, mean = 7.0 (flags = 0x41)
0  ... 
7  -O                                                                        (1 = 100.0%) {0.0%}
8  O                                                                         (0 = 0.0%) {100.0%}

Histogram: LevelDB.ApproximateMemTableMemoryUse.BudgetManager recorded 0 samples (flags = 0x41)
0 ... 

Histogram: LevelDB.ApproximateMemTableMemoryUse.CartDatabase recorded 0 samples (flags = 0x41)
0 ... 

Histogram: LevelDB.ApproximateMemTableMemoryUse.ClientCertificatesDatabase recorded 0 samples (flags = 0x41)
0 ... 

Histogram: LevelDB.ApproximateMemTableMemoryUse.CommerceParcelTrackingDatabase recorded 0 samples (flags = 0x41)
0 ... 

Histogram: LevelDB.ApproximateMemTableMemoryUse.CommerceSubscriptionDatabase recorded 0 samples (flags = 0x41)
0 ... 

Histogram: LevelDB.ApproximateMemTableMemoryUse.CouponDatabase recorded 0 samples (flags = 0x41)
0 ... 

Histogram: LevelDB.ApproximateMemTableMemoryUse.DiscountsDatabase recorded 0 samples (flags = 0x41)
0 ... 

Histogram: LevelDB.ApproximateMemTableMemoryUse.DownloadDB recorded 0 samples (flags = 0x41)
0 ... 

Histogram: LevelDB.ApproximateMemTableMemoryUse.DownloadService recorded 0 samples (flags = 0x41)
0 ... 

Histogram: LevelDB.ApproximateMemTableMemoryUse.FeatureEngagementTrackerAvailabilityStore recorded 0 samples (flags = 0x41)
0 ... 

Histogram: LevelDB.ApproximateMemTableMemoryUse.FeatureEngagementTrackerEventStore recorded 0 samples (flags = 0x41)
0 ... 

Histogram: LevelDB.ApproximateMemTableMemoryUse.GCMKeyStore recorded 1 samples, mean = 4104.0 (flags = 0x41)
0  O                                                                         (0 = 0.0%)
1  -O                                                                        (1 = 100.0%) {0.0%}
270601... 

Histogram: LevelDB.ApproximateMemTableMemoryUse.Metadata recorded 1 samples, mean = 4104.0 (flags = 0x41)
0  O                                                                         (0 = 0.0%)
1  -O                                                                        (1 = 100.0%) {0.0%}
270601... 

Histogram: LevelDB.ApproximateMemTableMemoryUse.PersistentOriginTrials recorded 0 samples (flags = 0x41)
0 ... 

Histogram: LevelDB.ApproximateMemTableMemoryUse.PreviewsHintCacheStore recorded 0 samples (flags = 0x41)
0 ... 

Histogram: LevelDB.ApproximateMemTableMemoryUse.SegmentInfoDatabase recorded 0 samples (flags = 0x41)
0 ... 

Histogram: LevelDB.ApproximateMemTableMemoryUse.SharedProtoDB recorded 1 samples, mean = 86184.0 (flags = 0x41)
0  O                                                                         (0 = 0.0%)
1  -O                                                                        (1 = 100.0%) {0.0%}
270601... 

Histogram: LevelDB.ApproximateMemTableMemoryUse.SignalDatabase recorded 0 samples (flags = 0x41)
0 ... 

Histogram: LevelDB.ApproximateMemTableMemoryUse.SignalStorageConfigDatabase recorded 0 samples (flags = 0x41)
0 ... 

Histogram: LevelDB.ApproximateMemTableMemoryUse.StrikeService recorded 0 samples (flags = 0x41)
0 ... 

Histogram: LevelDBEnv.DeleteTableBackupFile recorded 0 samples (flags = 0x41)
0 ... 

Histogram: LevelDBEnv.SyncResult recorded 49 samples, mean = 0.0 (flags = 0x41)
0  -------------------------------------------------O                        (49 = 100.0%)
1  ... 

Histogram: LevelDBWrapper.CommitDelay recorded 2 samples, mean = 5000.0 (flags = 0x41)
0     ... 
4516  --O                                                                       (2 = 100.0%) {0.0%}
6118  ... 

Histogram: LoadingPredictor.PreconnectCount recorded 1 samples, mean = 1.0 (flags = 0x41)
0  O                                                                         (0 = 0.0%)
1  -O                                                                        (1 = 100.0%) {0.0%}
2  ... 

Histogram: LoadingPredictor.PreconnectHitsPercentage recorded 1 samples, mean = 100.0 (flags = 0x41)
0    ... 
100  -O                                                                        (1 = 100.0%) {0.0%}
101  O                                                                         (0 = 0.0%) {100.0%}

Histogram: LoadingPredictor.PredictorDatabaseFileSize recorded 1 samples, mean = 44.0 (flags = 0x41)
0   ... 
37  -O                                                                        (1 = 100.0%) {0.0%}
49  ... 

Histogram: LoadingPredictor.PreresolveCount recorded 1 samples, mean = 1.0 (flags = 0x41)
0  O                                                                         (0 = 0.0%)
1  -O                                                                        (1 = 100.0%) {0.0%}
2  ... 

Histogram: LoadingPredictor.PreresolveHitsPercentage recorded 1 samples, mean = 100.0 (flags = 0x41)
0    ... 
100  -O                                                                        (1 = 100.0%) {0.0%}
101  O                                                                         (0 = 0.0%) {100.0%}

Histogram: LocalStorage.MojoSizeInKB recorded 1 samples, mean = 8.0 (flags = 0x41)
0  ... 
8  -O                                                                        (1 = 100.0%) {0.0%}
9  ... 

Histogram: LocalStorage.MojoTimeToPrime recorded 1 samples, mean = 1.0 (flags = 0x41)
0  O                                                                         (0 = 0.0%)
1  -O                                                                        (1 = 100.0%) {0.0%}
2  ... 

Histogram: LocalStorage.MojoTimeToPrimeForUnder100KB recorded 1 samples, mean = 1.0 (flags = 0x41)
0  O                                                                         (0 = 0.0%)
1  -O                                                                        (1 = 100.0%) {0.0%}
2  ... 

Histogram: LocalStorage.RendererAreaCacheHit recorded 2 samples, mean = 1.0 (flags = 0x41)
0  -O                                                                        (1 = 50.0%)
1  O                                                                         (0 = 0.0%) {50.0%}
2  -O                                                                        (1 = 50.0%) {50.0%}
3  O                                                                         (0 = 0.0%) {100.0%}

Histogram: LocalStorageContext.ShutDown.MaybeDroppedChanges recorded 1 samples, mean = 0.0 (flags = 0x40)
0  -O                                                                        (1 = 100.0%)
1  ... 

Histogram: MPArch.ChildProcessLaunchFirst recorded 1 samples, mean = 12.0 (flags = 0x41)
0   ... 
12  -O                                                                        (1 = 100.0%) {0.0%}
14  ... 

Histogram: MPArch.ChildProcessLaunchSubsequent recorded 13 samples, mean = 6.8 (flags = 0x41)
0   ... 
5   -----O                                                                    (5 = 38.5%) {0.0%}
6   ----O                                                                     (4 = 30.8%) {38.5%}
7   -O                                                                        (1 = 7.7%) {69.2%}
8   -O                                                                        (1 = 7.7%) {76.9%}
10  -O                                                                        (1 = 7.7%) {84.6%}
12  -O                                                                        (1 = 7.7%) {92.3%}
14  ... 

Histogram: ManagedUsers.BlockedIframeCount recorded 1 samples, mean = 0.0 (flags = 0x41)
0  -O                                                                        (1 = 100.0%)
1  ... 

Histogram: Manifest.HasProperty.description recorded 1 samples, mean = 0.0 (flags = 0x41)
0  -O                                                                        (1 = 100.0%)
1  ... 

Histogram: Manifest.HasProperty.display recorded 1 samples, mean = 1.0 (flags = 0x41)
0  O                                                                         (0 = 0.0%)
1  -O                                                                        (1 = 100.0%) {0.0%}
2  O                                                                         (0 = 0.0%) {100.0%}

Histogram: Manifest.HasProperty.gcm_sender_id recorded 1 samples, mean = 0.0 (flags = 0x41)
0  -O                                                                        (1 = 100.0%)
1  ... 

Histogram: Manifest.HasProperty.icons recorded 1 samples, mean = 1.0 (flags = 0x41)
0  O                                                                         (0 = 0.0%)
1  -O                                                                        (1 = 100.0%) {0.0%}
2  O                                                                         (0 = 0.0%) {100.0%}

Histogram: Manifest.HasProperty.name recorded 1 samples, mean = 1.0 (flags = 0x41)
0  O                                                                         (0 = 0.0%)
1  -O                                                                        (1 = 100.0%) {0.0%}
2  O                                                                         (0 = 0.0%) {100.0%}

Histogram: Manifest.HasProperty.orientation recorded 1 samples, mean = 0.0 (flags = 0x41)
0  -O                                                                        (1 = 100.0%)
1  ... 

Histogram: Manifest.HasProperty.protocol_handlers recorded 1 samples, mean = 0.0 (flags = 0x41)
0  -O                                                                        (1 = 100.0%)
1  ... 

Histogram: Manifest.HasProperty.screenshots recorded 1 samples, mean = 0.0 (flags = 0x41)
0  -O                                                                        (1 = 100.0%)
1  ... 

Histogram: Manifest.HasProperty.share_target recorded 1 samples, mean = 0.0 (flags = 0x41)
0  -O                                                                        (1 = 100.0%)
1  ... 

Histogram: Manifest.HasProperty.short_name recorded 1 samples, mean = 1.0 (flags = 0x41)
0  O                                                                         (0 = 0.0%)
1  -O                                                                        (1 = 100.0%) {0.0%}
2  O                                                                         (0 = 0.0%) {100.0%}

Histogram: Manifest.HasProperty.start_url recorded 1 samples, mean = 1.0 (flags = 0x41)
0  O                                                                         (0 = 0.0%)
1  -O                                                                        (1 = 100.0%) {0.0%}
2  O                                                                         (0 = 0.0%) {100.0%}

Histogram: Manifest.ParseIdResult recorded 1 samples, mean = 1.0 (flags = 0x41)
0  O                                                                         (0 = 0.0%)
1  -O                                                                        (1 = 100.0%) {0.0%}
2  ... 

Histogram: Media.GPU.VideoDecoderType recorded 1 samples, mean = 11.0 (flags = 0x41)
0   ... 
11  -O                                                                        (1 = 100.0%) {0.0%}
12  ... 

Histogram: Media.MediaHistory.DatabaseExists recorded 1 samples, mean = 0.0 (flags = 0x41)
0  -O                                                                        (1 = 100.0%)
1  ... 

Histogram: MediaRouter.Cast.Discovery.ConnectedDevicesCount recorded 1 samples, mean = 0.0 (flags = 0x41)
0  -O                                                                        (1 = 100.0%)
1  ... 

Histogram: MediaRouter.Cast.Discovery.KnownDevicesCount recorded 1 samples, mean = 0.0 (flags = 0x41)
0  -O                                                                        (1 = 100.0%)
1  ... 

Histogram: MediaRouter.Dial.AvailableDevicesCount recorded 1 samples, mean = 0.0 (flags = 0x41)
0  -O                                                                        (1 = 100.0%)
1  ... 

Histogram: MediaRouter.Dial.KnownDevicesCount recorded 1 samples, mean = 0.0 (flags = 0x41)
0  -O                                                                        (1 = 100.0%)
1  ... 

Histogram: Memory.Discardable.FreelistSize.Foreground recorded 2 samples, mean = 0.0 (flags = 0x41)
0  --O                                                                       (2 = 100.0%)
1  ... 

Histogram: Memory.Discardable.LargeAllocationFromFreelist recorded 1 samples, mean = 0.0 (flags = 0x41)
0  -O                                                                        (1 = 100.0%)
1  ... 

Histogram: Memory.Discardable.Size.Foreground recorded 2 samples, mean = 0.0 (flags = 0x41)
0  --O                                                                       (2 = 100.0%)
1  ... 

Histogram: Memory.Discardable.VirtualSize.Foreground recorded 2 samples, mean = 0.0 (flags = 0x41)
0  --O                                                                       (2 = 100.0%)
1  ... 

Histogram: Memory.DiscardableAllocationSize recorded 1 samples, mean = 4309.0 (flags = 0x41)
0     ... 
3542  -O                                                                        (1 = 100.0%) {0.0%}
4818  ... 

Histogram: Memory.Experimental.AvailableMemoryMB recorded 4 samples, mean = 5156.5 (flags = 0x41)
0     ... 
4410  -O                                                                        (1 = 25.0%) {0.0%}
4869  --O                                                                       (2 = 50.0%) {25.0%}
5376  -O                                                                        (1 = 25.0%) {75.0%}
5936  ... 

Histogram: Memory.Experimental.AvailableMemoryPercent recorded 4 samples, mean = 15.2 (flags = 0x41)
0   ... 
14  -O                                                                        (1 = 25.0%) {0.0%}
15  -O                                                                        (1 = 25.0%) {25.0%}
16  --O                                                                       (2 = 50.0%) {50.0%}
17  ... 

Histogram: Memory.Experimental.Renderer.HighestPrivateMemoryFootprint.0to2min recorded 1 samples, mean = 77.0 (flags = 0x41)
0   ... 
75  -O                                                                        (1 = 100.0%) {0.0%}
84  ... 

Histogram: Memory.Experimental.Renderer.HighestPrivateMemoryFootprint.2to4min recorded 1 samples, mean = 61.0 (flags = 0x41)
0   ... 
60  -O                                                                        (1 = 100.0%) {0.0%}
67  ... 

Histogram: Memory.Experimental.Renderer.HighestPrivateMemoryFootprint.4to8min recorded 1 samples, mean = 61.0 (flags = 0x41)
0   ... 
60  -O                                                                        (1 = 100.0%) {0.0%}
67  ... 

Histogram: Memory.GPU.PeakMemoryAllocationSource2.PageLoad.SharedContextState recorded 1 samples, mean = 0.0 (flags = 0x41)
0  -O                                                                        (1 = 100.0%)
1  ... 

Histogram: Memory.GPU.PeakMemoryAllocationSource2.PageLoad.SharedImageStub recorded 1 samples, mean = 0.0 (flags = 0x41)
0  -O                                                                        (1 = 100.0%)
1  ... 

Histogram: Memory.GPU.PeakMemoryAllocationSource2.PageLoad.Skia recorded 1 samples, mean = 0.0 (flags = 0x41)
0  -O                                                                        (1 = 100.0%)
1  ... 

Histogram: Memory.GPU.PeakMemoryUsage2.PageLoad recorded 1 samples, mean = 0.0 (flags = 0x41)
0  -O                                                                        (1 = 100.0%)
1  ... 

Histogram: Memory.ParkableImage.OnDiskSize.5min recorded 1 samples, mean = 392.0 (flags = 0x41)
0    ... 
365  -O                                                                        (1 = 100.0%) {0.0%}
457  ... 

Histogram: Memory.ParkableImage.TotalReadTime.5min recorded 1 samples, mean = 0.0 (flags = 0x41)
0  -O                                                                        (1 = 100.0%)
1  ... 

Histogram: Memory.ParkableImage.TotalSize.5min recorded 1 samples, mean = 392.0 (flags = 0x41)
0    ... 
365  -O                                                                        (1 = 100.0%) {0.0%}
457  ... 

Histogram: Memory.ParkableImage.TotalWriteTime.5min recorded 1 samples, mean = 0.0 (flags = 0x41)
0  -O                                                                        (1 = 100.0%)
1  ... 

Histogram: Memory.ParkableImage.UnparkedSize.5min recorded 1 samples, mean = 0.0 (flags = 0x41)
0  -O                                                                        (1 = 100.0%)
1  ... 

Histogram: Memory.ParkableImage.Write.Latency recorded 1 samples, mean = 513.0 (flags = 0x41)
0    O                                                                         (0 = 0.0%)
500  -O                                                                        (1 = 100.0%) {0.0%}
540  ... 

Histogram: Memory.ParkableImage.Write.Size recorded 1 samples, mean = 392.0 (flags = 0x41)
0    ... 
378  -O                                                                        (1 = 100.0%) {0.0%}
449  ... 

Histogram: Memory.ParkableString.Compression.Latency recorded 16 samples, mean = 10225.8 (flags = 0x41)
0      --O                                                                       (2 = 12.5%)
500    ... 
584    -O                                                                        (1 = 6.2%) {12.5%}
631    O                                                                         (0 = 0.0%) {18.8%}
682    -O                                                                        (1 = 6.2%) {18.8%}
737    ... 
1004   -O                                                                        (1 = 6.2%) {25.0%}
1085   ... 
2752   -O                                                                        (1 = 6.2%) {31.2%}
2974   -O                                                                        (1 = 6.2%) {37.5%}
3214   O                                                                         (0 = 0.0%) {43.8%}
3473   --O                                                                       (2 = 12.5%) {43.8%}
3753   -O                                                                        (1 = 6.2%) {56.2%}
4056   O                                                                         (0 = 0.0%) {62.5%}
4383   -O                                                                        (1 = 6.2%) {62.5%}
4737   O                                                                         (0 = 0.0%) {68.8%}
5119   -O                                                                        (1 = 6.2%) {68.8%}
5532   ... 
6981   -O                                                                        (1 = 6.2%) {75.0%}
7544   ... 
19137  -O                                                                        (1 = 6.2%) {81.2%}
20681  O                                                                         (0 = 0.0%) {87.5%}
22349  -O                                                                        (1 = 6.2%) {87.5%}
24152  ... 
77318  -O                                                                        (1 = 6.2%) {93.8%}
83554  ... 

Histogram: Memory.ParkableString.Compression.SizeKb recorded 16 samples, mean = 328.4 (flags = 0x41)
0     ... 
12    -O                                                                        (1 = 6.2%) {0.0%}
14    ... 
20    -O                                                                        (1 = 6.2%) {6.2%}
23    -O                                                                        (1 = 6.2%) {12.5%}
26    O                                                                         (0 = 0.0%) {18.8%}
29    -O                                                                        (1 = 6.2%) {18.8%}
33    ... 
75    -O                                                                        (1 = 6.2%) {25.0%}
84    -O                                                                        (1 = 6.2%) {31.2%}
95    O                                                                         (0 = 0.0%) {37.5%}
107   -O                                                                        (1 = 6.2%) {37.5%}
120   O                                                                         (0 = 0.0%) {43.8%}
135   -O                                                                        (1 = 6.2%) {43.8%}
152   O                                                                         (0 = 0.0%) {50.0%}
171   ----O                                                                     (4 = 25.0%) {50.0%}
192   ... 
273   -O                                                                        (1 = 6.2%) {75.0%}
307   ... 
554   -O                                                                        (1 = 6.2%) {81.2%}
623   O                                                                         (0 = 0.0%) {87.5%}
701   -O                                                                        (1 = 6.2%) {87.5%}
789   ... 
1000  -O                                                                        (1 = 6.2%) {93.8%}

Histogram: Memory.ParkableString.Decompression.Latency recorded 2 samples, mean = 279.5 (flags = 0x41)
0  --O                                                                       (2 = 100.0%)
500... 

Histogram: Memory.ParkableString.Decompression.ThroughputMBps recorded 2 samples, mean = 537.5 (flags = 0x41)
0    ... 
437  -O                                                                        (1 = 50.0%) {0.0%}
492  O                                                                         (0 = 0.0%) {50.0%}
554  -O                                                                        (1 = 50.0%) {50.0%}
623  ... 

Histogram: Memory.ParkableString.DiskReadTime.5min recorded 1 samples, mean = 0.0 (flags = 0x41)
0  -O                                                                        (1 = 100.0%)
1  ... 

Histogram: Memory.ParkableString.DiskWriteTime.5min recorded 1 samples, mean = 10.0 (flags = 0x41)
0   ... 
10  -O                                                                        (1 = 100.0%) {0.0%}
12  ... 

Histogram: Memory.ParkableString.OnDiskSizeKb.5min recorded 1 samples, mean = 980.0 (flags = 0x41)
0    ... 
896  -O                                                                        (1 = 100.0%) {0.0%}
1122 ... 

Histogram: Memory.ParkableString.Read.Latency recorded 2 samples, mean = 45.0 (flags = 0x41)
0  --O                                                                       (2 = 100.0%)
500... 

Histogram: Memory.ParkableString.TotalParkingThreadTime.5min recorded 1 samples, mean = 152.0 (flags = 0x41)
0    ... 
135  -O                                                                        (1 = 100.0%) {0.0%}
160  ... 

Histogram: Memory.ParkableString.TotalUnparkingTime.5min recorded 1 samples, mean = 0.0 (flags = 0x41)
0  -O                                                                        (1 = 100.0%)
1  ... 

Histogram: Memory.PartitionAlloc.MemoryReclaim recorded 524 samples, mean = 245.6 (flags = 0x41)
0    ... 
49   ------O                                                                   (9 = 1.7%) {0.0%}
65   ------------------------------------------O                               (65 = 12.4%) {1.7%}
86   ------------------------------------------------------------------------O (112 = 21.4%) {14.1%}
113  ---------------------------------------O                                  (60 = 11.5%) {35.5%}
149  ------------O                                                             (18 = 3.4%) {46.9%}
196  ----------------------------------O                                       (53 = 10.1%) {50.4%}
258  --------------------------------O                                         (50 = 9.5%) {60.5%}
340  ---------------------------------------------------------O                (88 = 16.8%) {70.0%}
448  --------------------------------O                                         (50 = 9.5%) {86.8%}
590  --------O                                                                 (12 = 2.3%) {96.4%}
777  -----O                                                                    (7 = 1.3%) {98.7%}
1023 ... 

Histogram: Memory.PartitionAlloc.PartitionRoot.ExtrasSize recorded 1 samples, mean = 4.0 (flags = 0x41)
0  ... 
4  -O                                                                        (1 = 100.0%) {0.0%}
5  ... 

Histogram: Memory.PartitionAlloc.PeriodicPurge recorded 106 samples, mean = 26.3 (flags = 0x41)
0    ... 
5    ------O                                                                   (6 = 5.7%) {0.0%}
7    ----------O                                                               (10 = 9.4%) {5.7%}
9    ------------O                                                             (12 = 11.3%) {15.1%}
12   ------------------O                                                       (18 = 17.0%) {26.4%}
16   ----------O                                                               (10 = 9.4%) {43.4%}
21   ------------------O                                                       (18 = 17.0%) {52.8%}
28   -------------O                                                            (13 = 12.3%) {69.8%}
37   ------O                                                                   (6 = 5.7%) {82.1%}
49   ------O                                                                   (6 = 5.7%) {87.7%}
65   --O                                                                       (2 = 1.9%) {93.4%}
86   ---O                                                                      (3 = 2.8%) {95.3%}
113  -O                                                                        (1 = 0.9%) {98.1%}
149  -O                                                                        (1 = 0.9%) {99.1%}
196  ... 

Histogram: Memory.PressureLevel2 recorded 583 samples, mean = 0.0 (flags = 0x41)
0  ------------------------------------------------------------------------O (583 = 100.0%)
1  ... 

Histogram: Mojo.Channel.WriteReceiveMessageProcessType recorded 6 samples, mean = 0.3 (flags = 0x41)
0  -----O                                                                    (5 = 83.3%)
1  O                                                                         (0 = 0.0%) {83.3%}
2  -O                                                                        (1 = 16.7%) {83.3%}
3  ... 

Histogram: NQE.ContentObserver.NetworkQualityMeaningfullyChanged recorded 5 samples, mean = 0.6 (flags = 0x40)
0  --O                                                                       (2 = 40.0%)
1  ---O                                                                      (3 = 60.0%) {40.0%}
2  O                                                                         (0 = 0.0%) {100.0%}

Histogram: NQE.RTT.Error.Absolute recorded 7 samples, mean = 95.1 (flags = 0x41)
0    ... 
29   --O                                                                       (2 = 28.6%) {0.0%}
34   -O                                                                        (1 = 14.3%) {28.6%}
40   ... 
96   --O                                                                       (2 = 28.6%) {42.9%}
114  O                                                                         (0 = 0.0%) {71.4%}
135  -O                                                                        (1 = 14.3%) {71.4%}
160  O                                                                         (0 = 0.0%) {85.7%}
190  -O                                                                        (1 = 14.3%) {85.7%}
226  ... 

Histogram: NQE.RTT.Error.IsZero recorded 7 samples, mean = 0.0 (flags = 0x41)
0  -------O                                                                  (7 = 100.0%)
1  ... 

Histogram: NQE.RTT.Error.Negative recorded 3 samples, mean = 34.0 (flags = 0x41)
0   ... 
29  --O                                                                       (2 = 66.7%) {0.0%}
34  -O                                                                        (1 = 33.3%) {66.7%}
40  ... 

Histogram: NQE.RTT.Error.Positive recorded 4 samples, mean = 141.0 (flags = 0x41)
0    ... 
96   --O                                                                       (2 = 50.0%) {0.0%}
114  O                                                                         (0 = 0.0%) {50.0%}
135  -O                                                                        (1 = 25.0%) {50.0%}
160  O                                                                         (0 = 0.0%) {75.0%}
190  -O                                                                        (1 = 25.0%) {75.0%}
226  ... 

Histogram: NQE.RTT.HittingThreshold.EndToEnd.FallbackSuccess recorded 5 samples, mean = 0.0 (flags = 0x41)
0  -----O                                                                    (5 = 100.0%)
1  ... 

Histogram: NQE.RTT.HittingThreshold.Transport.FallbackSuccess recorded 1 samples, mean = 0.0 (flags = 0x41)
0  -O                                                                        (1 = 100.0%)
1  ... 

Histogram: NQE.RTT.ObservationSource recorded 33 samples, mean = 2.1 (flags = 0x41)
0  -------O                                                                  (7 = 21.2%)
1  O                                                                         (0 = 0.0%) {21.2%}
2  ---------------------O                                                    (21 = 63.6%) {21.2%}
3  -O                                                                        (1 = 3.0%) {84.8%}
4  -O                                                                        (1 = 3.0%) {87.9%}
5  O                                                                         (0 = 0.0%) {90.9%}
6  -O                                                                        (1 = 3.0%) {90.9%}
7  -O                                                                        (1 = 3.0%) {93.9%}
8  -O                                                                        (1 = 3.0%) {97.0%}
9  O                                                                         (0 = 0.0%) {100.0%}

Histogram: NQE.RTT.OnECTComputation recorded 19 samples, mean = 111.2 (flags = 0x41)
0    ... 
68   --------O                                                                 (8 = 42.1%) {0.0%}
81   --O                                                                       (2 = 10.5%) {42.1%}
96   O                                                                         (0 = 0.0%) {52.6%}
114  ----O                                                                     (4 = 21.1%) {52.6%}
135  O                                                                         (0 = 0.0%) {73.7%}
160  -----O                                                                    (5 = 26.3%) {73.7%}
190  ... 

Histogram: NQE.RenderThreadNotified recorded 9 samples, mean = 1.0 (flags = 0x40)
0  O                                                                         (0 = 0.0%)
1  ---------O                                                                (9 = 100.0%) {0.0%}
2  O                                                                         (0 = 0.0%) {100.0%}

Histogram: NQE.TransportRTT.OnECTComputation recorded 18 samples, mean = 39.7 (flags = 0x41)
0    ... 
24   --------O                                                                 (8 = 44.4%) {0.0%}
29   --O                                                                       (2 = 11.1%) {44.4%}
34   O                                                                         (0 = 0.0%) {55.6%}
40   ----O                                                                     (4 = 22.2%) {55.6%}
48   ---O                                                                      (3 = 16.7%) {77.8%}
57   ... 
114  -O                                                                        (1 = 5.6%) {94.4%}
135  ... 

Histogram: Navigation.BeginNavigationImpl.MainFrame recorded 2 samples, mean = 1.0 (flags = 0x41)
0  -O                                                                        (1 = 50.0%)
1  O                                                                         (0 = 0.0%) {50.0%}
2  -O                                                                        (1 = 50.0%) {50.0%}
3  ... 

Histogram: Navigation.BrowserInitiatedSessionHistoryCount recorded 1 samples, mean = 0.0 (flags = 0x41)
0  -O                                                                        (1 = 100.0%)
1  ... 

Histogram: Navigation.CommitRenderFrame recorded 1 samples, mean = 35.0 (flags = 0x41)
0   ... 
34  -O                                                                        (1 = 100.0%) {0.0%}
40  ... 

Histogram: Navigation.CommitToCompositorCreation recorded 1 samples, mean = 349.0 (flags = 0x41)
0    ... 
288  -O                                                                        (1 = 100.0%) {0.0%}
375  ... 

Histogram: Navigation.CompositorRequestedBeforeCommit2 recorded 1 samples, mean = 0.0 (flags = 0x41)
0  -O                                                                        (1 = 100.0%)
1  ... 

Histogram: Navigation.CompositorRequestedBeforeSwapRFH2 recorded 1 samples, mean = 0.0 (flags = 0x41)
0  -O                                                                        (1 = 100.0%)
1  ... 

Histogram: Navigation.CreateSpeculativeRFH recorded 1 samples, mean = 8.0 (flags = 0x41)
0  ... 
8  -O                                                                        (1 = 100.0%) {0.0%}
10 ... 

Histogram: Navigation.DidCommitSameDocumentNavigation.Duration recorded 1 samples, mean = 0.0 (flags = 0x41)
0  -O                                                                        (1 = 100.0%)
1  ... 

Histogram: Navigation.DidStartLoading.MainFrame recorded 3 samples, mean = 0.0 (flags = 0x41)
0  ---O                                                                      (3 = 100.0%)
1  ... 

Histogram: Navigation.DidStartLoading.Subframe recorded 2 samples, mean = 0.0 (flags = 0x41)
0  --O                                                                       (2 = 100.0%)
1  ... 

Histogram: Navigation.EarlyRenderFrameHostSwapType recorded 6 samples, mean = 0.0 (flags = 0x41)
0  ------O                                                                   (6 = 100.0%)
1  ... 

Histogram: Navigation.EngagementTime.HTTPS recorded 1 samples, mean = 579547.0 (flags = 0x41)
0       ... 
557732  -O                                                                        (1 = 100.0%) {0.0%}
643760  ... 

Histogram: Navigation.GetFrameHostForNavigation recorded 4 samples, mean = 9.5 (flags = 0x41)
0   --O                                                                       (2 = 50.0%)
1   ... 
8   -O                                                                        (1 = 25.0%) {50.0%}
10  ... 
29  -O                                                                        (1 = 25.0%) {75.0%}
34  ... 

Histogram: Navigation.GetFrameHostForNavigationTime.InDidCreateNavigationRequest.IsHTTPOrHTTPS recorded 3 samples, mean = 10086.7 (flags = 0x41)
0      ... 
76     -O                                                                        (1 = 33.3%) {0.0%}
105    O                                                                         (0 = 0.0%) {33.3%}
146    -O                                                                        (1 = 33.3%) {33.3%}
203    ... 
27562  -O                                                                        (1 = 33.3%) {66.7%}
38240  ... 

Histogram: Navigation.IsGuest recorded 1 samples, mean = 0.0 (flags = 0x41)
0  -O                                                                        (1 = 100.0%)
1  ... 

Histogram: Navigation.IsLockedProcess recorded 1 samples, mean = 1.0 (flags = 0x41)
0  O                                                                         (0 = 0.0%)
1  -O                                                                        (1 = 100.0%) {0.0%}
2  O                                                                         (0 = 0.0%) {100.0%}

Histogram: Navigation.IsLockedProcess.HTTPOrHTTPS recorded 1 samples, mean = 1.0 (flags = 0x41)
0  O                                                                         (0 = 0.0%)
1  -O                                                                        (1 = 100.0%) {0.0%}
2  O                                                                         (0 = 0.0%) {100.0%}

Histogram: Navigation.IsProcessBackgrounded.OnCommit recorded 1 samples, mean = 0.0 (flags = 0x41)
0  -O                                                                        (1 = 100.0%)
1  ... 

Histogram: Navigation.IsProcessBackgrounded.OnDOMContentLoaded recorded 1 samples, mean = 0.0 (flags = 0x41)
0  -O                                                                        (1 = 100.0%)
1  ... 

Histogram: Navigation.IsSameBrowsingInstance recorded 1 samples, mean = 0.0 (flags = 0x41)
0  -O                                                                        (1 = 100.0%)
1  ... 

Histogram: Navigation.IsSameSiteInstance recorded 1 samples, mean = 0.0 (flags = 0x41)
0  -O                                                                        (1 = 100.0%)
1  ... 

Histogram: Navigation.IsSameSiteInstance.MainFrame recorded 1 samples, mean = 0.0 (flags = 0x41)
0  -O                                                                        (1 = 100.0%)
1  ... 

Histogram: Navigation.LoaderCreateToRequestStart.MainFrame recorded 1 samples, mean = 5.0 (flags = 0x41)
0  ... 
5  -O                                                                        (1 = 100.0%) {0.0%}
6  ... 

Histogram: Navigation.MainFrame.FrameCount recorded 1 samples, mean = 2.0 (flags = 0x41)
0  ... 
2  -O                                                                        (1 = 100.0%) {0.0%}
3  ... 

Histogram: Navigation.MainFrame.MaxFrameCount recorded 3 samples, mean = 2.0 (flags = 0x41)
0  O                                                                         (0 = 0.0%)
1  -O                                                                        (1 = 33.3%) {0.0%}
2  -O                                                                        (1 = 33.3%) {33.3%}
3  -O                                                                        (1 = 33.3%) {66.7%}
4  ... 

Histogram: Navigation.MainFrame.NewNavigation.IgnoreRestore.IsHTTPOrHTTPS.BeginNavigationToLoaderStart.Time2 recorded 1 samples, mean = 8.0 (flags = 0x41)
0  ... 
8  -O                                                                        (1 = 100.0%) {0.0%}
10 ... 

Histogram: Navigation.MainFrame.NewNavigation.IgnoreRestore.IsHTTPOrHTTPS.FetchStart.Time2 recorded 1 samples, mean = 0.0 (flags = 0x41)
0  -O                                                                        (1 = 100.0%)
1  ... 

Histogram: Navigation.MainFrame.NewNavigation.IgnoreRestore.IsHTTPOrHTTPS.LoaderStartToFetchStart.Time2 recorded 1 samples, mean = 3410.0 (flags = 0x41)
0     ... 
2990  -O                                                                        (1 = 100.0%) {0.0%}
3553  ... 

Histogram: Navigation.MainFrame.NewNavigation.IgnoreRestore.IsHTTPOrHTTPS.LoaderStartToReceiveResponse.Time2 recorded 1 samples, mean = 4140.0 (flags = 0x41)
0     ... 
3553  -O                                                                        (1 = 100.0%) {0.0%}
4222  ... 

Histogram: Navigation.MainFrame.NewNavigation.IgnoreRestore.IsHTTPOrHTTPS.NavigationStartToBeginNavigation.Time2 recorded 1 samples, mean = 3544.0 (flags = 0x41)
0     ... 
2990  -O                                                                        (1 = 100.0%) {0.0%}
3553  ... 

Histogram: Navigation.MainFrame.NewNavigation.IgnoreRestore.IsHTTPOrHTTPS.ReceiveHeaders.Time2 recorded 1 samples, mean = 481.0 (flags = 0x41)
0    ... 
449  -O                                                                        (1 = 100.0%) {0.0%}
533  ... 

Histogram: Navigation.MainFrame.NewNavigation.IgnoreRestore.IsHTTPOrHTTPS.ReceiveHeadersToReceiveResponse.Time2 recorded 1 samples, mean = 248.0 (flags = 0x41)
0    ... 
226  -O                                                                        (1 = 100.0%) {0.0%}
268  ... 

Histogram: Navigation.MainFrame.NewNavigation.IgnoreRestore.IsHTTPOrHTTPS.ReceiveResponseToCommitNavigation.Time2 recorded 1 samples, mean = 20.0 (flags = 0x41)
0   ... 
20  -O                                                                        (1 = 100.0%) {0.0%}
24  ... 

Histogram: Navigation.MainFrame.RendererInitiated.InitiatorFramePresentAtStart recorded 1 samples, mean = 0.0 (flags = 0x41)
0  -O                                                                        (1 = 100.0%)
1  ... 

Histogram: Navigation.MainFrame.SiteEngagementLevel recorded 1 samples, mean = 2.0 (flags = 0x41)
0  ... 
2  -O                                                                        (1 = 100.0%) {0.0%}
3  ... 

Histogram: Navigation.MainFrame.ThirdPartyCookieBlockingEnabled recorded 2 samples, mean = 0.0 (flags = 0x41)
0  --O                                                                       (2 = 100.0%)
1  ... 

Histogram: Navigation.MainFrameHasRTLDomain2 recorded 2 samples, mean = 0.0 (flags = 0x41)
0  --O                                                                       (2 = 100.0%)
1  ... 

Histogram: Navigation.MainFrameHasRTLDomainDifferentPage2 recorded 1 samples, mean = 0.0 (flags = 0x41)
0  -O                                                                        (1 = 100.0%)
1  ... 

Histogram: Navigation.MainFrameProfileType2 recorded 2 samples, mean = 0.0 (flags = 0x41)
0  --O                                                                       (2 = 100.0%)
1  ... 

Histogram: Navigation.MainFrameScheme2 recorded 2 samples, mean = 2.0 (flags = 0x41)
0  ... 
2  --O                                                                       (2 = 100.0%) {0.0%}
3  ... 

Histogram: Navigation.MainFrameSchemeDifferentPage2 recorded 1 samples, mean = 2.0 (flags = 0x41)
0  ... 
2  -O                                                                        (1 = 100.0%) {0.0%}
3  ... 

Histogram: Navigation.OnBeforeUnloadOverheadTime recorded 2 samples, mean = 1777.5 (flags = 0x41)
0     ... 
10    -O                                                                        (1 = 50.0%) {0.0%}
12    ... 
2990  -O                                                                        (1 = 50.0%) {50.0%}
3553  ... 

Histogram: Navigation.OnBeforeUnloadTotalTime recorded 2 samples, mean = 0.0 (flags = 0x41)
0  --O                                                                       (2 = 100.0%)
1  ... 

Histogram: Navigation.OriginAgentCluster.Result recorded 1 samples, mean = 9.0 (flags = 0x41)
0  ... 
9  -O                                                                        (1 = 100.0%) {0.0%}
10 O                                                                         (0 = 0.0%) {100.0%}

Histogram: Navigation.PendingCommit.DidBlockGetFrameHostForNavigation.Regular recorded 1 samples, mean = 0.0 (flags = 0x41)
0  -O                                                                        (1 = 100.0%)
1  ... 

Histogram: Navigation.PendingCommit.Duration.Regular recorded 1 samples, mean = 30.0 (flags = 0x41)
0   ... 
29  -O                                                                        (1 = 100.0%) {0.0%}
34  ... 

Histogram: Navigation.Preconnect.PreresolveJobQueueLength recorded 16 samples, mean = 0.5 (flags = 0x41)
0  --------O                                                                 (8 = 50.0%)
1  --------O                                                                 (8 = 50.0%) {50.0%}
2  ... 

Histogram: Navigation.Preconnect.PreresolveJobQueueingTime recorded 8 samples, mean = 0.0 (flags = 0x41)
0  --------O                                                                 (8 = 100.0%)
1  ... 

Histogram: Navigation.Preconnect.ProxyLookupCallbackQueueingTime recorded 8 samples, mean = 224.1 (flags = 0x41)
0    ... 
3    -O                                                                        (1 = 12.5%) {0.0%}
4    ... 
6    -O                                                                        (1 = 12.5%) {12.5%}
7    ... 
135  -O                                                                        (1 = 12.5%) {25.0%}
160  ... 
318  -----O                                                                    (5 = 62.5%) {37.5%}
378  ... 

Histogram: Navigation.Preconnect.ProxyLookupLatency recorded 8 samples, mean = 1379.0 (flags = 0x41)
0     ... 
3     -O                                                                        (1 = 12.5%) {0.0%}
4     ... 
6     -O                                                                        (1 = 12.5%) {12.5%}
7     ... 
135   -O                                                                        (1 = 12.5%) {25.0%}
160   ... 
318   ---O                                                                      (3 = 37.5%) {37.5%}
378   ... 
2990  -O                                                                        (1 = 12.5%) {75.0%}
3553  ... 
5961  -O                                                                        (1 = 12.5%) {87.5%}
7083  ... 

Histogram: Navigation.Preconnect.ResolveHostCallbackQueueingTime recorded 8 samples, mean = 113.5 (flags = 0x41)
0    O                                                                         (0 = 0.0%)
1    --O                                                                       (2 = 25.0%) {0.0%}
2    ... 
7    -O                                                                        (1 = 12.5%) {25.0%}
8    ... 
68   --O                                                                       (2 = 25.0%) {37.5%}
81   ... 
114  -O                                                                        (1 = 12.5%) {62.5%}
135  ... 
268  -O                                                                        (1 = 12.5%) {75.0%}
318  -O                                                                        (1 = 12.5%) {87.5%}
378  ... 

Histogram: Navigation.Preconnect.ResolveHostLatency recorded 8 samples, mean = 119.8 (flags = 0x41)
0    ... 
2    --O                                                                       (2 = 25.0%) {0.0%}
3    ... 
8    -O                                                                        (1 = 12.5%) {25.0%}
10   ... 
68   --O                                                                       (2 = 25.0%) {37.5%}
81   ... 
135  -O                                                                        (1 = 12.5%) {62.5%}
160  ... 
318  --O                                                                       (2 = 25.0%) {75.0%}
378  ... 

Histogram: Navigation.ProcessNavigationThrottlesTime.WillStartRequest.MainFrame recorded 2 samples, mean = 7.0 (flags = 0x41)
0  ... 
6  -O                                                                        (1 = 50.0%) {0.0%}
7  O                                                                         (0 = 0.0%) {50.0%}
8  -O                                                                        (1 = 50.0%) {50.0%}
10 ... 

Histogram: Navigation.QueueTime.OnReceiveRedirect.MainFrame recorded 1 samples, mean = 62.0 (flags = 0x41)
0   ... 
57  -O                                                                        (1 = 100.0%) {0.0%}
68  ... 

Histogram: Navigation.QueueTime.OnReceiveResponse.MainFrame recorded 1 samples, mean = 246.0 (flags = 0x41)
0    ... 
226  -O                                                                        (1 = 100.0%) {0.0%}
268  ... 

Histogram: Navigation.ReadyToCommitUntilCommit2 recorded 1 samples, mean = 30.0 (flags = 0x41)
0   ... 
25  -O                                                                        (1 = 100.0%) {0.0%}
32  ... 

Histogram: Navigation.ReadyToCommitUntilCommit2.ForegroundProcessPriority recorded 1 samples, mean = 30.0 (flags = 0x41)
0   ... 
25  -O                                                                        (1 = 100.0%) {0.0%}
32  ... 

Histogram: Navigation.ReadyToCommitUntilCommit2.NewNavigation recorded 1 samples, mean = 30.0 (flags = 0x41)
0   ... 
25  -O                                                                        (1 = 100.0%) {0.0%}
32  ... 

Histogram: Navigation.RegisterNavigationThrottlesTime.MainFrame recorded 2 samples, mean = 1.0 (flags = 0x41)
0  -O                                                                        (1 = 50.0%)
1  O                                                                         (0 = 0.0%) {50.0%}
2  -O                                                                        (1 = 50.0%) {50.0%}
3  ... 

Histogram: Navigation.RenderFrameDelete recorded 1 samples, mean = 0.0 (flags = 0x41)
0  -O                                                                        (1 = 100.0%)
1  ... 

Histogram: Navigation.RenderFrameHostConstructor recorded 4 samples, mean = 0.0 (flags = 0x41)
0  ----O                                                                     (4 = 100.0%)
1  ... 

Histogram: Navigation.RenderFrameHostDestructor recorded 4 samples, mean = 1.0 (flags = 0x41)
0  --O                                                                       (2 = 50.0%)
1  -O                                                                        (1 = 25.0%) {50.0%}
2  O                                                                         (0 = 0.0%) {75.0%}
3  -O                                                                        (1 = 25.0%) {75.0%}
4  ... 

Histogram: Navigation.RenderViewHostConstructor recorded 2 samples, mean = 0.0 (flags = 0x41)
0  --O                                                                       (2 = 100.0%)
1  ... 

Histogram: Navigation.RenderViewHostDestructor recorded 2 samples, mean = 0.5 (flags = 0x41)
0  -O                                                                        (1 = 50.0%)
1  -O                                                                        (1 = 50.0%) {50.0%}
2  ... 

Histogram: Navigation.RenderWidgetHostConstructor recorded 2 samples, mean = 0.5 (flags = 0x41)
0  -O                                                                        (1 = 50.0%)
1  -O                                                                        (1 = 50.0%) {50.0%}
2  ... 

Histogram: Navigation.RenderWidgetHostDestructor recorded 2 samples, mean = 0.0 (flags = 0x41)
0  --O                                                                       (2 = 100.0%)
1  ... 

Histogram: Navigation.RendererCommitDelay.MainFrame recorded 1 samples, mean = 3.0 (flags = 0x41)
0  ... 
3  -O                                                                        (1 = 100.0%) {0.0%}
4  ... 

Histogram: Navigation.RendererCommitQueueTime.MainFrame recorded 1 samples, mean = 1.0 (flags = 0x41)
0  O                                                                         (0 = 0.0%)
1  -O                                                                        (1 = 100.0%) {0.0%}
2  ... 

Histogram: Navigation.RendererDidNavigateTime.MainFrame recorded 1 samples, mean = 1.0 (flags = 0x41)
0  O                                                                         (0 = 0.0%)
1  -O                                                                        (1 = 100.0%) {0.0%}
2  ... 

Histogram: Navigation.RendererDidNavigateTime.Subframe recorded 2 samples, mean = 0.0 (flags = 0x41)
0  --O                                                                       (2 = 100.0%)
1  ... 

Histogram: Navigation.RequiresDedicatedProcess recorded 1 samples, mean = 1.0 (flags = 0x41)
0  O                                                                         (0 = 0.0%)
1  -O                                                                        (1 = 100.0%) {0.0%}
2  O                                                                         (0 = 0.0%) {100.0%}

Histogram: Navigation.RequiresDedicatedProcess.HTTPOrHTTPS recorded 1 samples, mean = 1.0 (flags = 0x41)
0  O                                                                         (0 = 0.0%)
1  -O                                                                        (1 = 100.0%) {0.0%}
2  O                                                                         (0 = 0.0%) {100.0%}

Histogram: Navigation.SameDocumentNavigationWithScreenshot recorded 1 samples, mean = 0.0 (flags = 0x41)
0  -O                                                                        (1 = 100.0%)
1  ... 

Histogram: Navigation.SendCommitNavigationTime.MainFrame recorded 1 samples, mean = 1.0 (flags = 0x41)
0  O                                                                         (0 = 0.0%)
1  -O                                                                        (1 = 100.0%) {0.0%}
2  ... 

Histogram: Navigation.StartToCommit recorded 3 samples, mean = 2579.0 (flags = 0x41)
0     --O                                                                       (2 = 66.7%)
1     ... 
6296  -O                                                                        (1 = 33.3%) {66.7%}
8000  ... 

Histogram: Navigation.StartToCommit.CrossProcess recorded 1 samples, mean = 7737.0 (flags = 0x41)
0     ... 
6296  -O                                                                        (1 = 100.0%) {0.0%}
8000  ... 

Histogram: Navigation.StartToCommit.CrossProcess.ForegroundProcessPriority recorded 1 samples, mean = 7737.0 (flags = 0x41)
0     ... 
6296  -O                                                                        (1 = 100.0%) {0.0%}
8000  ... 

Histogram: Navigation.StartToCommit.CrossProcess.MainFrame recorded 1 samples, mean = 7737.0 (flags = 0x41)
0     ... 
6296  -O                                                                        (1 = 100.0%) {0.0%}
8000  ... 

Histogram: Navigation.StartToCommit.CrossProcess.MainFrame.ForegroundProcessPriority recorded 1 samples, mean = 7737.0 (flags = 0x41)
0     ... 
6296  -O                                                                        (1 = 100.0%) {0.0%}
8000  ... 

Histogram: Navigation.StartToCommit.CrossProcess.MainFrame.NewNavigation recorded 1 samples, mean = 7737.0 (flags = 0x41)
0     ... 
6296  -O                                                                        (1 = 100.0%) {0.0%}
8000  ... 

Histogram: Navigation.StartToCommit.CrossProcess.NewNavigation recorded 1 samples, mean = 7737.0 (flags = 0x41)
0     ... 
6296  -O                                                                        (1 = 100.0%) {0.0%}
8000  ... 

Histogram: Navigation.StartToCommit.ForegroundProcessPriority recorded 3 samples, mean = 2579.0 (flags = 0x41)
0     --O                                                                       (2 = 66.7%)
1     ... 
6296  -O                                                                        (1 = 33.3%) {66.7%}
8000  ... 

Histogram: Navigation.StartToCommit.MainFrame recorded 1 samples, mean = 7737.0 (flags = 0x41)
0     ... 
6296  -O                                                                        (1 = 100.0%) {0.0%}
8000  ... 

Histogram: Navigation.StartToCommit.MainFrame.ForegroundProcessPriority recorded 1 samples, mean = 7737.0 (flags = 0x41)
0     ... 
6296  -O                                                                        (1 = 100.0%) {0.0%}
8000  ... 

Histogram: Navigation.StartToCommit.MainFrame.NewNavigation recorded 1 samples, mean = 7737.0 (flags = 0x41)
0     ... 
6296  -O                                                                        (1 = 100.0%) {0.0%}
8000  ... 

Histogram: Navigation.StartToCommit.NewNavigation recorded 3 samples, mean = 2579.0 (flags = 0x41)
0     --O                                                                       (2 = 66.7%)
1     ... 
6296  -O                                                                        (1 = 33.3%) {66.7%}
8000  ... 

Histogram: Navigation.StartToCommit.SameProcess recorded 2 samples, mean = 0.0 (flags = 0x41)
0  --O                                                                       (2 = 100.0%)
1  ... 

Histogram: Navigation.StartToCommit.SameProcess.ForegroundProcessPriority recorded 2 samples, mean = 0.0 (flags = 0x41)
0  --O                                                                       (2 = 100.0%)
1  ... 

Histogram: Navigation.StartToCommit.SameProcess.NewNavigation recorded 2 samples, mean = 0.0 (flags = 0x41)
0  --O                                                                       (2 = 100.0%)
1  ... 

Histogram: Navigation.StartToCommit.SameProcess.Subframe recorded 2 samples, mean = 0.0 (flags = 0x41)
0  --O                                                                       (2 = 100.0%)
1  ... 

Histogram: Navigation.StartToCommit.SameProcess.Subframe.ForegroundProcessPriority recorded 2 samples, mean = 0.0 (flags = 0x41)
0  --O                                                                       (2 = 100.0%)
1  ... 

Histogram: Navigation.StartToCommit.SameProcess.Subframe.NewNavigation recorded 2 samples, mean = 0.0 (flags = 0x41)
0  --O                                                                       (2 = 100.0%)
1  ... 

Histogram: Navigation.StartToCommit.Subframe recorded 2 samples, mean = 0.0 (flags = 0x41)
0  --O                                                                       (2 = 100.0%)
1  ... 

Histogram: Navigation.StartToCommit.Subframe.ForegroundProcessPriority recorded 2 samples, mean = 0.0 (flags = 0x41)
0  --O                                                                       (2 = 100.0%)
1  ... 

Histogram: Navigation.StartToCommit.Subframe.NewNavigation recorded 2 samples, mean = 0.0 (flags = 0x41)
0  --O                                                                       (2 = 100.0%)
1  ... 

Histogram: Navigation.SuddenTerminationDisabler.AllOrigins recorded 1 samples, mean = 13.0 (flags = 0x41)
0   ... 
13  -O                                                                        (1 = 100.0%) {0.0%}
14  ... 

Histogram: Navigation.SuddenTerminationDisabler.SameOrigin recorded 1 samples, mean = 13.0 (flags = 0x41)
0   ... 
13  -O                                                                        (1 = 100.0%) {0.0%}
14  ... 

Histogram: Navigation.SwapRFHToCompositorCreation recorded 1 samples, mean = 330.0 (flags = 0x41)
0    ... 
288  -O                                                                        (1 = 100.0%) {0.0%}
375  ... 

Histogram: Navigation.ThrottleCount recorded 2 samples, mean = 20.0 (flags = 0x41)
0   ... 
20  --O                                                                       (2 = 100.0%) {0.0%}
21  ... 

Histogram: Navigation.ThrottleEventDurationTime.WillProcessResponse recorded 1 samples, mean = 0.0 (flags = 0x41)
0  -O                                                                        (1 = 100.0%)
1  ... 

Histogram: Navigation.ThrottleEventDurationTime.WillRedirectRequest recorded 1 samples, mean = 0.0 (flags = 0x41)
0  -O                                                                        (1 = 100.0%)
1  ... 

Histogram: Navigation.ThrottleEventDurationTime.WillStartRequest recorded 2 samples, mean = 3.0 (flags = 0x41)
0  ... 
2  -O                                                                        (1 = 50.0%) {0.0%}
3  O                                                                         (0 = 0.0%) {50.0%}
4  -O                                                                        (1 = 50.0%) {50.0%}
5  ... 

Histogram: Navigation.ThrottleEventExecutionTime.WillProcessResponse recorded 1 samples, mean = 0.0 (flags = 0x41)
0  -O                                                                        (1 = 100.0%)
1  ... 

Histogram: Navigation.ThrottleEventExecutionTime.WillRedirectRequest recorded 1 samples, mean = 0.0 (flags = 0x41)
0  -O                                                                        (1 = 100.0%)
1  ... 

Histogram: Navigation.ThrottleEventExecutionTime.WillStartRequest recorded 2 samples, mean = 3.0 (flags = 0x41)
0  ... 
2  -O                                                                        (1 = 50.0%) {0.0%}
3  O                                                                         (0 = 0.0%) {50.0%}
4  -O                                                                        (1 = 50.0%) {50.0%}
5  ... 

Histogram: Navigation.ThrottleExecutionTime.WillProcessResponse recorded 20 samples, mean = 0.0 (flags = 0x41)
0  --------------------O                                                     (20 = 100.0%)
1  ... 

Histogram: Navigation.ThrottleExecutionTime.WillRedirectRequest recorded 20 samples, mean = 0.0 (flags = 0x41)
0  --------------------O                                                     (20 = 100.0%)
1  ... 

Histogram: Navigation.ThrottleExecutionTime.WillStartRequest recorded 40 samples, mean = 0.1 (flags = 0x41)
0  --------------------------------------O                                   (38 = 95.0%)
1  -O                                                                        (1 = 2.5%) {95.0%}
2  O                                                                         (0 = 0.0%) {97.5%}
3  -O                                                                        (1 = 2.5%) {97.5%}
4  ... 

Histogram: Navigation.ThrottleTotalDeferCount recorded 5 samples, mean = 0.0 (flags = 0x41)
0  -----O                                                                    (5 = 100.0%)
1  ... 

Histogram: Navigation.ThrottleTotalDeferCount.Request recorded 5 samples, mean = 0.0 (flags = 0x41)
0  -----O                                                                    (5 = 100.0%)
1  ... 

Histogram: Navigation.ThrottleTotalDeferTime recorded 5 samples, mean = 0.0 (flags = 0x41)
0  -----O                                                                    (5 = 100.0%)
1  ... 

Histogram: Navigation.ThrottleTotalDeferTime.Request recorded 5 samples, mean = 0.0 (flags = 0x41)
0  -----O                                                                    (5 = 100.0%)
1  ... 

Histogram: Navigation.Throttles.PolicyBlocklist.DeferDurationTime recorded 2 samples, mean = 0.0 (flags = 0x41)
0  --O                                                                       (2 = 100.0%)
1  ... 

Histogram: Navigation.Throttles.PolicyBlocklist.RequestThrottleAction recorded 2 samples, mean = 2.5 (flags = 0x41)
0  O                                                                         (0 = 0.0%)
1  -O                                                                        (1 = 50.0%) {0.0%}
2  ... 
4  -O                                                                        (1 = 50.0%) {50.0%}
5  ... 

Histogram: Navigation.Throttles.PolicyBlocklist.RequestToResponseTime recorded 1 samples, mean = 0.0 (flags = 0x41)
0  -O                                                                        (1 = 100.0%)
1  ... 

Histogram: Navigation.TimeToReadyToCommit2 recorded 1 samples, mean = 7707.0 (flags = 0x41)
0     ... 
6296  -O                                                                        (1 = 100.0%) {0.0%}
8000  ... 

Histogram: Navigation.TimeToReadyToCommit2.CrossProcess recorded 1 samples, mean = 7707.0 (flags = 0x41)
0     ... 
6296  -O                                                                        (1 = 100.0%) {0.0%}
8000  ... 

Histogram: Navigation.TimeToReadyToCommit2.CrossProcess.NewNavigation recorded 1 samples, mean = 7707.0 (flags = 0x41)
0     ... 
6296  -O                                                                        (1 = 100.0%) {0.0%}
8000  ... 

Histogram: Navigation.TimeToReadyToCommit2.MainFrame recorded 1 samples, mean = 7707.0 (flags = 0x41)
0     ... 
6296  -O                                                                        (1 = 100.0%) {0.0%}
8000  ... 

Histogram: Navigation.TimeToReadyToCommit2.MainFrame.NewNavigation recorded 1 samples, mean = 7707.0 (flags = 0x41)
0     ... 
6296  -O                                                                        (1 = 100.0%) {0.0%}
8000  ... 

Histogram: Navigation.TimeToReadyToCommit2.NewNavigation recorded 1 samples, mean = 7707.0 (flags = 0x41)
0     ... 
6296  -O                                                                        (1 = 100.0%) {0.0%}
8000  ... 

Histogram: Navigation.TpcdMitigations.MetadataInstallationResult recorded 1 samples, mean = 0.0 (flags = 0x41)
0  -O                                                                        (1 = 100.0%)
1  ... 

Histogram: Navigation.Unload recorded 1 samples, mean = 0.0 (flags = 0x41)
0  -O                                                                        (1 = 100.0%)
1  ... 

Histogram: Navigation.UserAgentStringType recorded 4 samples, mean = 1.0 (flags = 0x41)
0  O                                                                         (0 = 0.0%)
1  ----O                                                                     (4 = 100.0%) {0.0%}
2  ... 

Histogram: Navigation.WillStartRequestToLoaderStart.MainFrame recorded 2 samples, mean = 4.5 (flags = 0x41)
0  ... 
2  -O                                                                        (1 = 50.0%) {0.0%}
3  ... 
7  -O                                                                        (1 = 50.0%) {50.0%}
8  ... 

Histogram: NavigationPredictor.SearchEnginePreconnector.IsBrowserAppLikelyInForeground recorded 10 samples, mean = 0.3 (flags = 0x41)
0  -------O                                                                  (7 = 70.0%)
1  ---O                                                                      (3 = 30.0%) {70.0%}
2  O                                                                         (0 = 0.0%) {100.0%}

Histogram: NavigationSuggestion.GetDomainInfoDelayBeforeAllowingNavigation recorded 1 samples, mean = 0.0 (flags = 0x41)
0  -O                                                                        (1 = 100.0%)
1  ... 

Histogram: NavigationSuggestion.IsLookalikeUrlDelayBeforeAllowingNavigation recorded 1 samples, mean = 0.0 (flags = 0x41)
0  -O                                                                        (1 = 100.0%)
1  ... 

Histogram: NavigationSuggestion.PerformChecksDelayBeforeAllowingNavigation recorded 1 samples, mean = 0.0 (flags = 0x41)
0  -O                                                                        (1 = 100.0%)
1  ... 

Histogram: Net.AlternateProtocolUsage recorded 26 samples, mean = 2.7 (flags = 0x41)
0  -------O                                                                  (7 = 26.9%)
1  -------O                                                                  (7 = 26.9%) {26.9%}
2  -O                                                                        (1 = 3.8%) {53.8%}
3  ----O                                                                     (4 = 15.4%) {57.7%}
4  ... 
6  -O                                                                        (1 = 3.8%) {73.1%}
7  ------O                                                                   (6 = 23.1%) {76.9%}
8  O                                                                         (0 = 0.0%) {100.0%}

Histogram: Net.AlternateProtocolUsageGoogle recorded 12 samples, mean = 2.3 (flags = 0x41)
0  -O                                                                        (1 = 8.3%)
1  ------O                                                                   (6 = 50.0%) {8.3%}
2  -O                                                                        (1 = 8.3%) {58.3%}
3  --O                                                                       (2 = 16.7%) {66.7%}
4  ... 
7  --O                                                                       (2 = 16.7%) {83.3%}
8  O                                                                         (0 = 0.0%) {100.0%}

Histogram: Net.AlternativeServiceTypeForRequest recorded 32 samples, mean = 0.5 (flags = 0x41)
0  ----------------O                                                         (16 = 50.0%)
1  ----------------O                                                         (16 = 50.0%) {50.0%}
2  ... 

Histogram: Net.CertVerifier.PathBuilderIterationCount recorded 18 samples, mean = 2.0 (flags = 0x41)
0  ... 
2  ------------------O                                                       (18 = 100.0%) {0.0%}
3  ... 

Histogram: Net.CertVerifier_First_Job_Latency recorded 2 samples, mean = 184.0 (flags = 0x41)
0    ... 
14   -O                                                                        (1 = 50.0%) {0.0%}
16   ... 
348  -O                                                                        (1 = 50.0%) {50.0%}
394  ... 

Histogram: Net.CertVerifier_Job_Latency recorded 17 samples, mean = 233.2 (flags = 0x41)
0    ... 
14   -----O                                                                    (5 = 29.4%) {0.0%}
16   -O                                                                        (1 = 5.9%) {29.4%}
18   ... 
26   -O                                                                        (1 = 5.9%) {35.3%}
29   ... 
88   -O                                                                        (1 = 5.9%) {41.2%}
100  -O                                                                        (1 = 5.9%) {47.1%}
113  ... 
186  -O                                                                        (1 = 5.9%) {52.9%}
211  O                                                                         (0 = 0.0%) {58.8%}
239  -O                                                                        (1 = 5.9%) {58.8%}
271  ... 
348  --O                                                                       (2 = 11.8%) {64.7%}
394  ... 
572  ----O                                                                     (4 = 23.5%) {76.5%}
648  ... 

Histogram: Net.Certificate.TrustAnchor.Request recorded 22 samples (flags = 0x41)
210  ---O                                                                      (3 = 13.6%)
483  -------O                                                                  (7 = 31.8%)
486  ------------O                                                             (12 = 54.5%)

Histogram: Net.Certificate.TrustAnchor.Verify recorded 18 samples (flags = 0x41)
210  --O                                                                       (2 = 11.1%)
483  -----O                                                                    (5 = 27.8%)
486  -----------O                                                              (11 = 61.1%)

Histogram: Net.ConnectionInfo.MainFrame recorded 1 samples, mean = 4.0 (flags = 0x41)
0  ... 
4  -O                                                                        (1 = 100.0%) {0.0%}
5  ... 

Histogram: Net.ConnectionInfo.SubResource recorded 10 samples, mean = 29.2 (flags = 0x41)
0   ... 
4   ---O                                                                      (3 = 30.0%) {0.0%}
5   ... 
40  -------O                                                                  (7 = 70.0%) {30.0%}
41  ... 

Histogram: Net.ContentEncodingType recorded 54 samples, mean = 0.9 (flags = 0x41)
0  -------------O                                                            (13 = 24.1%)
1  -------------------------------O                                          (31 = 57.4%) {24.1%}
2  ----------O                                                               (10 = 18.5%) {81.5%}
3  ... 

Histogram: Net.Cors.AccessCheckResult recorded 5 samples, mean = 0.0 (flags = 0x41)
0  -----O                                                                    (5 = 100.0%)
1  ... 

Histogram: Net.CountOfQuicServerInfos recorded 1 samples, mean = 0.0 (flags = 0x41)
0  -O                                                                        (1 = 100.0%)
1  ... 

Histogram: Net.DNS.DnsConfig.DnsClientCapability recorded 40 samples, mean = 1.0 (flags = 0x41)
0  O                                                                         (0 = 0.0%)
1  ----------------------------------------O                                 (40 = 100.0%) {0.0%}
2  ... 

Histogram: Net.DNS.DnsConfig.SecureDnsMode recorded 1 samples, mean = 4.0 (flags = 0x41)
0  ... 
4  -O                                                                        (1 = 100.0%) {0.0%}
5  ... 

Histogram: Net.DNS.DnsConfig.Windows.Compatibility recorded 2 samples, mean = 0.0 (flags = 0x41)
0  --O                                                                       (2 = 100.0%)
1  ... 

Histogram: Net.DNS.DnsConfig.Windows.ReadSystemSettings0 recorded 2 samples, mean = 0.0 (flags = 0x41)
0  --O                                                                       (2 = 100.0%)
1  ... 

Histogram: Net.DNS.DnsHosts.Count recorded 2 samples, mean = 1.0 (flags = 0x41)
0  O                                                                         (0 = 0.0%)
1  --O                                                                       (2 = 100.0%) {0.0%}
2  ... 

Histogram: Net.DNS.DnsHosts.EstimateMemoryUsage recorded 2 samples, mean = 120.0 (flags = 0x41)
0  --O                                                                       (2 = 100.0%)
1000... 

Histogram: Net.DNS.DnsHosts.FileSize recorded 2 samples, mean = 1057.0 (flags = 0x41)
0    ... 
737  --O                                                                       (2 = 100.0%) {0.0%}
1065 ... 

Histogram: Net.DNS.DnsTask.SuccessTime recorded 10 samples, mean = 25.0 (flags = 0x41)
0   ... 
18  ---O                                                                      (3 = 30.0%) {0.0%}
21  ------O                                                                   (6 = 60.0%) {30.0%}
24  ... 
58  -O                                                                        (1 = 10.0%) {90.0%}
67  ... 

Histogram: Net.DNS.DnsTask.SvcbHttpsTransactionError recorded 8 samples, mean = 0.0 (flags = 0x41)
0  --------O                                                                 (8 = 100.0%)
1  ... 

Histogram: Net.DNS.DnsTransaction.AttemptType recorded 20 samples, mean = 0.0 (flags = 0x41)
0  --------------------O                                                     (20 = 100.0%)
1  ... 

Histogram: Net.DNS.DnsTransaction.Insecure.Other.SuccessTime recorded 18 samples, mean = 22.5 (flags = 0x41)
0   ... 
10  -O                                                                        (1 = 5.6%) {0.0%}
13  ---O                                                                      (3 = 16.7%) {5.6%}
16  -------O                                                                  (7 = 38.9%) {22.2%}
20  -----O                                                                    (5 = 27.8%) {61.1%}
25  ... 
41  -O                                                                        (1 = 5.6%) {88.9%}
52  -O                                                                        (1 = 5.6%) {94.4%}
66  ... 

Histogram: Net.DNS.H3SupportedGoogleHost.TaskTypeMetadataAvailability2 recorded 1 samples, mean = 3.0 (flags = 0x41)
0  ... 
3  -O                                                                        (1 = 100.0%) {0.0%}
4  ... 

Histogram: Net.DNS.HTTPSSVC.RecordHttps.Insecure.ExpectNoerror.DnsRcode recorded 10 samples, mean = 2.4 (flags = 0x41)
0  --O                                                                       (2 = 20.0%)
1  ... 
3  --------O                                                                 (8 = 80.0%) {20.0%}
4  ... 

Histogram: Net.DNS.HTTPSSVC.RecordHttps.Insecure.ExpectNoerror.Parsable recorded 2 samples, mean = 1.0 (flags = 0x41)
0  O                                                                         (0 = 0.0%)
1  --O                                                                       (2 = 100.0%) {0.0%}
2  O                                                                         (0 = 0.0%) {100.0%}

Histogram: Net.DNS.HTTPSSVC.RecordHttps.Insecure.ExpectNoerror.ResolveTimeAddress recorded 10 samples, mean = 20.7 (flags = 0x41)
0   ... 
10  -O                                                                        (1 = 10.0%) {0.0%}
13  --O                                                                       (2 = 20.0%) {10.0%}
16  ---O                                                                      (3 = 30.0%) {30.0%}
20  ---O                                                                      (3 = 30.0%) {60.0%}
25  ... 
41  -O                                                                        (1 = 10.0%) {90.0%}
52  ... 

Histogram: Net.DNS.HTTPSSVC.RecordHttps.Insecure.ExpectNoerror.ResolveTimeExperimental recorded 10 samples, mean = 24.4 (flags = 0x41)
0   ... 
16  ----O                                                                     (4 = 40.0%) {0.0%}
20  -----O                                                                    (5 = 50.0%) {40.0%}
25  ... 
52  -O                                                                        (1 = 10.0%) {90.0%}
66  ... 

Histogram: Net.DNS.HTTPSSVC.RecordHttps.Insecure.ExpectNoerror.ResolveTimeRatio recorded 10 samples, mean = 11.7 (flags = 0x41)
0   ... 
8   --O                                                                       (2 = 20.0%) {0.0%}
9   -O                                                                        (1 = 10.0%) {20.0%}
10  O                                                                         (0 = 0.0%) {30.0%}
11  -O                                                                        (1 = 10.0%) {30.0%}
12  ---O                                                                      (3 = 30.0%) {40.0%}
13  O                                                                         (0 = 0.0%) {70.0%}
14  --O                                                                       (2 = 20.0%) {70.0%}
15  ... 
17  -O                                                                        (1 = 10.0%) {90.0%}
18  ... 

Histogram: Net.DNS.JobQueueTime.PerTransaction recorded 20 samples, mean = 0.0 (flags = 0x41)
0  --------------------O                                                     (20 = 100.0%)
1  ... 

Histogram: Net.DNS.JobQueueTime.Success recorded 10 samples, mean = 0.1 (flags = 0x41)
0  ---------O                                                                (9 = 90.0%)
1  -O                                                                        (1 = 10.0%) {90.0%}
2  ... 

Histogram: Net.DNS.Request.TotalTime recorded 149 samples, mean = 2.0 (flags = 0x41)
0   ------------------------------------------------------------------------O (136 = 91.3%)
10  -O                                                                        (1 = 0.7%) {91.3%}
12  -O                                                                        (1 = 0.7%) {91.9%}
15  O                                                                         (0 = 0.0%) {92.6%}
18  ---O                                                                      (5 = 3.4%) {92.6%}
22  ---O                                                                      (5 = 3.4%) {96.0%}
27  ... 
61  -O                                                                        (1 = 0.7%) {99.3%}
75  ... 

Histogram: Net.DNS.Request.TotalTimeAsync recorded 18 samples, mean = 16.4 (flags = 0x41)
0   -----O                                                                    (5 = 27.8%)
10  -O                                                                        (1 = 5.6%) {27.8%}
12  -O                                                                        (1 = 5.6%) {33.3%}
15  O                                                                         (0 = 0.0%) {38.9%}
18  -----O                                                                    (5 = 27.8%) {38.9%}
22  -----O                                                                    (5 = 27.8%) {66.7%}
27  ... 
61  -O                                                                        (1 = 5.6%) {94.4%}
75  ... 

Histogram: Net.DNS.ResolveCategory recorded 19 samples, mean = 0.6 (flags = 0x41)
0  ---------O                                                                (9 = 47.4%)
1  ---------O                                                                (9 = 47.4%) {47.4%}
2  -O                                                                        (1 = 5.3%) {94.7%}
3  ... 

Histogram: Net.DNS.ResolveError.Fast recorded 5 samples (flags = 0x41)
105  -----O                                                                    (5 = 100.0%)

Histogram: Net.DNS.ResolveError.Slow recorded 4 samples (flags = 0x41)
105  ----O                                                                     (4 = 100.0%)

Histogram: Net.DNS.ResolveFailureTime recorded 9 samples, mean = 7.7 (flags = 0x41)
0   -----O                                                                    (5 = 55.6%)
1   ... 
10  -O                                                                        (1 = 11.1%) {55.6%}
12  ... 
16  -O                                                                        (1 = 11.1%) {66.7%}
18  -O                                                                        (1 = 11.1%) {77.8%}
21  -O                                                                        (1 = 11.1%) {88.9%}
24  ... 

Histogram: Net.DNS.ResolveSuccessTime recorded 9 samples, mean = 25.4 (flags = 0x41)
0   ... 
18  ---O                                                                      (3 = 33.3%) {0.0%}
21  -----O                                                                    (5 = 55.6%) {33.3%}
24  ... 
58  -O                                                                        (1 = 11.1%) {88.9%}
67  ... 

Histogram: Net.DNS.SystemTask.FailureTime recorded 9 samples, mean = 7.7 (flags = 0x41)
0   -----O                                                                    (5 = 55.6%)
1   ... 
10  -O                                                                        (1 = 11.1%) {55.6%}
12  ... 
16  -O                                                                        (1 = 11.1%) {66.7%}
18  -O                                                                        (1 = 11.1%) {77.8%}
21  -O                                                                        (1 = 11.1%) {88.9%}
24  ... 

Histogram: Net.DNS.UpgradeConfig.HasPublicInsecureNameserver recorded 1 samples, mean = 1.0 (flags = 0x41)
0  O                                                                         (0 = 0.0%)
1  -O                                                                        (1 = 100.0%) {0.0%}
2  O                                                                         (0 = 0.0%) {100.0%}

Histogram: Net.DNS.UpgradeConfig.Ineligible.DohSpecified recorded 1 samples, mean = 0.0 (flags = 0x41)
0  -O                                                                        (1 = 100.0%)
1  ... 

Histogram: Net.DNS.UpgradeConfig.Ineligible.UnhandledOptions recorded 1 samples, mean = 0.0 (flags = 0x41)
0  -O                                                                        (1 = 100.0%)
1  ... 

Histogram: Net.DNS.UpgradeConfig.InsecureUpgradeSucceeded recorded 1 samples, mean = 0.0 (flags = 0x41)
0  -O                                                                        (1 = 100.0%)
1  ... 

Histogram: Net.DNS_Resolution_And_TCP_Connection_Latency2 recorded 9 samples, mean = 36.2 (flags = 0x41)
0    ... 
18   -O                                                                        (1 = 11.1%) {0.0%}
20   ---O                                                                      (3 = 33.3%) {11.1%}
23   O                                                                         (0 = 0.0%) {44.4%}
26   --O                                                                       (2 = 22.2%) {44.4%}
29   -O                                                                        (1 = 11.1%) {66.7%}
33   O                                                                         (0 = 0.0%) {77.8%}
37   -O                                                                        (1 = 11.1%) {77.8%}
42   ... 
113  -O                                                                        (1 = 11.1%) {88.9%}
128  ... 

Histogram: Net.ErrorCodesForMainFrame4 recorded 2 samples (flags = 0x41)
0  -O                                                                        (1 = 50.0%)
3  -O                                                                        (1 = 50.0%)

Histogram: Net.ErrorCodesForSubresources3 recorded 43 samples (flags = 0x41)
0  -------------------------------------------O                              (43 = 100.0%)

Histogram: Net.HttpJob.BytesReceived2 recorded 22 samples, mean = 6217.4 (flags = 0x41)
0      ... 
56     -O                                                                        (1 = 4.5%) {0.0%}
80     ... 
165    ------O                                                                   (6 = 27.3%) {4.5%}
237    ----O                                                                     (4 = 18.2%) {31.8%}
340    --O                                                                       (2 = 9.1%) {50.0%}
488    --O                                                                       (2 = 9.1%) {59.1%}
700    ... 
2065   -O                                                                        (1 = 4.5%) {68.2%}
2961   ---O                                                                      (3 = 13.6%) {72.7%}
4246   ... 
8732   -O                                                                        (1 = 4.5%) {86.4%}
12523  O                                                                         (0 = 0.0%) {90.9%}
17959  -O                                                                        (1 = 4.5%) {90.9%}
25755  ... 
75961  -O                                                                        (1 = 4.5%) {95.5%}
108935 ... 

Histogram: Net.HttpJob.BytesSent2 recorded 22 samples, mean = 1910.0 (flags = 0x41)
0      ... 
19     -O                                                                        (1 = 4.5%) {0.0%}
27     ... 
165    -O                                                                        (1 = 4.5%) {4.5%}
237    O                                                                         (0 = 0.0%) {9.1%}
340    --O                                                                       (2 = 9.1%) {9.1%}
488    --O                                                                       (2 = 9.1%) {18.2%}
700    -------O                                                                  (7 = 31.8%) {27.3%}
1004   -------O                                                                  (7 = 31.8%) {59.1%}
1440   ... 
6089   -O                                                                        (1 = 4.5%) {90.9%}
8732   O                                                                         (0 = 0.0%) {95.5%}
12523  -O                                                                        (1 = 4.5%) {95.5%}
17959  ... 

Histogram: Net.HttpJob.MainJobWaitTimeWithAvailableSpdySession recorded 1 samples, mean = 0.0 (flags = 0x41)
0  -O                                                                        (1 = 100.0%)
1  ... 

Histogram: Net.HttpJob.MainJobWaitTimeWithoutAvailableSpdySession recorded 12 samples, mean = 147.2 (flags = 0x41)
0    -O                                                                        (1 = 8.3%)
1    ... 
29   -O                                                                        (1 = 8.3%) {8.3%}
34   --O                                                                       (2 = 16.7%) {16.7%}
40   O                                                                         (0 = 0.0%) {33.3%}
48   --O                                                                       (2 = 16.7%) {33.3%}
57   -O                                                                        (1 = 8.3%) {50.0%}
68   ... 
268  -----O                                                                    (5 = 41.7%) {58.3%}
318  ... 

Histogram: Net.HttpJob.PrefilterBytesRead recorded 56 samples, mean = 31324.9 (flags = 0x41)
0       ----O                                                                     (4 = 7.1%)
1       ... 
19      --O                                                                       (2 = 3.6%) {7.1%}
27      O                                                                         (0 = 0.0%) {10.7%}
39      -O                                                                        (1 = 1.8%) {10.7%}
56      -O                                                                        (1 = 1.8%) {12.5%}
80      ... 
165     --------O                                                                 (8 = 14.3%) {14.3%}
237     -O                                                                        (1 = 1.8%) {28.6%}
340     -O                                                                        (1 = 1.8%) {30.4%}
488     -----O                                                                    (5 = 8.9%) {32.1%}
700     ---O                                                                      (3 = 5.4%) {41.1%}
1004    -O                                                                        (1 = 1.8%) {46.4%}
1440    --O                                                                       (2 = 3.6%) {48.2%}
2065    -O                                                                        (1 = 1.8%) {51.8%}
2961    ---O                                                                      (3 = 5.4%) {53.6%}
4246    -O                                                                        (1 = 1.8%) {58.9%}
6089    -O                                                                        (1 = 1.8%) {60.7%}
8732    --O                                                                       (2 = 3.6%) {62.5%}
12523   -O                                                                        (1 = 1.8%) {66.1%}
17959   ----O                                                                     (4 = 7.1%) {67.9%}
25755   --O                                                                       (2 = 3.6%) {75.0%}
36935   ----O                                                                     (4 = 7.1%) {78.6%}
52968   O                                                                         (0 = 0.0%) {85.7%}
75961   -----O                                                                    (5 = 8.9%) {85.7%}
108935  -O                                                                        (1 = 1.8%) {94.6%}
156223  O                                                                         (0 = 0.0%) {96.4%}
224038  -O                                                                        (1 = 1.8%) {96.4%}
321291  -O                                                                        (1 = 1.8%) {98.2%}
460760  ... 

Histogram: Net.HttpJob.PrefilterBytesRead.Cache recorded 37 samples, mean = 44212.9 (flags = 0x41)
0       -O                                                                        (1 = 2.7%)
1       ... 
165     -O                                                                        (1 = 2.7%) {2.7%}
237     O                                                                         (0 = 0.0%) {5.4%}
340     -O                                                                        (1 = 2.7%) {5.4%}
488     -----O                                                                    (5 = 13.5%) {8.1%}
700     ---O                                                                      (3 = 8.1%) {21.6%}
1004    -O                                                                        (1 = 2.7%) {29.7%}
1440    -O                                                                        (1 = 2.7%) {32.4%}
2065    -O                                                                        (1 = 2.7%) {35.1%}
2961    ---O                                                                      (3 = 8.1%) {37.8%}
4246    -O                                                                        (1 = 2.7%) {45.9%}
6089    -O                                                                        (1 = 2.7%) {48.6%}
8732    -O                                                                        (1 = 2.7%) {51.4%}
12523   O                                                                         (0 = 0.0%) {54.1%}
17959   ----O                                                                     (4 = 10.8%) {54.1%}
25755   --O                                                                       (2 = 5.4%) {64.9%}
36935   ----O                                                                     (4 = 10.8%) {70.3%}
52968   O                                                                         (0 = 0.0%) {81.1%}
75961   ----O                                                                     (4 = 10.8%) {81.1%}
108935  -O                                                                        (1 = 2.7%) {91.9%}
156223  O                                                                         (0 = 0.0%) {94.6%}
224038  -O                                                                        (1 = 2.7%) {94.6%}
321291  -O                                                                        (1 = 2.7%) {97.3%}
460760  ... 

Histogram: Net.HttpJob.PrefilterBytesRead.Net recorded 19 samples, mean = 6227.4 (flags = 0x41)
0      ---O                                                                      (3 = 15.8%)
1      ... 
19     --O                                                                       (2 = 10.5%) {15.8%}
27     O                                                                         (0 = 0.0%) {26.3%}
39     -O                                                                        (1 = 5.3%) {26.3%}
56     -O                                                                        (1 = 5.3%) {31.6%}
80     ... 
165    -------O                                                                  (7 = 36.8%) {36.8%}
237    -O                                                                        (1 = 5.3%) {73.7%}
340    ... 
1440   -O                                                                        (1 = 5.3%) {78.9%}
2065   ... 
8732   -O                                                                        (1 = 5.3%) {84.2%}
12523  -O                                                                        (1 = 5.3%) {89.5%}
17959  ... 
75961  -O                                                                        (1 = 5.3%) {94.7%}
108935 ... 

Histogram: Net.HttpJob.ProxyTypeSuccess recorded 22 samples, mean = 1.0 (flags = 0x41)
0  O                                                                         (0 = 0.0%)
1  ----------------------O                                                   (22 = 100.0%) {0.0%}
2  ... 

Histogram: Net.HttpJob.TotalTime recorded 56 samples, mean = 102.2 (flags = 0x41)
0    O                                                                         (0 = 0.0%)
1    ---O                                                                      (3 = 5.4%) {0.0%}
2    -O                                                                        (1 = 1.8%) {5.4%}
3    -------O                                                                  (7 = 12.5%) {7.1%}
4    -----O                                                                    (5 = 8.9%) {19.6%}
5    --O                                                                       (2 = 3.6%) {28.6%}
6    -O                                                                        (1 = 1.8%) {32.1%}
7    -O                                                                        (1 = 1.8%) {33.9%}
8    O                                                                         (0 = 0.0%) {35.7%}
10   -----O                                                                    (5 = 8.9%) {35.7%}
12   ------O                                                                   (6 = 10.7%) {44.6%}
14   --O                                                                       (2 = 3.6%) {55.4%}
17   O                                                                         (0 = 0.0%) {58.9%}
20   -O                                                                        (1 = 1.8%) {58.9%}
24   ... 
34   -O                                                                        (1 = 1.8%) {60.7%}
40   -O                                                                        (1 = 1.8%) {62.5%}
48   --O                                                                       (2 = 3.6%) {64.3%}
57   O                                                                         (0 = 0.0%) {67.9%}
68   -O                                                                        (1 = 1.8%) {67.9%}
81   --O                                                                       (2 = 3.6%) {69.6%}
96   -O                                                                        (1 = 1.8%) {73.2%}
114  --O                                                                       (2 = 3.6%) {75.0%}
135  O                                                                         (0 = 0.0%) {78.6%}
160  ----O                                                                     (4 = 7.1%) {78.6%}
190  -O                                                                        (1 = 1.8%) {85.7%}
226  O                                                                         (0 = 0.0%) {87.5%}
268  -O                                                                        (1 = 1.8%) {87.5%}
318  -O                                                                        (1 = 1.8%) {89.3%}
378  -O                                                                        (1 = 1.8%) {91.1%}
449  -O                                                                        (1 = 1.8%) {92.9%}
533  O                                                                         (0 = 0.0%) {94.6%}
633  -O                                                                        (1 = 1.8%) {94.6%}
752  --O                                                                       (2 = 3.6%) {96.4%}
894  ... 

Histogram: Net.HttpJob.TotalTime.Secure.Quic recorded 7 samples, mean = 169.6 (flags = 0x41)
0    ... 
41   -O                                                                        (1 = 14.3%) {0.0%}
52   ... 
84   --O                                                                       (2 = 28.6%) {14.3%}
107  --O                                                                       (2 = 28.6%) {42.9%}
136  ... 
280  -O                                                                        (1 = 14.3%) {71.4%}
356  -O                                                                        (1 = 14.3%) {85.7%}
452  ... 

Histogram: Net.HttpJob.TotalTime.TLS13.Google recorded 3 samples, mean = 131.7 (flags = 0x41)
0    ... 
68   -O                                                                        (1 = 33.3%) {0.0%}
81   ... 
160  --O                                                                       (2 = 66.7%) {33.3%}
190  ... 

Histogram: Net.HttpJob.TotalTimeCached recorded 37 samples, mean = 52.6 (flags = 0x41)
0    O                                                                         (0 = 0.0%)
1    ---O                                                                      (3 = 8.1%) {0.0%}
2    -O                                                                        (1 = 2.7%) {8.1%}
3    -------O                                                                  (7 = 18.9%) {10.8%}
4    -----O                                                                    (5 = 13.5%) {29.7%}
5    --O                                                                       (2 = 5.4%) {43.2%}
6    -O                                                                        (1 = 2.7%) {48.6%}
7    -O                                                                        (1 = 2.7%) {51.4%}
8    O                                                                         (0 = 0.0%) {54.1%}
10   -----O                                                                    (5 = 13.5%) {54.1%}
12   ------O                                                                   (6 = 16.2%) {67.6%}
14   --O                                                                       (2 = 5.4%) {83.8%}
17   O                                                                         (0 = 0.0%) {89.2%}
20   -O                                                                        (1 = 2.7%) {89.2%}
24   ... 
190  -O                                                                        (1 = 2.7%) {91.9%}
226  ... 
633  -O                                                                        (1 = 2.7%) {94.6%}
752  -O                                                                        (1 = 2.7%) {97.3%}
894  ... 

Histogram: Net.HttpJob.TotalTimeNotCached recorded 19 samples, mean = 198.9 (flags = 0x41)
0    ... 
34   -O                                                                        (1 = 5.3%) {0.0%}
40   -O                                                                        (1 = 5.3%) {5.3%}
48   --O                                                                       (2 = 10.5%) {10.5%}
57   O                                                                         (0 = 0.0%) {21.1%}
68   -O                                                                        (1 = 5.3%) {21.1%}
81   --O                                                                       (2 = 10.5%) {26.3%}
96   -O                                                                        (1 = 5.3%) {36.8%}
114  --O                                                                       (2 = 10.5%) {42.1%}
135  O                                                                         (0 = 0.0%) {52.6%}
160  ----O                                                                     (4 = 21.1%) {52.6%}
190  ... 
268  -O                                                                        (1 = 5.3%) {73.7%}
318  -O                                                                        (1 = 5.3%) {78.9%}
378  -O                                                                        (1 = 5.3%) {84.2%}
449  -O                                                                        (1 = 5.3%) {89.5%}
533  ... 
752  -O                                                                        (1 = 5.3%) {94.7%}
894  ... 

Histogram: Net.HttpJob.TotalTimeNotCached.Secure.Quic recorded 7 samples, mean = 169.6 (flags = 0x41)
0    ... 
41   -O                                                                        (1 = 14.3%) {0.0%}
52   ... 
84   --O                                                                       (2 = 28.6%) {14.3%}
107  --O                                                                       (2 = 28.6%) {42.9%}
136  ... 
280  -O                                                                        (1 = 14.3%) {71.4%}
356  -O                                                                        (1 = 14.3%) {85.7%}
452  ... 

Histogram: Net.HttpJob.TotalTimeSuccess recorded 56 samples, mean = 102.2 (flags = 0x41)
0    O                                                                         (0 = 0.0%)
1    ---O                                                                      (3 = 5.4%) {0.0%}
2    -O                                                                        (1 = 1.8%) {5.4%}
3    -------O                                                                  (7 = 12.5%) {7.1%}
4    -----O                                                                    (5 = 8.9%) {19.6%}
5    --O                                                                       (2 = 3.6%) {28.6%}
6    -O                                                                        (1 = 1.8%) {32.1%}
7    -O                                                                        (1 = 1.8%) {33.9%}
8    O                                                                         (0 = 0.0%) {35.7%}
10   -----O                                                                    (5 = 8.9%) {35.7%}
12   ------O                                                                   (6 = 10.7%) {44.6%}
14   --O                                                                       (2 = 3.6%) {55.4%}
17   O                                                                         (0 = 0.0%) {58.9%}
20   -O                                                                        (1 = 1.8%) {58.9%}
24   ... 
34   -O                                                                        (1 = 1.8%) {60.7%}
40   -O                                                                        (1 = 1.8%) {62.5%}
48   --O                                                                       (2 = 3.6%) {64.3%}
57   O                                                                         (0 = 0.0%) {67.9%}
68   -O                                                                        (1 = 1.8%) {67.9%}
81   --O                                                                       (2 = 3.6%) {69.6%}
96   -O                                                                        (1 = 1.8%) {73.2%}
114  --O                                                                       (2 = 3.6%) {75.0%}
135  O                                                                         (0 = 0.0%) {78.6%}
160  ----O                                                                     (4 = 7.1%) {78.6%}
190  -O                                                                        (1 = 1.8%) {85.7%}
226  O                                                                         (0 = 0.0%) {87.5%}
268  -O                                                                        (1 = 1.8%) {87.5%}
318  -O                                                                        (1 = 1.8%) {89.3%}
378  -O                                                                        (1 = 1.8%) {91.1%}
449  -O                                                                        (1 = 1.8%) {92.9%}
533  O                                                                         (0 = 0.0%) {94.6%}
633  -O                                                                        (1 = 1.8%) {94.6%}
752  --O                                                                       (2 = 3.6%) {96.4%}
894  ... 

Histogram: Net.HttpJob.TotalTimeSuccess.Priority1 recorded 10 samples, mean = 158.2 (flags = 0x41)
0    ... 
48   -O                                                                        (1 = 10.0%) {0.0%}
57   O                                                                         (0 = 0.0%) {10.0%}
68   -O                                                                        (1 = 10.0%) {10.0%}
81   --O                                                                       (2 = 20.0%) {20.0%}
96   -O                                                                        (1 = 10.0%) {40.0%}
114  -O                                                                        (1 = 10.0%) {50.0%}
135  O                                                                         (0 = 0.0%) {60.0%}
160  --O                                                                       (2 = 20.0%) {60.0%}
190  ... 
318  -O                                                                        (1 = 10.0%) {80.0%}
378  -O                                                                        (1 = 10.0%) {90.0%}
449  ... 

Histogram: Net.HttpJob.TotalTimeSuccess.Priority2 recorded 26 samples, mean = 76.2 (flags = 0x41)
0    O                                                                         (0 = 0.0%)
1    -O                                                                        (1 = 3.8%) {0.0%}
2    O                                                                         (0 = 0.0%) {3.8%}
3    -O                                                                        (1 = 3.8%) {3.8%}
4    --O                                                                       (2 = 7.7%) {7.7%}
5    --O                                                                       (2 = 7.7%) {15.4%}
6    -O                                                                        (1 = 3.8%) {23.1%}
7    -O                                                                        (1 = 3.8%) {26.9%}
8    O                                                                         (0 = 0.0%) {30.8%}
10   -----O                                                                    (5 = 19.2%) {30.8%}
12   -----O                                                                    (5 = 19.2%) {50.0%}
14   --O                                                                       (2 = 7.7%) {69.2%}
17   O                                                                         (0 = 0.0%) {76.9%}
20   -O                                                                        (1 = 3.8%) {76.9%}
24   ... 
34   -O                                                                        (1 = 3.8%) {80.8%}
40   O                                                                         (0 = 0.0%) {84.6%}
48   -O                                                                        (1 = 3.8%) {84.6%}
57   ... 
114  -O                                                                        (1 = 3.8%) {88.5%}
135  ... 
752  --O                                                                       (2 = 7.7%) {92.3%}
894  ... 

Histogram: Net.HttpJob.TotalTimeSuccess.Priority3 recorded 1 samples, mean = 217.0 (flags = 0x41)
0    ... 
190  -O                                                                        (1 = 100.0%) {0.0%}
226  ... 

Histogram: Net.HttpJob.TotalTimeSuccess.Priority4 recorded 5 samples, mean = 136.4 (flags = 0x41)
0    O                                                                         (0 = 0.0%)
1    -O                                                                        (1 = 20.0%) {0.0%}
2    ... 
40   -O                                                                        (1 = 20.0%) {20.0%}
48   ... 
160  --O                                                                       (2 = 40.0%) {40.0%}
190  ... 
268  -O                                                                        (1 = 20.0%) {80.0%}
318  ... 

Histogram: Net.HttpJob.TotalTimeSuccess.Priority5 recorded 14 samples, mean = 90.2 (flags = 0x41)
0    O                                                                         (0 = 0.0%)
1    -O                                                                        (1 = 7.1%) {0.0%}
2    -O                                                                        (1 = 7.1%) {7.1%}
3    ------O                                                                   (6 = 42.9%) {14.3%}
4    ---O                                                                      (3 = 21.4%) {57.1%}
5    ... 
12   -O                                                                        (1 = 7.1%) {78.6%}
14   ... 
449  -O                                                                        (1 = 7.1%) {85.7%}
533  O                                                                         (0 = 0.0%) {92.9%}
633  -O                                                                        (1 = 7.1%) {92.9%}
752  ... 

Histogram: Net.HttpRequestSSLUpgradeDecision recorded 2 samples, mean = 5.0 (flags = 0x41)
0  ... 
5  --O                                                                       (2 = 100.0%) {0.0%}
6  O                                                                         (0 = 0.0%) {100.0%}

Histogram: Net.HttpRequestStsState recorded 2 samples, mean = 2.0 (flags = 0x41)
0  ... 
2  --O                                                                       (2 = 100.0%) {0.0%}
3  ... 

Histogram: Net.HttpResponseCode recorded 68 samples, mean = 224.0 (flags = 0x41)
0    ... 
200  -------------------------------------------------------O                  (55 = 80.9%) {0.0%}
201  ... 
204  --O                                                                       (2 = 2.9%) {80.9%}
205  ... 
302  --O                                                                       (2 = 2.9%) {83.8%}
303  O                                                                         (0 = 0.0%) {86.8%}
304  ---O                                                                      (3 = 4.4%) {86.8%}
305  ... 
308  -O                                                                        (1 = 1.5%) {91.2%}
309  ... 
400  -----O                                                                    (5 = 7.4%) {92.6%}
401  ... 

Histogram: Net.HttpTimeToFirstByte recorded 56 samples, mean = 102.3 (flags = 0x41)
0    --------------------------------O                                         (32 = 57.1%)
10   --O                                                                       (2 = 3.6%) {57.1%}
12   ... 
33   --O                                                                       (2 = 3.6%) {60.7%}
41   --O                                                                       (2 = 3.6%) {64.3%}
50   O                                                                         (0 = 0.0%) {67.9%}
61   -O                                                                        (1 = 1.8%) {67.9%}
75   --O                                                                       (2 = 3.6%) {69.6%}
92   -O                                                                        (1 = 1.8%) {73.2%}
113  --O                                                                       (2 = 3.6%) {75.0%}
139  --O                                                                       (2 = 3.6%) {78.6%}
171  --O                                                                       (2 = 3.6%) {82.1%}
210  -O                                                                        (1 = 1.8%) {85.7%}
258  -O                                                                        (1 = 1.8%) {87.5%}
317  -O                                                                        (1 = 1.8%) {89.3%}
389  -O                                                                        (1 = 1.8%) {91.1%}
477  O                                                                         (0 = 0.0%) {92.9%}
585  ---O                                                                      (3 = 5.4%) {92.9%}
718  -O                                                                        (1 = 1.8%) {98.2%}
881  ... 

Histogram: Net.HttpTimeToFirstByte.TLS13.Google recorded 3 samples, mean = 130.3 (flags = 0x41)
0    ... 
52   -O                                                                        (1 = 33.3%) {0.0%}
66   ... 
136  --O                                                                       (2 = 66.7%) {33.3%}
173  ... 

Histogram: Net.NetworkChangeNotifier.NewConnectionCost recorded 2 samples, mean = 1.0 (flags = 0x41)
0  O                                                                         (0 = 0.0%)
1  --O                                                                       (2 = 100.0%) {0.0%}
2  ... 

Histogram: Net.NumQuicSessionsAtShutdown recorded 3 samples, mean = 0.0 (flags = 0x41)
0  ---O                                                                      (3 = 100.0%)
1  ... 

Histogram: Net.OnTransferSizeUpdated.Experimental.OverridenBy recorded 89 samples, mean = 12.0 (flags = 0x41)
0   O                                                                         (0 = 0.0%)
1   ------------------------------------O                                     (36 = 40.4%) {0.0%}
2   ... 
11  ----------------------O                                                   (22 = 24.7%) {40.4%}
12  ----O                                                                     (4 = 4.5%) {65.2%}
13  ... 
26  -----O                                                                    (5 = 5.6%) {69.7%}
27  O                                                                         (0 = 0.0%) {75.3%}
28  ----------------------O                                                   (22 = 24.7%) {75.3%}
29  ... 

Histogram: Net.QuicActiveSessionCount.CertVerifierChanged recorded 12 samples, mean = 0.3 (flags = 0x41)
0  --------O                                                                 (8 = 66.7%)
1  ----O                                                                     (4 = 33.3%) {66.7%}
2  ... 

Histogram: Net.QuicActiveSessions recorded 13 samples, mean = 0.5 (flags = 0x41)
0  ----------O                                                               (10 = 76.9%)
1  -O                                                                        (1 = 7.7%) {76.9%}
2  -O                                                                        (1 = 7.7%) {84.6%}
3  -O                                                                        (1 = 7.7%) {92.3%}
4  ... 

Histogram: Net.QuicChromiumClientStream.HandleOnCloseConnectionError recorded 15 samples (flags = 0x41)
0  ---------------O                                                          (15 = 100.0%)

Histogram: Net.QuicChromiumClientStream.HandleOnCloseNetError recorded 15 samples (flags = 0x41)
100  ---------------O                                                          (15 = 100.0%)

Histogram: Net.QuicChromiumClientStream.HandleOnCloseStreamError recorded 15 samples (flags = 0x41)
0  ---------------O                                                          (15 = 100.0%)

Histogram: Net.QuicChromiumClientStream.HeaderDecodingDelay recorded 15 samples, mean = 0.0 (flags = 0x41)
0  ---------------O                                                          (15 = 100.0%)
1  ... 

Histogram: Net.QuicChromiumClientStream.HeaderDecodingDelayGoogle recorded 7 samples, mean = 0.0 (flags = 0x41)
0  -------O                                                                  (7 = 100.0%)
1  ... 

Histogram: Net.QuicConnection.WritePacketStatus recorded 223 samples, mean = 0.0 (flags = 0x41)
0  ------------------------------------------------------------------------O (223 = 100.0%)
1  ... 

Histogram: Net.QuicCryptoClientConfig.PopulatedFromCanonicalConfig recorded 7 samples, mean = 0.0 (flags = 0x41)
0  -------O                                                                  (7 = 100.0%)
1  ... 

Histogram: Net.QuicDroppedPacketReason recorded 16 samples, mean = 6.0 (flags = 0x41)
0  ... 
6  ----------------O                                                         (16 = 100.0%) {0.0%}
7  O                                                                         (0 = 0.0%) {100.0%}

Histogram: Net.QuicHandshakeState recorded 39 samples, mean = 1.0 (flags = 0x41)
0  -------------O                                                            (13 = 33.3%)
1  -------------O                                                            (13 = 33.3%) {33.3%}
2  -------------O                                                            (13 = 33.3%) {66.7%}
3  ... 

Histogram: Net.QuicHttpStream.ProcessResponseHeaderSuccess recorded 15 samples, mean = 1.0 (flags = 0x41)
0  O                                                                         (0 = 0.0%)
1  ---------------O                                                          (15 = 100.0%) {0.0%}
2  O                                                                         (0 = 0.0%) {100.0%}

Histogram: Net.QuicSession.AbortedPendingStreamRequests recorded 13 samples, mean = 0.0 (flags = 0x41)
0  -------------O                                                            (13 = 100.0%)
1  ... 

Histogram: Net.QuicSession.AcceptChForOrigin recorded 15 samples, mean = 0.2 (flags = 0x41)
0  ------------O                                                             (12 = 80.0%)
1  ---O                                                                      (3 = 20.0%) {80.0%}
2  O                                                                         (0 = 0.0%) {100.0%}

Histogram: Net.QuicSession.AcceptChFrameReceivedViaAlps recorded 10 samples, mean = 1.0 (flags = 0x41)
0  O                                                                         (0 = 0.0%)
1  ----------O                                                               (10 = 100.0%) {0.0%}
2  ... 

Histogram: Net.QuicSession.AsyncRead recorded 293 samples, mean = 0.5 (flags = 0x41)
0  --------------------------------------------------------------O           (136 = 46.4%)
1  ------------------------------------------------------------------------O (157 = 53.6%) {46.4%}
2  O                                                                         (0 = 0.0%) {100.0%}

Histogram: Net.QuicSession.BlockedFrames.Received recorded 13 samples, mean = 0.0 (flags = 0x41)
0  -------------O                                                            (13 = 100.0%)
1  ... 

Histogram: Net.QuicSession.BlockedFrames.Sent recorded 13 samples, mean = 0.0 (flags = 0x41)
0  -------------O                                                            (13 = 100.0%)
1  ... 

Histogram: Net.QuicSession.CertVerificationResult recorded 14 samples (flags = 0x41)
0  --------------O                                                           (14 = 100.0%)

Histogram: Net.QuicSession.ClientSideMtu recorded 13 samples (flags = 0x41)
1250  -------------O                                                            (13 = 100.0%)

Histogram: Net.QuicSession.CloseAllSessionsError recorded 3 samples (flags = 0x41)
3  ---O                                                                      (3 = 100.0%)

Histogram: Net.QuicSession.ClosedDuringInitializeSession recorded 13 samples, mean = 0.0 (flags = 0x41)
0  -------------O                                                            (13 = 100.0%)
1  ... 

Histogram: Net.QuicSession.CoalesceStreamFrameStatus recorded 96 samples, mean = 0.3 (flags = 0x41)
0  ------------------------------------------------------------------O       (66 = 68.8%)
1  ------------------------------O                                           (30 = 31.2%) {68.8%}
2  O                                                                         (0 = 0.0%) {100.0%}

Histogram: Net.QuicSession.ConnectRandomPortForHTTPS recorded 13 samples, mean = 0.0 (flags = 0x41)
0  -------------O                                                            (13 = 100.0%)
1  ... 

Histogram: Net.QuicSession.ConnectRandomPortRequiringConfirmationForHTTPS recorded 1 samples, mean = 0.0 (flags = 0x41)
0  -O                                                                        (1 = 100.0%)
1  ... 

Histogram: Net.QuicSession.ConnectionClose.NumOpenStreams.TimedOut recorded 13 samples, mean = 0.0 (flags = 0x41)
0  -------------O                                                            (13 = 100.0%)
1  ... 

Histogram: Net.QuicSession.ConnectionCloseErrorCodeClient recorded 13 samples (flags = 0x41)
25  -------------O                                                            (13 = 100.0%)

Histogram: Net.QuicSession.ConnectionCloseErrorCodeClient.HandshakeConfirmed recorded 13 samples (flags = 0x41)
25  -------------O                                                            (13 = 100.0%)

Histogram: Net.QuicSession.ConnectionCloseErrorCodeClientGoogle recorded 10 samples (flags = 0x41)
25  ----------O                                                               (10 = 100.0%)

Histogram: Net.QuicSession.ConnectionCloseErrorCodeClientGoogle.HandshakeConfirmed recorded 10 samples (flags = 0x41)
25  ----------O                                                               (10 = 100.0%)

Histogram: Net.QuicSession.ConnectionDuration recorded 13 samples, mean = 29679.7 (flags = 0x41)
0      ... 
27425  ------------O                                                             (12 = 92.3%) {0.0%}
31655  -O                                                                        (1 = 7.7%) {92.3%}
36538  ... 

Histogram: Net.QuicSession.ConnectionFlowControlBlocked recorded 8 samples, mean = 0.9 (flags = 0x41)
0  -O                                                                        (1 = 12.5%)
1  -------O                                                                  (7 = 87.5%) {12.5%}
2  O                                                                         (0 = 0.0%) {100.0%}

Histogram: Net.QuicSession.ConnectionIpPooled recorded 13 samples, mean = 0.0 (flags = 0x41)
0  -------------O                                                            (13 = 100.0%)
1  ... 

Histogram: Net.QuicSession.ConnectionTypeFromSelf recorded 13 samples, mean = 1.0 (flags = 0x41)
0  O                                                                         (0 = 0.0%)
1  -------------O                                                            (13 = 100.0%) {0.0%}
2  O                                                                         (0 = 0.0%) {100.0%}

Histogram: Net.QuicSession.CryptoRetransmitCount.HandshakeConfirmed recorded 13 samples, mean = 0.6 (flags = 0x41)
0  ------O                                                                   (6 = 46.2%)
1  ------O                                                                   (6 = 46.2%) {46.2%}
2  -O                                                                        (1 = 7.7%) {92.3%}
3  ... 

Histogram: Net.QuicSession.DuplicatePacketsReceived recorded 13 samples, mean = 0.0 (flags = 0x41)
0  -------------O                                                            (13 = 100.0%)
1  ... 

Histogram: Net.QuicSession.EcnMarksObserved recorded 13 samples, mean = 1.0 (flags = 0x41)
0  O                                                                         (0 = 0.0%)
1  -------------O                                                            (13 = 100.0%) {0.0%}
2  ... 

Histogram: Net.QuicSession.EncryptionEstablishedTime recorded 13 samples, mean = 170.7 (flags = 0x41)
0    --O                                                                       (2 = 15.4%)
1    ... 
14   ---O                                                                      (3 = 23.1%) {15.4%}
17   ... 
34   -O                                                                        (1 = 7.7%) {38.5%}
40   -O                                                                        (1 = 7.7%) {46.2%}
48   ... 
81   -O                                                                        (1 = 7.7%) {53.8%}
96   ... 
135  -O                                                                        (1 = 7.7%) {61.5%}
160  ... 
226  -O                                                                        (1 = 7.7%) {69.2%}
268  -O                                                                        (1 = 7.7%) {76.9%}
318  ... 
633  --O                                                                       (2 = 15.4%) {84.6%}
752  ... 

Histogram: Net.QuicSession.FinchConfigIsValid recorded 3 samples, mean = 1.0 (flags = 0x41)
0  O                                                                         (0 = 0.0%)
1  ---O                                                                      (3 = 100.0%) {0.0%}
2  O                                                                         (0 = 0.0%) {100.0%}

Histogram: Net.QuicSession.FindMatchingIpSessionResult recorded 26 samples, mean = 2.0 (flags = 0x41)
0  ... 
2  --------------------------O                                               (26 = 100.0%) {0.0%}
3  O                                                                         (0 = 0.0%) {100.0%}

Histogram: Net.QuicSession.FindMatchingIpSessionResultGoogle recorded 20 samples, mean = 2.0 (flags = 0x41)
0  ... 
2  --------------------O                                                     (20 = 100.0%) {0.0%}
3  O                                                                         (0 = 0.0%) {100.0%}

Histogram: Net.QuicSession.HandshakeConfirmedTime recorded 13 samples, mean = 185.7 (flags = 0x41)
0    ... 
34   -O                                                                        (1 = 7.7%) {0.0%}
40   -----O                                                                    (5 = 38.5%) {7.7%}
48   O                                                                         (0 = 0.0%) {46.2%}
57   -O                                                                        (1 = 7.7%) {46.2%}
68   O                                                                         (0 = 0.0%) {53.8%}
81   -O                                                                        (1 = 7.7%) {53.8%}
96   ... 
135  -O                                                                        (1 = 7.7%) {61.5%}
160  ... 
226  -O                                                                        (1 = 7.7%) {69.2%}
268  -O                                                                        (1 = 7.7%) {76.9%}
318  ... 
633  --O                                                                       (2 = 15.4%) {84.6%}
752  ... 

Histogram: Net.QuicSession.HeaderCompressionRatioQpackReceived recorded 15 samples, mean = 37.1 (flags = 0x41)
0   O                                                                         (0 = 0.0%)
1   -O                                                                        (1 = 6.7%) {0.0%}
2   O                                                                         (0 = 0.0%) {6.7%}
3   --O                                                                       (2 = 13.3%) {6.7%}
4   O                                                                         (0 = 0.0%) {20.0%}
5   ----O                                                                     (4 = 26.7%) {20.0%}
6   ... 
59  -O                                                                        (1 = 6.7%) {46.7%}
60  O                                                                         (0 = 0.0%) {53.3%}
61  -O                                                                        (1 = 6.7%) {53.3%}
62  -O                                                                        (1 = 6.7%) {60.0%}
63  ... 
69  ----O                                                                     (4 = 26.7%) {66.7%}
70  O                                                                         (0 = 0.0%) {93.3%}
71  -O                                                                        (1 = 6.7%) {93.3%}
72  ... 

Histogram: Net.QuicSession.HeaderCompressionRatioQpackSent recorded 15 samples, mean = 70.1 (flags = 0x41)
0   ... 
63  -O                                                                        (1 = 6.7%) {0.0%}
64  O                                                                         (0 = 0.0%) {6.7%}
65  --O                                                                       (2 = 13.3%) {6.7%}
66  ... 
69  -----O                                                                    (5 = 33.3%) {20.0%}
70  -O                                                                        (1 = 6.7%) {53.3%}
71  ... 
73  -O                                                                        (1 = 6.7%) {60.0%}
74  -----O                                                                    (5 = 33.3%) {66.7%}
75  ... 

Histogram: Net.QuicSession.HostResolution.HandshakeConfirmedTime recorded 13 samples, mean = 186.5 (flags = 0x41)
0    ... 
34   -O                                                                        (1 = 7.7%) {0.0%}
40   -----O                                                                    (5 = 38.5%) {7.7%}
48   O                                                                         (0 = 0.0%) {46.2%}
57   -O                                                                        (1 = 7.7%) {46.2%}
68   O                                                                         (0 = 0.0%) {53.8%}
81   -O                                                                        (1 = 7.7%) {53.8%}
96   ... 
135  -O                                                                        (1 = 7.7%) {61.5%}
160  ... 
226  -O                                                                        (1 = 7.7%) {69.2%}
268  -O                                                                        (1 = 7.7%) {76.9%}
318  ... 
633  --O                                                                       (2 = 15.4%) {84.6%}
752  ... 

Histogram: Net.QuicSession.IncorrectConnectionIDsReceived recorded 13 samples, mean = 0.0 (flags = 0x41)
0  -------------O                                                            (13 = 100.0%)
1  ... 

Histogram: Net.QuicSession.InitialRttEsitmateSource recorded 13 samples, mean = 0.7 (flags = 0x41)
0  ----O                                                                     (4 = 30.8%)
1  ---------O                                                                (9 = 69.2%) {30.8%}
2  ... 

Histogram: Net.QuicSession.KeyUpdate.PerConnection2 recorded 13 samples, mean = 0.0 (flags = 0x41)
0  -------------O                                                            (13 = 100.0%)
1  ... 

Histogram: Net.QuicSession.KeyUpdate.PotentialPeerKeyUpdateAttemptCount recorded 13 samples, mean = 0.0 (flags = 0x41)
0  -------------O                                                            (13 = 100.0%)
1  ... 

Histogram: Net.QuicSession.MaxConsecutiveRtoWithForwardProgress recorded 13 samples, mean = 0.5 (flags = 0x41)
0  -------O                                                                  (7 = 53.8%)
1  ------O                                                                   (6 = 46.2%) {53.8%}
2  ... 

Histogram: Net.QuicSession.MinRTT recorded 13 samples, mean = 24.0 (flags = 0x41)
0   ... 
17  ----O                                                                     (4 = 30.8%) {0.0%}
20  ----O                                                                     (4 = 30.8%) {30.8%}
24  -O                                                                        (1 = 7.7%) {61.5%}
29  ---O                                                                      (3 = 23.1%) {69.2%}
34  -O                                                                        (1 = 7.7%) {92.3%}
40  ... 

Histogram: Net.QuicSession.MtuProbesSent recorded 13 samples, mean = 0.0 (flags = 0x41)
0  -------------O                                                            (13 = 100.0%)
1  ... 

Histogram: Net.QuicSession.NumDefaultPathDegrading recorded 13 samples, mean = 0.0 (flags = 0x41)
0  -------------O                                                            (13 = 100.0%)
1  ... 

Histogram: Net.QuicSession.NumMigrations recorded 13 samples, mean = 0.0 (flags = 0x41)
0  -------------O                                                            (13 = 100.0%)
1  ... 

Histogram: Net.QuicSession.NumOpenStreams recorded 15 samples, mean = 1.3 (flags = 0x41)
0  O                                                                         (0 = 0.0%)
1  ------------O                                                             (12 = 80.0%) {0.0%}
2  --O                                                                       (2 = 13.3%) {80.0%}
3  -O                                                                        (1 = 6.7%) {93.3%}
4  ... 

Histogram: Net.QuicSession.NumPingsSent recorded 13 samples, mean = 0.5 (flags = 0x41)
0  ------O                                                                   (6 = 46.2%)
1  -------O                                                                  (7 = 53.8%) {46.2%}
2  ... 

Histogram: Net.QuicSession.NumQueuedPacketsBeforeWrite recorded 285 samples, mean = 0.0 (flags = 0x41)
0  ------------------------------------------------------------------------O (285 = 100.0%)
1  ... 

Histogram: Net.QuicSession.NumTotalStreams recorded 13 samples, mean = 1.2 (flags = 0x41)
0  ---O                                                                      (3 = 23.1%)
1  ---------O                                                                (9 = 69.2%) {23.1%}
2  ... 
5  -O                                                                        (1 = 7.7%) {92.3%}
7  ... 

Histogram: Net.QuicSession.OutOfOrderGapReceived recorded 4 samples, mean = 1.8 (flags = 0x41)
0  O                                                                         (0 = 0.0%)
1  ---O                                                                      (3 = 75.0%) {0.0%}
2  ... 
4  -O                                                                        (1 = 25.0%) {75.0%}
5  ... 

Histogram: Net.QuicSession.OutOfOrderLargePacketsReceived recorded 13 samples, mean = 0.0 (flags = 0x41)
0  -------------O                                                            (13 = 100.0%)
1  ... 

Histogram: Net.QuicSession.OutOfOrderPacketsReceived recorded 13 samples, mean = 0.3 (flags = 0x41)
0  ---------O                                                                (9 = 69.2%)
1  ----O                                                                     (4 = 30.8%) {69.2%}
2  ... 

Histogram: Net.QuicSession.PacketGapReceived recorded 7 samples, mean = 1.4 (flags = 0x41)
0  O                                                                         (0 = 0.0%)
1  ------O                                                                   (6 = 85.7%) {0.0%}
2  ... 
4  -O                                                                        (1 = 14.3%) {85.7%}
5  ... 

Histogram: Net.QuicSession.PacketGapReceivedNearPing recorded 7 samples, mean = 2.0 (flags = 0x41)
0  O                                                                         (0 = 0.0%)
1  ---O                                                                      (3 = 42.9%) {0.0%}
2  ---O                                                                      (3 = 42.9%) {42.9%}
3  ... 
5  -O                                                                        (1 = 14.3%) {85.7%}
7  ... 

Histogram: Net.QuicSession.PacketLossRate_CONNECTION_UNKNOWN recorded 2 samples, mean = 14.5 (flags = 0x41)
0   ... 
10  -O                                                                        (1 = 50.0%) {0.0%}
11  ... 
19  -O                                                                        (1 = 50.0%) {50.0%}
20  ... 

Histogram: Net.QuicSession.PacketWriteTime.Synchronous recorded 218 samples, mean = 0.0 (flags = 0x41)
0  ------------------------------------------------------------------------O (218 = 100.0%)
1  ... 

Histogram: Net.QuicSession.PacketsBeforeEcnTransition recorded 13 samples, mean = 0.0 (flags = 0x41)
0  -------------O                                                            (13 = 100.0%)
1  ... 

Histogram: Net.QuicSession.PreferAesGcm recorded 2 samples, mean = 1.0 (flags = 0x41)
0  O                                                                         (0 = 0.0%)
1  --O                                                                       (2 = 100.0%) {0.0%}
2  O                                                                         (0 = 0.0%) {100.0%}

Histogram: Net.QuicSession.Qpack.HeaderListCountWhenBlockedStreamLimited recorded 8 samples, mean = 2.9 (flags = 0x41)
0  O                                                                         (0 = 0.0%)
1  ---O                                                                      (3 = 37.5%) {0.0%}
2  -O                                                                        (1 = 12.5%) {37.5%}
3  -O                                                                        (1 = 12.5%) {50.0%}
4  -O                                                                        (1 = 12.5%) {62.5%}
5  -O                                                                        (1 = 12.5%) {75.0%}
6  -O                                                                        (1 = 12.5%) {87.5%}
7  ... 

Histogram: Net.QuicSession.Qpack.HeaderListCountWhenInsertionNotBlocked recorded 15 samples, mean = 2.0 (flags = 0x41)
0  O                                                                         (0 = 0.0%)
1  ----------O                                                               (10 = 66.7%) {0.0%}
2  -O                                                                        (1 = 6.7%) {66.7%}
3  -O                                                                        (1 = 6.7%) {73.3%}
4  -O                                                                        (1 = 6.7%) {80.0%}
5  -O                                                                        (1 = 6.7%) {86.7%}
6  -O                                                                        (1 = 6.7%) {93.3%}
7  ... 

Histogram: Net.QuicSession.Qpack.HeaderListCountWhenNotBlockedStreamLimited recorded 7 samples, mean = 1.0 (flags = 0x41)
0  O                                                                         (0 = 0.0%)
1  -------O                                                                  (7 = 100.0%) {0.0%}
2  ... 

Histogram: Net.QuicSession.QuicVersion recorded 13 samples (flags = 0x41)
80  -------------O                                                            (13 = 100.0%)

Histogram: Net.QuicSession.ReceivedSettings.BlockedStreams recorded 10 samples, mean = 100.0 (flags = 0x41)
0   ... 
95  ----------O                                                               (10 = 100.0%) {0.0%}
107 ... 

Histogram: Net.QuicSession.ReceivedSettings.CountPlusOne recorded 13 samples, mean = 6.1 (flags = 0x41)
0  ... 
3  ---O                                                                      (3 = 23.1%) {0.0%}
4  ... 
7  ----------O                                                               (10 = 76.9%) {23.1%}
8  ... 

Histogram: Net.QuicSession.ReceivedSettings.MaxHeaderListSize2 recorded 13 samples, mean = 80659.7 (flags = 0x41)
0       ... 
63662   ----------O                                                               (10 = 76.9%) {0.0%}
83848   O                                                                         (0 = 0.0%) {76.9%}
110434  ---O                                                                      (3 = 23.1%) {76.9%}
145450  ... 

Histogram: Net.QuicSession.ReceivedSettings.MaxTableCapacity2 recorded 10 samples, mean = 65536.0 (flags = 0x41)
0      ... 
63662  ----------O                                                               (10 = 100.0%) {0.0%}
83848  ... 

Histogram: Net.QuicSession.ReceivedSettings.ReservedCountPlusOne recorded 13 samples, mean = 2.0 (flags = 0x41)
0  ... 
2  -------------O                                                            (13 = 100.0%) {0.0%}
3  ... 

Histogram: Net.QuicSession.RstStreamErrorCodeServer recorded 3 samples (flags = 0x41)
20  ---O                                                                      (3 = 100.0%)

Histogram: Net.QuicSession.SendPacketSize.0RTT recorded 6 samples, mean = 77.8 (flags = 0x41)
0   ... 
68  ---O                                                                      (3 = 50.0%) {0.0%}
77  ---O                                                                      (3 = 50.0%) {50.0%}
87  ... 

Histogram: Net.QuicSession.SendPacketSize.ForwardSecure recorded 146 samples, mean = 270.5 (flags = 0x41)
0     ... 
28    ----------O                                                               (10 = 6.8%) {0.0%}
32    ------------------------O                                                 (24 = 16.4%) {6.8%}
36    --O                                                                       (2 = 1.4%) {23.3%}
41    ------------------------------------------------------------O             (60 = 41.1%) {24.7%}
47    -----O                                                                    (5 = 3.4%) {65.8%}
53    ... 
68    -----O                                                                    (5 = 3.4%) {69.2%}
77    ----O                                                                     (4 = 2.7%) {72.6%}
87    ... 
276   ----O                                                                     (4 = 2.7%) {75.3%}
314   ... 
406   -O                                                                        (1 = 0.7%) {78.1%}
461   ---O                                                                      (3 = 2.1%) {78.8%}
524   -O                                                                        (1 = 0.7%) {80.8%}
595   -O                                                                        (1 = 0.7%) {81.5%}
676   O                                                                         (0 = 0.0%) {82.2%}
768   --O                                                                       (2 = 1.4%) {82.2%}
872   ---O                                                                      (3 = 2.1%) {83.6%}
991   O                                                                         (0 = 0.0%) {85.6%}
1126  ---------------------O                                                    (21 = 14.4%) {85.6%}
1279  ... 

Histogram: Net.QuicSession.SendPacketSize.Handshake recorded 33 samples, mean = 60.5 (flags = 0x41)
0   ... 
36  ------------O                                                             (12 = 36.4%) {0.0%}
41  -O                                                                        (1 = 3.0%) {36.4%}
47  -----O                                                                    (5 = 15.2%) {39.4%}
53  ... 
68  -O                                                                        (1 = 3.0%) {54.5%}
77  -----------O                                                              (11 = 33.3%) {57.6%}
87  ---O                                                                      (3 = 9.1%) {90.9%}
99  ... 

Histogram: Net.QuicSession.SendPacketSize.Initial recorded 38 samples, mean = 755.0 (flags = 0x41)
0     ... 
41    ----O                                                                     (4 = 10.5%) {0.0%}
47    ---O                                                                      (3 = 7.9%) {10.5%}
53    ... 
99    --O                                                                       (2 = 5.3%) {18.4%}
113   --O                                                                       (2 = 5.3%) {23.7%}
128   O                                                                         (0 = 0.0%) {28.9%}
145   -O                                                                        (1 = 2.6%) {28.9%}
165   ... 
524   ---O                                                                      (3 = 7.9%) {31.6%}
595   ----O                                                                     (4 = 10.5%) {39.5%}
676   ... 
1126  -------------------O                                                      (19 = 50.0%) {50.0%}
1279  ... 

Histogram: Net.QuicSession.ServerSideMtu recorded 13 samples (flags = 0x41)
1200  ---O                                                                      (3 = 23.1%)
1250  ----------O                                                               (10 = 76.9%)

Histogram: Net.QuicSession.SmoothedRTT recorded 13 samples, mean = 26.7 (flags = 0x41)
0   ... 
20  -------O                                                                  (7 = 53.8%) {0.0%}
24  --O                                                                       (2 = 15.4%) {53.8%}
29  -O                                                                        (1 = 7.7%) {69.2%}
34  --O                                                                       (2 = 15.4%) {76.9%}
40  -O                                                                        (1 = 7.7%) {92.3%}
48  ... 

Histogram: Net.QuicSession.StopSendingErrorCodeClient recorded 3 samples (flags = 0x41)
20  ---O                                                                      (3 = 100.0%)

Histogram: Net.QuicSession.StreamFlowControlBlocked recorded 8 samples, mean = 0.9 (flags = 0x41)
0  -O                                                                        (1 = 12.5%)
1  -------O                                                                  (7 = 87.5%) {12.5%}
2  O                                                                         (0 = 0.0%) {100.0%}

Histogram: Net.QuicSession.StreamFrameDuplicatedShortConnection recorded 10 samples, mean = 0.0 (flags = 0x41)
0  ----------O                                                               (10 = 100.0%)
1  ... 

Histogram: Net.QuicSession.TimeFromResolveHostToConfirmConnection recorded 13 samples, mean = 178.5 (flags = 0x41)
0    -O                                                                        (1 = 7.7%)
1    ... 
14   ---O                                                                      (3 = 23.1%) {7.7%}
17   O                                                                         (0 = 0.0%) {30.8%}
20   -O                                                                        (1 = 7.7%) {30.8%}
24   ... 
34   -O                                                                        (1 = 7.7%) {38.5%}
40   -O                                                                        (1 = 7.7%) {46.2%}
48   ... 
81   -O                                                                        (1 = 7.7%) {53.8%}
96   ... 
135  -O                                                                        (1 = 7.7%) {61.5%}
160  ... 
268  -O                                                                        (1 = 7.7%) {69.2%}
318  -O                                                                        (1 = 7.7%) {76.9%}
378  ... 
633  --O                                                                       (2 = 15.4%) {84.6%}
752  ... 

Histogram: Net.QuicSession.TooManyOpenStreams recorded 15 samples, mean = 0.0 (flags = 0x41)
0  ---------------O                                                          (15 = 100.0%)
1  ... 

Histogram: Net.QuicSession.TooSmallInitialSentPacket recorded 20 samples, mean = 887.6 (flags = 0x41)
0     ... 
16    -O                                                                        (1 = 5.0%) {0.0%}
18    ... 
505   -O                                                                        (1 = 5.0%) {5.0%}
571   -----O                                                                    (5 = 25.0%) {10.0%}
646   -O                                                                        (1 = 5.0%) {35.0%}
731   ... 
936   -O                                                                        (1 = 5.0%) {40.0%}
1060  -----------O                                                              (11 = 55.0%) {45.0%}
1200  O                                                                         (0 = 0.0%) {100.0%}

Histogram: Net.QuicSession.UndecryptablePacketsReceived recorded 13 samples, mean = 1.2 (flags = 0x41)
0  --------O                                                                 (8 = 61.5%)
1  -O                                                                        (1 = 7.7%) {61.5%}
2  O                                                                         (0 = 0.0%) {69.2%}
3  ---O                                                                      (3 = 23.1%) {69.2%}
4  O                                                                         (0 = 0.0%) {92.3%}
5  -O                                                                        (1 = 7.7%) {92.3%}
7  ... 

Histogram: Net.QuicSession.UndecryptablePacketsReceivedWithDecrypter recorded 13 samples, mean = 0.0 (flags = 0x41)
0  -------------O                                                            (13 = 100.0%)
1  ... 

Histogram: Net.QuicSession.ValidConnectionTime recorded 2 samples, mean = 0.0 (flags = 0x41)
0  --O                                                                       (2 = 100.0%)
1  ... 

Histogram: Net.QuicSession.VerifyProofTime recorded 14 samples, mean = 139.8 (flags = 0x41)
0    ----O                                                                     (4 = 28.6%)
1    ... 
14   ---O                                                                      (3 = 21.4%) {28.6%}
17   -O                                                                        (1 = 7.1%) {50.0%}
20   ... 
81   -O                                                                        (1 = 7.1%) {57.1%}
96   -O                                                                        (1 = 7.1%) {64.3%}
114  ... 
190  -O                                                                        (1 = 7.1%) {71.4%}
226  O                                                                         (0 = 0.0%) {78.6%}
268  -O                                                                        (1 = 7.1%) {78.6%}
318  ... 
533  --O                                                                       (2 = 14.3%) {85.7%}
633  ... 

Histogram: Net.QuicSession.VerifyProofTime.google recorded 3 samples, mean = 70.3 (flags = 0x41)
0   ... 
14  -O                                                                        (1 = 33.3%) {0.0%}
17  ... 
81  -O                                                                        (1 = 33.3%) {33.3%}
96  -O                                                                        (1 = 33.3%) {66.7%}
114 ... 

Histogram: Net.QuicSession.ZeroRttReason recorded 13 samples, mean = 3.9 (flags = 0x41)
0  ... 
2  -----O                                                                    (5 = 38.5%) {0.0%}
3  ... 
5  -------O                                                                  (7 = 53.8%) {38.5%}
6  -O                                                                        (1 = 7.7%) {92.3%}
7  ... 

Histogram: Net.QuicSession.ZeroRttReasonGoogle recorded 10 samples, mean = 3.6 (flags = 0x41)
0  ... 
2  -----O                                                                    (5 = 50.0%) {0.0%}
3  ... 
5  ----O                                                                     (4 = 40.0%) {50.0%}
6  -O                                                                        (1 = 10.0%) {90.0%}
7  ... 

Histogram: Net.QuicSession.ZeroRttReasonNonGoogle recorded 3 samples, mean = 5.0 (flags = 0x41)
0  ... 
5  ---O                                                                      (3 = 100.0%) {0.0%}
6  ... 

Histogram: Net.QuicSession.ZeroRttState recorded 13 samples, mean = 1.2 (flags = 0x41)
0  -----O                                                                    (5 = 38.5%)
1  -O                                                                        (1 = 7.7%) {38.5%}
2  -------O                                                                  (7 = 53.8%) {46.2%}
3  O                                                                         (0 = 0.0%) {100.0%}

Histogram: Net.RestrictedCookieManager.GetCookiesString.Count30Seconds recorded 19 samples, mean = 0.1 (flags = 0x41)
0  ------------------O                                                       (18 = 94.7%)
1  -O                                                                        (1 = 5.3%) {94.7%}
2  ... 

Histogram: Net.RestrictedCookieManager.SiteForCookiesOK recorded 1 samples, mean = 1.0 (flags = 0x41)
0  O                                                                         (0 = 0.0%)
1  -O                                                                        (1 = 100.0%) {0.0%}
2  O                                                                         (0 = 0.0%) {100.0%}

Histogram: Net.RestrictedCookieManager.TopFrameOriginOK recorded 1 samples, mean = 1.0 (flags = 0x41)
0  O                                                                         (0 = 0.0%)
1  -O                                                                        (1 = 100.0%) {0.0%}
2  O                                                                         (0 = 0.0%) {100.0%}

Histogram: Net.SSLHandshakeDetails recorded 8 samples, mean = 6.1 (flags = 0x41)
0  ... 
6  -------O                                                                  (7 = 87.5%) {0.0%}
7  -O                                                                        (1 = 12.5%) {87.5%}
8  ... 

Histogram: Net.SSLNegotiatedAlpnProtocol recorded 8 samples, mean = 2.0 (flags = 0x41)
0  ... 
2  --------O                                                                 (8 = 100.0%) {0.0%}
3  ... 

Histogram: Net.SSLRenegotiationInfoSupported recorded 8 samples, mean = 1.0 (flags = 0x41)
0  O                                                                         (0 = 0.0%)
1  --------O                                                                 (8 = 100.0%) {0.0%}
2  O                                                                         (0 = 0.0%) {100.0%}

Histogram: Net.SSLSignatureAlgorithm recorded 8 samples (flags = 0x41)
1027  ------O                                                                   (6 = 75.0%)
2052  --O                                                                       (2 = 25.0%)

Histogram: Net.SSLVersion recorded 8 samples, mean = 6.0 (flags = 0x41)
0  ... 
6  --------O                                                                 (8 = 100.0%) {0.0%}
7  ... 

Histogram: Net.SSL_CipherSuite recorded 8 samples (flags = 0x41)
4865  -----O                                                                    (5 = 62.5%)
4866  ---O                                                                      (3 = 37.5%)

Histogram: Net.SSL_Connection_Error recorded 8 samples (flags = 0x41)
0  --------O                                                                 (8 = 100.0%)

Histogram: Net.SSL_Connection_Latency_2 recorded 8 samples, mean = 324.9 (flags = 0x41)
0    ... 
51   -O                                                                        (1 = 12.5%) {0.0%}
56   --O                                                                       (2 = 25.0%) {12.5%}
62   ... 
244  -O                                                                        (1 = 12.5%) {37.5%}
269  ... 
362  -O                                                                        (1 = 12.5%) {50.0%}
399  ... 
485  -O                                                                        (1 = 12.5%) {62.5%}
535  O                                                                         (0 = 0.0%) {75.0%}
590  -O                                                                        (1 = 12.5%) {75.0%}
651  -O                                                                        (1 = 12.5%) {87.5%}
718  ... 

Histogram: Net.SSL_KeyExchange.ECDHE recorded 8 samples (flags = 0x41)
29     -----O                                                                    (5 = 62.5%)
25497  ---O                                                                      (3 = 37.5%)

Histogram: Net.SharedDictionaryStorageOnDisk.IsMetadataReadyOnFirstUse recorded 1 samples, mean = 1.0 (flags = 0x41)
0  O                                                                         (0 = 0.0%)
1  -O                                                                        (1 = 100.0%) {0.0%}
2  O                                                                         (0 = 0.0%) {100.0%}

Histogram: Net.SharedDictionaryStorageOnDisk.MetadataReadTime.Empty recorded 1 samples, mean = 0.0 (flags = 0x41)
0  -O                                                                        (1 = 100.0%)
1  ... 

Histogram: Net.SharedDictionaryStore.DeleteExpiredDictionaries.Error recorded 2 samples, mean = 0.0 (flags = 0x41)
0  --O                                                                       (2 = 100.0%)
1  ... 

Histogram: Net.SharedDictionaryStore.GetDictionaries.Error recorded 1 samples, mean = 0.0 (flags = 0x41)
0  -O                                                                        (1 = 100.0%)
1  ... 

Histogram: Net.SharedDictionaryStore.ProcessEviction.Error recorded 1 samples, mean = 0.0 (flags = 0x41)
0  -O                                                                        (1 = 100.0%)
1  ... 

Histogram: Net.SpdyFrameStreamAndSessionFlowControlState recorded 2 samples, mean = 0.0 (flags = 0x41)
0  --O                                                                       (2 = 100.0%)
1  ... 

Histogram: Net.SpdyHeadersCompressionPercentage recorded 7 samples, mean = 50.4 (flags = 0x41)
0   ... 
34  -O                                                                        (1 = 14.3%) {0.0%}
35  ---O                                                                      (3 = 42.9%) {14.3%}
36  ... 
42  -O                                                                        (1 = 14.3%) {57.1%}
43  ... 
78  -O                                                                        (1 = 14.3%) {71.4%}
79  ... 
94  -O                                                                        (1 = 14.3%) {85.7%}
95  ... 

Histogram: Net.SpdyResponseCode recorded 7 samples (flags = 0x41)
200  ---O                                                                      (3 = 42.9%)
204  -O                                                                        (1 = 14.3%)
304  --O                                                                       (2 = 28.6%)
400  -O                                                                        (1 = 14.3%)

Histogram: Net.SpdySession.AcceptChForOrigin recorded 7 samples, mean = 0.4 (flags = 0x41)
0  ----O                                                                     (4 = 57.1%)
1  ---O                                                                      (3 = 42.9%) {57.1%}
2  O                                                                         (0 = 0.0%) {100.0%}

Histogram: Net.SpdySession.AlpsAcceptChEntries recorded 2 samples, mean = 1.0 (flags = 0x41)
0  O                                                                         (0 = 0.0%)
1  --O                                                                       (2 = 100.0%) {0.0%}
2  ... 

Histogram: Net.SpdySession.AlpsDecoderStatus recorded 2 samples, mean = 0.0 (flags = 0x41)
0  --O                                                                       (2 = 100.0%)
1  ... 

Histogram: Net.SpdySession.AlpsDecoderStatus.Bypassed recorded 2 samples, mean = 0.0 (flags = 0x41)
0  --O                                                                       (2 = 100.0%)
1  ... 

Histogram: Net.SpdySession.AlpsSettingParameterCount recorded 2 samples, mean = 0.0 (flags = 0x41)
0  --O                                                                       (2 = 100.0%)
1  ... 

Histogram: Net.SpdySession.ClosedOnError recorded 5 samples (flags = 0x41)
0  -----O                                                                    (5 = 100.0%)

Histogram: Net.SpdySession.CreateStreamWithSocketConnected recorded 7 samples, mean = 1.0 (flags = 0x41)
0  O                                                                         (0 = 0.0%)
1  -------O                                                                  (7 = 100.0%) {0.0%}
2  O                                                                         (0 = 0.0%) {100.0%}

Histogram: Net.SpdySession.GoAwayReceived recorded 2 samples (flags = 0x41)
0  --O                                                                       (2 = 100.0%)

Histogram: Net.SpdySession.OnSettings.ActiveStreamCount2 recorded 5 samples, mean = 1.0 (flags = 0x41)
0  O                                                                         (0 = 0.0%)
1  -----O                                                                    (5 = 100.0%) {0.0%}
2  ... 

Histogram: Net.SpdySession.OnSettings.CreatedAndActiveStreamCount2 recorded 5 samples, mean = 1.0 (flags = 0x41)
0  O                                                                         (0 = 0.0%)
1  -----O                                                                    (5 = 100.0%) {0.0%}
2  ... 

Histogram: Net.SpdySession.OnSettings.CreatedStreamCount2 recorded 5 samples, mean = 0.0 (flags = 0x41)
0  -----O                                                                    (5 = 100.0%)
1  ... 

Histogram: Net.SpdySession.OnSettings.PendingStreamCount2 recorded 5 samples, mean = 0.0 (flags = 0x41)
0  -----O                                                                    (5 = 100.0%)
1  ... 

Histogram: Net.SpdySession.ServerSupportsWebSocket recorded 5 samples, mean = 0.0 (flags = 0x41)
0  -----O                                                                    (5 = 100.0%)
1  ... 

Histogram: Net.SpdySessionGet recorded 7 samples, mean = 2.4 (flags = 0x41)
0  O                                                                         (0 = 0.0%)
1  --O                                                                       (2 = 28.6%) {0.0%}
2  O                                                                         (0 = 0.0%) {28.6%}
3  -----O                                                                    (5 = 71.4%) {28.6%}
4  O                                                                         (0 = 0.0%) {100.0%}

Histogram: Net.SpdyStreamsAbandonedPerSession recorded 5 samples, mean = 0.0 (flags = 0x41)
0  -----O                                                                    (5 = 100.0%)
1  ... 

Histogram: Net.SpdyStreamsPerSession recorded 5 samples, mean = 1.4 (flags = 0x41)
0  O                                                                         (0 = 0.0%)
1  ---O                                                                      (3 = 60.0%) {0.0%}
2  --O                                                                       (2 = 40.0%) {60.0%}
3  ... 

Histogram: Net.TCP_Connection_Latency recorded 9 samples, mean = 36.2 (flags = 0x41)
0    ... 
18   -O                                                                        (1 = 11.1%) {0.0%}
20   ---O                                                                      (3 = 33.3%) {11.1%}
23   O                                                                         (0 = 0.0%) {44.4%}
26   --O                                                                       (2 = 22.2%) {44.4%}
29   -O                                                                        (1 = 11.1%) {66.7%}
33   O                                                                         (0 = 0.0%) {77.8%}
37   -O                                                                        (1 = 11.1%) {77.8%}
42   ... 
113  -O                                                                        (1 = 11.1%) {88.9%}
128  ... 

Histogram: Net.TcpConnectAttempt.Latency.Success recorded 9 samples, mean = 36.1 (flags = 0x41)
0    ... 
18   ----O                                                                     (4 = 44.4%) {0.0%}
22   -O                                                                        (1 = 11.1%) {44.4%}
27   --O                                                                       (2 = 22.2%) {55.6%}
33   -O                                                                        (1 = 11.1%) {77.8%}
41   ... 
113  -O                                                                        (1 = 11.1%) {88.9%}
139  ... 

Histogram: Net.UDPSocketWinClose recorded 59 samples, mean = 0.0 (flags = 0x41)
0  -----------------------------------------------------------O              (59 = 100.0%)
1  ... 

Histogram: Net.URLLoaderThrottle.OnReceiveResponseTime recorded 44 samples, mean = 0.6 (flags = 0x41)
0   -------------------------------------O                                    (37 = 84.1%)
1   -----O                                                                    (5 = 11.4%) {84.1%}
2   -O                                                                        (1 = 2.3%) {95.5%}
3   ... 
20  -O                                                                        (1 = 2.3%) {97.7%}
24  ... 

Histogram: Net.URLLoaderThrottleExecutionTime.BeforeWillProcessResponse recorded 223 samples, mean = 0.0 (flags = 0x41)
0  ------------------------------------------------------------------------O (223 = 100.0%)
1  ... 

Histogram: Net.URLLoaderThrottleExecutionTime.WillProcessResponse recorded 223 samples, mean = 0.0 (flags = 0x41)
0  ------------------------------------------------------------------------O (223 = 100.0%)
1  ... 

Histogram: Net.URLLoaderThrottleExecutionTime.WillRedirectRequest recorded 16 samples, mean = 0.0 (flags = 0x41)
0  ----------------O                                                         (16 = 100.0%)
1  ... 

Histogram: Net.URLLoaderThrottleExecutionTime.WillStartRequest recorded 223 samples, mean = 0.0 (flags = 0x41)
0  ------------------------------------------------------------------------O (222 = 99.6%)
1  O                                                                         (1 = 0.4%) {99.6%}
2  ... 

Histogram: Net.URLRequest.ReferrerHasInformativePath.CrossOrigin recorded 48 samples, mean = 0.0 (flags = 0x41)
0  ------------------------------------------------O                         (48 = 100.0%)
1  ... 

Histogram: Net.URLRequest.ReferrerHasInformativePath.SameOrigin recorded 8 samples, mean = 1.0 (flags = 0x41)
0  O                                                                         (0 = 0.0%)
1  --------O                                                                 (8 = 100.0%) {0.0%}
2  O                                                                         (0 = 0.0%) {100.0%}

Histogram: Net.URLRequest.ReferrerPolicyForRequest.CrossOrigin recorded 48 samples, mean = 1.4 (flags = 0x41)
0  O                                                                         (0 = 0.0%)
1  --------------------------------------O                                   (38 = 79.2%) {0.0%}
2  O                                                                         (0 = 0.0%) {79.2%}
3  ----------O                                                               (10 = 20.8%) {79.2%}
4  ... 

Histogram: Net.URLRequest.ReferrerPolicyForRequest.SameOrigin recorded 8 samples, mean = 1.0 (flags = 0x41)
0  O                                                                         (0 = 0.0%)
1  --------O                                                                 (8 = 100.0%) {0.0%}
2  ... 

Histogram: Network.Mdns.Googlecast recorded 3 samples, mean = 0.0 (flags = 0x41)
0  ---O                                                                      (3 = 100.0%)
1  ... 

Histogram: NetworkService.DeletedOldCacheData recorded 1 samples, mean = 0.0 (flags = 0x41)
0  -O                                                                        (1 = 100.0%)
1  ... 

Histogram: NetworkService.GrantSandboxResult recorded 3 samples, mean = 9.0 (flags = 0x41)
0   ... 
7   -O                                                                        (1 = 33.3%) {0.0%}
8   ... 
10  --O                                                                       (2 = 66.7%) {33.3%}
11  ... 

Histogram: NetworkService.NetworkLoaderCompletionTime2.DiskCache recorded 36 samples, mean = 56.2 (flags = 0x41)
0    O                                                                         (0 = 0.0%)
1    -O                                                                        (1 = 2.8%) {0.0%}
2    --O                                                                       (2 = 5.6%) {2.8%}
3    O                                                                         (0 = 0.0%) {8.3%}
4    ----O                                                                     (4 = 11.1%) {8.3%}
5    -O                                                                        (1 = 2.8%) {19.4%}
6    O                                                                         (0 = 0.0%) {22.2%}
7    ------O                                                                   (6 = 16.7%) {22.2%}
8    ----O                                                                     (4 = 11.1%) {38.9%}
10   -O                                                                        (1 = 2.8%) {50.0%}
12   ----O                                                                     (4 = 11.1%) {52.8%}
14   --------O                                                                 (8 = 22.2%) {63.9%}
17   -O                                                                        (1 = 2.8%) {86.1%}
20   -O                                                                        (1 = 2.8%) {88.9%}
24   ... 
190  -O                                                                        (1 = 2.8%) {91.7%}
226  ... 
633  -O                                                                        (1 = 2.8%) {94.4%}
752  -O                                                                        (1 = 2.8%) {97.2%}
894  ... 

Histogram: NetworkService.NetworkLoaderCompletionTime2.Network recorded 18 samples, mean = 227.8 (flags = 0x41)
0    ... 
40   -O                                                                        (1 = 5.6%) {0.0%}
48   --O                                                                       (2 = 11.1%) {5.6%}
57   O                                                                         (0 = 0.0%) {16.7%}
68   -O                                                                        (1 = 5.6%) {16.7%}
81   --O                                                                       (2 = 11.1%) {22.2%}
96   -O                                                                        (1 = 5.6%) {33.3%}
114  --O                                                                       (2 = 11.1%) {38.9%}
135  O                                                                         (0 = 0.0%) {50.0%}
160  ----O                                                                     (4 = 22.2%) {50.0%}
190  ... 
268  -O                                                                        (1 = 5.6%) {72.2%}
318  O                                                                         (0 = 0.0%) {77.8%}
378  -O                                                                        (1 = 5.6%) {77.8%}
449  -O                                                                        (1 = 5.6%) {83.3%}
533  O                                                                         (0 = 0.0%) {88.9%}
633  -O                                                                        (1 = 5.6%) {88.9%}
752  -O                                                                        (1 = 5.6%) {94.4%}
894  ... 

Histogram: NetworkService.TimeToGrantCacheAccess recorded 1 samples, mean = 15.0 (flags = 0x41)
0   ... 
14  -O                                                                        (1 = 100.0%) {0.0%}
17  ... 

Histogram: NetworkService.TimeToGrantDataAccess recorded 2 samples, mean = 2.0 (flags = 0x41)
0  O                                                                         (0 = 0.0%)
1  -O                                                                        (1 = 50.0%) {0.0%}
2  O                                                                         (0 = 0.0%) {50.0%}
3  -O                                                                        (1 = 50.0%) {50.0%}
4  ... 

Histogram: NetworkService.TimeToGrantSharedDictionaryAccess recorded 1 samples, mean = 3.0 (flags = 0x41)
0  ... 
3  -O                                                                        (1 = 100.0%) {0.0%}
4  ... 

Histogram: NetworkedProfile.Check recorded 1 samples, mean = 4.0 (flags = 0x41)
0  ... 
4  -O                                                                        (1 = 100.0%) {0.0%}
5  ... 

Histogram: NewTabPage.MostVisited.DeciScore.0.Local recorded 1 samples, mean = 206.0 (flags = 0x41)
0    ... 
196  -O                                                                        (1 = 100.0%) {0.0%}
258  ... 

Histogram: NewTabPage.MostVisited.DeciScore.1.Local recorded 1 samples, mean = 206.0 (flags = 0x41)
0    ... 
196  -O                                                                        (1 = 100.0%) {0.0%}
258  ... 

Histogram: Notifications.UsingSystemNotificationCenter recorded 1 samples, mean = 0.0 (flags = 0x41)
0  -O                                                                        (1 = 100.0%)
1  ... 

Histogram: Notifications.Windows.GetDisplayedStatus recorded 1 samples, mean = 0.0 (flags = 0x41)
0  -O                                                                        (1 = 100.0%)
1  ... 

Histogram: Notifications.Windows.GetSettingStatusStartup recorded 1 samples, mean = 1.0 (flags = 0x41)
0  O                                                                         (0 = 0.0%)
1  -O                                                                        (1 = 100.0%) {0.0%}
2  O                                                                         (0 = 0.0%) {100.0%}

Histogram: Notifications.Windows.HistoryStatus recorded 1 samples, mean = 0.0 (flags = 0x41)
0  -O                                                                        (1 = 100.0%)
1  ... 

Histogram: Notifications.Windows.SetReadyCallbackStatus2 recorded 1 samples, mean = 3.0 (flags = 0x41)
0  ... 
3  -O                                                                        (1 = 100.0%) {0.0%}
4  ... 

Histogram: Notifications.Windows.StartMenuShortcutStatus recorded 1 samples, mean = 2.0 (flags = 0x41)
0  ... 
2  -O                                                                        (1 = 100.0%) {0.0%}
3  ... 

Histogram: OSCrypt.AppBoundEncryption.SupportLevel recorded 1 samples, mean = 4.0 (flags = 0x41)
0  ... 
4  -O                                                                        (1 = 100.0%) {0.0%}
5  ... 

Histogram: OSCrypt.AppBoundProvider.KeyRetrieval.Status recorded 1 samples, mean = 1.0 (flags = 0x41)
0  O                                                                         (0 = 0.0%)
1  -O                                                                        (1 = 100.0%) {0.0%}
2  ... 

Histogram: OSCrypt.AsyncInitialization.Result recorded 1 samples, mean = 1.0 (flags = 0x41)
0  O                                                                         (0 = 0.0%)
1  -O                                                                        (1 = 100.0%) {0.0%}
2  O                                                                         (0 = 0.0%) {100.0%}

Histogram: OSCrypt.AsyncInitialization.Time recorded 1 samples, mean = 1.0 (flags = 0x41)
0  O                                                                         (0 = 0.0%)
1  -O                                                                        (1 = 100.0%) {0.0%}
2  ... 

Histogram: OSCrypt.DPAPIProvider.Status recorded 1 samples, mean = 0.0 (flags = 0x41)
0  -O                                                                        (1 = 100.0%)
1  ... 

Histogram: OSCrypt.Win.Decrypt.Result recorded 1 samples, mean = 1.0 (flags = 0x41)
0  O                                                                         (0 = 0.0%)
1  -O                                                                        (1 = 100.0%) {0.0%}
2  O                                                                         (0 = 0.0%) {100.0%}

Histogram: OSCrypt.Win.Decrypt.Time recorded 1 samples, mean = 0.0 (flags = 0x41)
0  -O                                                                        (1 = 100.0%)
1  ... 

Histogram: Omnibox.KeywordModeUsageByEngineType.ActiveOnStartup recorded 4 samples, mean = 3.5 (flags = 0x41)
0  ... 
2  -O                                                                        (1 = 25.0%) {0.0%}
3  -O                                                                        (1 = 25.0%) {25.0%}
4  -O                                                                        (1 = 25.0%) {50.0%}
5  -O                                                                        (1 = 25.0%) {75.0%}
6  O                                                                         (0 = 0.0%) {100.0%}

Histogram: Omnibox.KeywordModeUsageByEngineType.InactiveOnStartup recorded 8 samples, mean = 1.0 (flags = 0x41)
0  O                                                                         (0 = 0.0%)
1  --------O                                                                 (8 = 100.0%) {0.0%}
2  ... 

Histogram: Omnibox.TemplateUrl.RlzPresent recorded 19 samples, mean = 0.0 (flags = 0x41)
0  -------------------O                                                      (19 = 100.0%)
1  ... 

Histogram: Omnibox.TemplateUrl.SearchClientPresent recorded 19 samples, mean = 0.0 (flags = 0x41)
0  -------------------O                                                      (19 = 100.0%)
1  ... 

Histogram: OptimizationGuide.ApplyDecision.AboutThisSite recorded 1 samples, mean = 8.0 (flags = 0x41)
0  ... 
8  -O                                                                        (1 = 100.0%) {0.0%}
9  ... 

Histogram: OptimizationGuide.ApplyDecision.HistoryClusters recorded 4 samples, mean = 1.5 (flags = 0x41)
0  O                                                                         (0 = 0.0%)
1  ---O                                                                      (3 = 75.0%) {0.0%}
2  O                                                                         (0 = 0.0%) {75.0%}
3  -O                                                                        (1 = 25.0%) {75.0%}
4  ... 

Histogram: OptimizationGuide.ApplyDecision.V8CompileHints recorded 1 samples, mean = 8.0 (flags = 0x41)
0  ... 
8  -O                                                                        (1 = 100.0%) {0.0%}
9  ... 

Histogram: OptimizationGuide.HintCacheLevelDBStore.LoadMetadataResult recorded 1 samples, mean = 5.0 (flags = 0x41)
0  ... 
5  -O                                                                        (1 = 100.0%) {0.0%}
6  ... 

Histogram: OptimizationGuide.HintCacheLevelDBStore.Status recorded 3 samples, mean = 1.0 (flags = 0x41)
0  -O                                                                        (1 = 33.3%)
1  -O                                                                        (1 = 33.3%) {33.3%}
2  -O                                                                        (1 = 33.3%) {66.7%}
3  ... 

Histogram: OptimizationGuide.HintsManager.HintCacheInitialized recorded 1 samples, mean = 1.0 (flags = 0x40)
0  O                                                                         (0 = 0.0%)
1  -O                                                                        (1 = 100.0%) {0.0%}
2  O                                                                         (0 = 0.0%) {100.0%}

Histogram: OptimizationGuide.LoadedHint.Result recorded 4 samples, mean = 0.0 (flags = 0x40)
0  ----O                                                                     (4 = 100.0%)
1  ... 

Histogram: OptimizationGuide.ModelExecution.FeatureCurrentlyEnabledResult.Compose recorded 1 samples, mean = 1.0 (flags = 0x41)
0  O                                                                         (0 = 0.0%)
1  -O                                                                        (1 = 100.0%) {0.0%}
2  ... 

Histogram: OptimizationGuide.ModelExecution.FeatureCurrentlyEnabledResult.HistorySearch recorded 2 samples, mean = 3.0 (flags = 0x41)
0  ... 
3  --O                                                                       (2 = 100.0%) {0.0%}
4  ... 

Histogram: OptimizationGuide.ModelExecution.FeatureCurrentlyEnabledResult.TabOrganization recorded 1 samples, mean = 3.0 (flags = 0x41)
0  ... 
3  -O                                                                        (1 = 100.0%) {0.0%}
4  ... 

Histogram: OptimizationGuide.ModelExecution.FeatureCurrentlyEnabledResult.WallpaperSearch recorded 1 samples, mean = 1.0 (flags = 0x41)
0  O                                                                         (0 = 0.0%)
1  -O                                                                        (1 = 100.0%) {0.0%}
2  ... 

Histogram: OptimizationGuide.ModelExecution.FeatureEnabledAtStartup.Compose recorded 1 samples, mean = 0.0 (flags = 0x41)
0  -O                                                                        (1 = 100.0%)
1  ... 

Histogram: OptimizationGuide.ModelExecution.FeatureEnabledAtStartup.HistorySearch recorded 1 samples, mean = 0.0 (flags = 0x41)
0  -O                                                                        (1 = 100.0%)
1  ... 

Histogram: OptimizationGuide.ModelExecution.FeatureEnabledAtStartup.TabOrganization recorded 1 samples, mean = 0.0 (flags = 0x41)
0  -O                                                                        (1 = 100.0%)
1  ... 

Histogram: OptimizationGuide.ModelExecution.FeatureEnabledAtStartup.WallpaperSearch recorded 1 samples, mean = 0.0 (flags = 0x41)
0  -O                                                                        (1 = 100.0%)
1  ... 

Histogram: OptimizationGuide.ModelExecution.OnDeviceModelInstallCriteria.AtRegistration.All recorded 1 samples, mean = 0.0 (flags = 0x41)
0  -O                                                                        (1 = 100.0%)
1  ... 

Histogram: OptimizationGuide.ModelExecution.OnDeviceModelInstallCriteria.AtRegistration.DeviceCapability recorded 1 samples, mean = 0.0 (flags = 0x41)
0  -O                                                                        (1 = 100.0%)
1  ... 

Histogram: OptimizationGuide.ModelExecution.OnDeviceModelInstallCriteria.AtRegistration.DiskSpace recorded 1 samples, mean = 1.0 (flags = 0x41)
0  O                                                                         (0 = 0.0%)
1  -O                                                                        (1 = 100.0%) {0.0%}
2  O                                                                         (0 = 0.0%) {100.0%}

Histogram: OptimizationGuide.ModelExecution.OnDeviceModelInstallCriteria.AtRegistration.EnabledByEnterprisePolicy recorded 1 samples, mean = 1.0 (flags = 0x41)
0  O                                                                         (0 = 0.0%)
1  -O                                                                        (1 = 100.0%) {0.0%}
2  O                                                                         (0 = 0.0%) {100.0%}

Histogram: OptimizationGuide.ModelExecution.OnDeviceModelInstallCriteria.AtRegistration.EnabledByFeature recorded 1 samples, mean = 0.0 (flags = 0x41)
0  -O                                                                        (1 = 100.0%)
1  ... 

Histogram: OptimizationGuide.ModelExecution.OnDeviceModelInstallCriteria.AtRegistration.FeatureUse recorded 1 samples, mean = 0.0 (flags = 0x41)
0  -O                                                                        (1 = 100.0%)
1  ... 

Histogram: OptimizationGuide.ModelExecutor.ExecutionStatus.PageVisibility recorded 4 samples, mean = 3.0 (flags = 0x41)
0  ... 
3  ----O                                                                     (4 = 100.0%) {0.0%}
4  ... 

Histogram: OptimizationGuide.ModelExecutor.ModelAvailableToLoad.PageVisibility recorded 4 samples, mean = 0.0 (flags = 0x41)
0  ----O                                                                     (4 = 100.0%)
1  ... 

Histogram: OptimizationGuide.ModelExecutor.TaskExecutionLatency.PageVisibility recorded 4 samples, mean = 7.0 (flags = 0x41)
0  ... 
6  ----O                                                                     (4 = 100.0%) {0.0%}
8  ... 

Histogram: OptimizationGuide.ModelExecutor.TaskSchedulingLatency.PageVisibility recorded 4 samples, mean = 1.0 (flags = 0x41)
0  -O                                                                        (1 = 25.0%)
1  --O                                                                       (2 = 50.0%) {25.0%}
2  -O                                                                        (1 = 25.0%) {75.0%}
3  ... 

Histogram: OptimizationGuide.ModelHandler.HandlerCreated.GeolocationPermissions recorded 1 samples, mean = 1.0 (flags = 0x41)
0  O                                                                         (0 = 0.0%)
1  -O                                                                        (1 = 100.0%) {0.0%}
2  O                                                                         (0 = 0.0%) {100.0%}

Histogram: OptimizationGuide.ModelHandler.HandlerCreated.NewTabPageHistoryClustersModuleRanking recorded 1 samples, mean = 1.0 (flags = 0x41)
0  O                                                                         (0 = 0.0%)
1  -O                                                                        (1 = 100.0%) {0.0%}
2  O                                                                         (0 = 0.0%) {100.0%}

Histogram: OptimizationGuide.ModelHandler.HandlerCreated.NotificationPermissions recorded 1 samples, mean = 1.0 (flags = 0x41)
0  O                                                                         (0 = 0.0%)
1  -O                                                                        (1 = 100.0%) {0.0%}
2  O                                                                         (0 = 0.0%) {100.0%}

Histogram: OptimizationGuide.ModelHandler.HandlerCreated.OmniboxUrlScoring recorded 1 samples, mean = 1.0 (flags = 0x41)
0  O                                                                         (0 = 0.0%)
1  -O                                                                        (1 = 100.0%) {0.0%}
2  O                                                                         (0 = 0.0%) {100.0%}

Histogram: OptimizationGuide.ModelHandler.HandlerCreated.PageTopicsV2 recorded 1 samples, mean = 1.0 (flags = 0x41)
0  O                                                                         (0 = 0.0%)
1  -O                                                                        (1 = 100.0%) {0.0%}
2  O                                                                         (0 = 0.0%) {100.0%}

Histogram: OptimizationGuide.ModelHandler.HandlerCreated.PageVisibility recorded 1 samples, mean = 1.0 (flags = 0x41)
0  O                                                                         (0 = 0.0%)
1  -O                                                                        (1 = 100.0%) {0.0%}
2  O                                                                         (0 = 0.0%) {100.0%}

Histogram: OptimizationGuide.ModelHandler.HandlerCreated.SegmentationChromeLowUserEngagement recorded 1 samples, mean = 1.0 (flags = 0x41)
0  O                                                                         (0 = 0.0%)
1  -O                                                                        (1 = 100.0%) {0.0%}
2  O                                                                         (0 = 0.0%) {100.0%}

Histogram: OptimizationGuide.ModelHandler.HandlerCreated.SegmentationComposePromotion recorded 1 samples, mean = 1.0 (flags = 0x41)
0  O                                                                         (0 = 0.0%)
1  -O                                                                        (1 = 100.0%) {0.0%}
2  O                                                                         (0 = 0.0%) {100.0%}

Histogram: OptimizationGuide.ModelHandler.HandlerCreated.SegmentationDeviceSwitcher recorded 1 samples, mean = 1.0 (flags = 0x41)
0  O                                                                         (0 = 0.0%)
1  -O                                                                        (1 = 100.0%) {0.0%}
2  O                                                                         (0 = 0.0%) {100.0%}

Histogram: OptimizationGuide.ModelHandler.HandlerCreated.SegmentationSearchUser recorded 1 samples, mean = 1.0 (flags = 0x41)
0  O                                                                         (0 = 0.0%)
1  -O                                                                        (1 = 100.0%) {0.0%}
2  O                                                                         (0 = 0.0%) {100.0%}

Histogram: OptimizationGuide.ModelHandler.HandlerCreated.SegmentationShoppingUser recorded 1 samples, mean = 1.0 (flags = 0x41)
0  O                                                                         (0 = 0.0%)
1  -O                                                                        (1 = 100.0%) {0.0%}
2  O                                                                         (0 = 0.0%) {100.0%}

Histogram: OptimizationGuide.ModelHandler.HandlerCreated.URLVisitResumptionRanker recorded 1 samples, mean = 1.0 (flags = 0x41)
0  O                                                                         (0 = 0.0%)
1  -O                                                                        (1 = 100.0%) {0.0%}
2  O                                                                         (0 = 0.0%) {100.0%}

Histogram: OptimizationGuide.ModelHandler.HandlerCreated.WebAppInstallationPromo recorded 1 samples, mean = 1.0 (flags = 0x41)
0  O                                                                         (0 = 0.0%)
1  -O                                                                        (1 = 100.0%) {0.0%}
2  O                                                                         (0 = 0.0%) {100.0%}

Histogram: OptimizationGuide.OptimizationFilterStatus.HistoryClusters recorded 4 samples, mean = 0.5 (flags = 0x41)
0  --O                                                                       (2 = 50.0%)
1  --O                                                                       (2 = 50.0%) {50.0%}
2  ... 

Histogram: OptimizationGuide.OptimizationFilterStatus.ShoppingPagePredictor recorded 4 samples, mean = 0.5 (flags = 0x41)
0  --O                                                                       (2 = 50.0%)
1  --O                                                                       (2 = 50.0%) {50.0%}
2  ... 

Histogram: OptimizationGuide.OptimizationHintsComponent.MajorVersion2 recorded 2 samples (flags = 0x41)
638  -O                                                                        (1 = 50.0%)
639  -O                                                                        (1 = 50.0%)

Histogram: OptimizationGuide.PageContentAnnotations.AnnotateVisitResultCached recorded 4 samples, mean = 0.0 (flags = 0x41)
0  ----O                                                                     (4 = 100.0%)
1  ... 

Histogram: OptimizationGuide.PageContentAnnotations.BatchRequestedSize.ContentVisibility recorded 1 samples, mean = 4.0 (flags = 0x41)
0  ... 
4  -O                                                                        (1 = 100.0%) {0.0%}
5  ... 

Histogram: OptimizationGuide.PageContentAnnotations.BatchSuccess.ContentVisibility recorded 1 samples, mean = 0.0 (flags = 0x41)
0  -O                                                                        (1 = 100.0%)
1  ... 

Histogram: OptimizationGuide.PageContentAnnotations.JobExecutionTime.ContentVisibility recorded 1 samples, mean = 8.0 (flags = 0x41)
0  ... 
8  -O                                                                        (1 = 100.0%) {0.0%}
10 ... 

Histogram: OptimizationGuide.PageContentAnnotations.JobScheduleTime.ContentVisibility recorded 1 samples, mean = 0.0 (flags = 0x41)
0  -O                                                                        (1 = 100.0%)
1  ... 

Histogram: OptimizationGuide.PageContentAnnotationsService.ContentAnnotated recorded 4 samples, mean = 0.0 (flags = 0x41)
0  ----O                                                                     (4 = 100.0%)
1  ... 

Histogram: OptimizationGuide.PredictionManager.DownloadServiceAvailabilityBlockedFetch recorded 4 samples, mean = 0.0 (flags = 0x41)
0  ----O                                                                     (4 = 100.0%)
1  ... 

Histogram: OptimizationGuide.PredictionManager.FirstModelFetchSinceServiceInit recorded 1 samples, mean = 10563.0 (flags = 0x41)
0      ... 
10165  -O                                                                        (1 = 100.0%) {0.0%}
12916  ... 

Histogram: OptimizationGuide.PredictionManager.ModelAvailableAtRegistration.ClientSidePhishing recorded 1 samples, mean = 0.0 (flags = 0x41)
0  -O                                                                        (1 = 100.0%)
1  ... 

Histogram: OptimizationGuide.PredictionManager.ModelAvailableAtRegistration.GeolocationPermissions recorded 1 samples, mean = 0.0 (flags = 0x41)
0  -O                                                                        (1 = 100.0%)
1  ... 

Histogram: OptimizationGuide.PredictionManager.ModelAvailableAtRegistration.LanguageDetection recorded 2 samples, mean = 0.0 (flags = 0x41)
0  --O                                                                       (2 = 100.0%)
1  ... 

Histogram: OptimizationGuide.PredictionManager.ModelAvailableAtRegistration.NewTabPageHistoryClustersModuleRanking recorded 1 samples, mean = 0.0 (flags = 0x41)
0  -O                                                                        (1 = 100.0%)
1  ... 

Histogram: OptimizationGuide.PredictionManager.ModelAvailableAtRegistration.NotificationPermissions recorded 1 samples, mean = 0.0 (flags = 0x41)
0  -O                                                                        (1 = 100.0%)
1  ... 

Histogram: OptimizationGuide.PredictionManager.ModelAvailableAtRegistration.OmniboxUrlScoring recorded 1 samples, mean = 0.0 (flags = 0x41)
0  -O                                                                        (1 = 100.0%)
1  ... 

Histogram: OptimizationGuide.PredictionManager.ModelAvailableAtRegistration.PageTopicsV2 recorded 1 samples, mean = 0.0 (flags = 0x41)
0  -O                                                                        (1 = 100.0%)
1  ... 

Histogram: OptimizationGuide.PredictionManager.ModelAvailableAtRegistration.PageVisibility recorded 1 samples, mean = 0.0 (flags = 0x41)
0  -O                                                                        (1 = 100.0%)
1  ... 

Histogram: OptimizationGuide.PredictionManager.ModelAvailableAtRegistration.SegmentationChromeLowUserEngagement recorded 1 samples, mean = 0.0 (flags = 0x41)
0  -O                                                                        (1 = 100.0%)
1  ... 

Histogram: OptimizationGuide.PredictionManager.ModelAvailableAtRegistration.SegmentationComposePromotion recorded 1 samples, mean = 0.0 (flags = 0x41)
0  -O                                                                        (1 = 100.0%)
1  ... 

Histogram: OptimizationGuide.PredictionManager.ModelAvailableAtRegistration.SegmentationDeviceSwitcher recorded 1 samples, mean = 0.0 (flags = 0x41)
0  -O                                                                        (1 = 100.0%)
1  ... 

Histogram: OptimizationGuide.PredictionManager.ModelAvailableAtRegistration.SegmentationSearchUser recorded 1 samples, mean = 0.0 (flags = 0x41)
0  -O                                                                        (1 = 100.0%)
1  ... 

Histogram: OptimizationGuide.PredictionManager.ModelAvailableAtRegistration.SegmentationShoppingUser recorded 1 samples, mean = 0.0 (flags = 0x41)
0  -O                                                                        (1 = 100.0%)
1  ... 

Histogram: OptimizationGuide.PredictionManager.ModelAvailableAtRegistration.TextSafety recorded 1 samples, mean = 0.0 (flags = 0x41)
0  -O                                                                        (1 = 100.0%)
1  ... 

Histogram: OptimizationGuide.PredictionManager.ModelAvailableAtRegistration.URLVisitResumptionRanker recorded 1 samples, mean = 0.0 (flags = 0x41)
0  -O                                                                        (1 = 100.0%)
1  ... 

Histogram: OptimizationGuide.PredictionManager.ModelAvailableAtRegistration.VisualSearchClassification recorded 1 samples, mean = 0.0 (flags = 0x41)
0  -O                                                                        (1 = 100.0%)
1  ... 

Histogram: OptimizationGuide.PredictionManager.ModelAvailableAtRegistration.WebAppInstallationPromo recorded 1 samples, mean = 0.0 (flags = 0x41)
0  -O                                                                        (1 = 100.0%)
1  ... 

Histogram: OptimizationGuide.PredictionManager.ModelDeliveryEvents.ClientSidePhishing recorded 8 samples, mean = 5.5 (flags = 0x41)
0  ... 
3  ----O                                                                     (4 = 50.0%) {0.0%}
4  ... 
8  ----O                                                                     (4 = 50.0%) {50.0%}
9  ... 

Histogram: OptimizationGuide.PredictionManager.ModelDeliveryEvents.GeolocationPermissions recorded 8 samples, mean = 5.5 (flags = 0x41)
0  ... 
3  ----O                                                                     (4 = 50.0%) {0.0%}
4  ... 
8  ----O                                                                     (4 = 50.0%) {50.0%}
9  ... 

Histogram: OptimizationGuide.PredictionManager.ModelDeliveryEvents.LanguageDetection recorded 8 samples, mean = 5.5 (flags = 0x41)
0  ... 
3  ----O                                                                     (4 = 50.0%) {0.0%}
4  ... 
8  ----O                                                                     (4 = 50.0%) {50.0%}
9  ... 

Histogram: OptimizationGuide.PredictionManager.ModelDeliveryEvents.NewTabPageHistoryClustersModuleRanking recorded 8 samples, mean = 5.5 (flags = 0x41)
0  ... 
3  ----O                                                                     (4 = 50.0%) {0.0%}
4  ... 
8  ----O                                                                     (4 = 50.0%) {50.0%}
9  ... 

Histogram: OptimizationGuide.PredictionManager.ModelDeliveryEvents.NotificationPermissions recorded 8 samples, mean = 5.5 (flags = 0x41)
0  ... 
3  ----O                                                                     (4 = 50.0%) {0.0%}
4  ... 
8  ----O                                                                     (4 = 50.0%) {50.0%}
9  ... 

Histogram: OptimizationGuide.PredictionManager.ModelDeliveryEvents.OmniboxUrlScoring recorded 8 samples, mean = 5.5 (flags = 0x41)
0  ... 
3  ----O                                                                     (4 = 50.0%) {0.0%}
4  ... 
8  ----O                                                                     (4 = 50.0%) {50.0%}
9  ... 

Histogram: OptimizationGuide.PredictionManager.ModelDeliveryEvents.PageTopicsV2 recorded 8 samples, mean = 5.5 (flags = 0x41)
0  ... 
3  ----O                                                                     (4 = 50.0%) {0.0%}
4  ... 
8  ----O                                                                     (4 = 50.0%) {50.0%}
9  ... 

Histogram: OptimizationGuide.PredictionManager.ModelDeliveryEvents.PageVisibility recorded 8 samples, mean = 5.5 (flags = 0x41)
0  ... 
3  ----O                                                                     (4 = 50.0%) {0.0%}
4  ... 
8  ----O                                                                     (4 = 50.0%) {50.0%}
9  ... 

Histogram: OptimizationGuide.PredictionManager.ModelDeliveryEvents.SegmentationChromeLowUserEngagement recorded 8 samples, mean = 5.5 (flags = 0x41)
0  ... 
3  ----O                                                                     (4 = 50.0%) {0.0%}
4  ... 
8  ----O                                                                     (4 = 50.0%) {50.0%}
9  ... 

Histogram: OptimizationGuide.PredictionManager.ModelDeliveryEvents.SegmentationComposePromotion recorded 8 samples, mean = 5.5 (flags = 0x41)
0  ... 
3  ----O                                                                     (4 = 50.0%) {0.0%}
4  ... 
8  ----O                                                                     (4 = 50.0%) {50.0%}
9  ... 

Histogram: OptimizationGuide.PredictionManager.ModelDeliveryEvents.SegmentationDeviceSwitcher recorded 8 samples, mean = 5.5 (flags = 0x41)
0  ... 
3  ----O                                                                     (4 = 50.0%) {0.0%}
4  ... 
8  ----O                                                                     (4 = 50.0%) {50.0%}
9  ... 

Histogram: OptimizationGuide.PredictionManager.ModelDeliveryEvents.SegmentationSearchUser recorded 8 samples, mean = 5.5 (flags = 0x41)
0  ... 
3  ----O                                                                     (4 = 50.0%) {0.0%}
4  ... 
8  ----O                                                                     (4 = 50.0%) {50.0%}
9  ... 

Histogram: OptimizationGuide.PredictionManager.ModelDeliveryEvents.SegmentationShoppingUser recorded 8 samples, mean = 5.5 (flags = 0x41)
0  ... 
3  ----O                                                                     (4 = 50.0%) {0.0%}
4  ... 
8  ----O                                                                     (4 = 50.0%) {50.0%}
9  ... 

Histogram: OptimizationGuide.PredictionManager.ModelDeliveryEvents.TextSafety recorded 8 samples, mean = 5.5 (flags = 0x41)
0  ... 
3  ----O                                                                     (4 = 50.0%) {0.0%}
4  ... 
8  ----O                                                                     (4 = 50.0%) {50.0%}
9  ... 

Histogram: OptimizationGuide.PredictionManager.ModelDeliveryEvents.URLVisitResumptionRanker recorded 8 samples, mean = 5.5 (flags = 0x41)
0  ... 
3  ----O                                                                     (4 = 50.0%) {0.0%}
4  ... 
8  ----O                                                                     (4 = 50.0%) {50.0%}
9  ... 

Histogram: OptimizationGuide.PredictionManager.ModelDeliveryEvents.VisualSearchClassification recorded 8 samples, mean = 5.5 (flags = 0x41)
0  ... 
3  ----O                                                                     (4 = 50.0%) {0.0%}
4  ... 
8  ----O                                                                     (4 = 50.0%) {50.0%}
9  ... 

Histogram: OptimizationGuide.PredictionManager.ModelDeliveryEvents.WebAppInstallationPromo recorded 8 samples, mean = 5.5 (flags = 0x41)
0  ... 
3  ----O                                                                     (4 = 50.0%) {0.0%}
4  ... 
8  ----O                                                                     (4 = 50.0%) {50.0%}
9  ... 

Histogram: OptimizationGuide.PredictionManager.RegistrationTimeSinceServiceInit.ClientSidePhishing recorded 1 samples, mean = 0.0 (flags = 0x41)
0  -O                                                                        (1 = 100.0%)
1  ... 

Histogram: OptimizationGuide.PredictionManager.RegistrationTimeSinceServiceInit.GeolocationPermissions recorded 1 samples, mean = 0.0 (flags = 0x41)
0  -O                                                                        (1 = 100.0%)
1  ... 

Histogram: OptimizationGuide.PredictionManager.RegistrationTimeSinceServiceInit.LanguageDetection recorded 2 samples, mean = 19.5 (flags = 0x41)
0   -O                                                                        (1 = 50.0%)
1   ... 
32  -O                                                                        (1 = 50.0%) {50.0%}
41  ... 

Histogram: OptimizationGuide.PredictionManager.RegistrationTimeSinceServiceInit.NewTabPageHistoryClustersModuleRanking recorded 1 samples, mean = 0.0 (flags = 0x41)
0  -O                                                                        (1 = 100.0%)
1  ... 

Histogram: OptimizationGuide.PredictionManager.RegistrationTimeSinceServiceInit.NotificationPermissions recorded 1 samples, mean = 0.0 (flags = 0x41)
0  -O                                                                        (1 = 100.0%)
1  ... 

Histogram: OptimizationGuide.PredictionManager.RegistrationTimeSinceServiceInit.OmniboxUrlScoring recorded 1 samples, mean = 0.0 (flags = 0x41)
0  -O                                                                        (1 = 100.0%)
1  ... 

Histogram: OptimizationGuide.PredictionManager.RegistrationTimeSinceServiceInit.PageTopicsV2 recorded 1 samples, mean = 0.0 (flags = 0x41)
0  -O                                                                        (1 = 100.0%)
1  ... 

Histogram: OptimizationGuide.PredictionManager.RegistrationTimeSinceServiceInit.PageVisibility recorded 1 samples, mean = 0.0 (flags = 0x41)
0  -O                                                                        (1 = 100.0%)
1  ... 

Histogram: OptimizationGuide.PredictionManager.RegistrationTimeSinceServiceInit.SegmentationChromeLowUserEngagement recorded 1 samples, mean = 6927.0 (flags = 0x41)
0     ... 
6296  -O                                                                        (1 = 100.0%) {0.0%}
8000  ... 

Histogram: OptimizationGuide.PredictionManager.RegistrationTimeSinceServiceInit.SegmentationComposePromotion recorded 1 samples, mean = 6928.0 (flags = 0x41)
0     ... 
6296  -O                                                                        (1 = 100.0%) {0.0%}
8000  ... 

Histogram: OptimizationGuide.PredictionManager.RegistrationTimeSinceServiceInit.SegmentationDeviceSwitcher recorded 1 samples, mean = 6927.0 (flags = 0x41)
0     ... 
6296  -O                                                                        (1 = 100.0%) {0.0%}
8000  ... 

Histogram: OptimizationGuide.PredictionManager.RegistrationTimeSinceServiceInit.SegmentationSearchUser recorded 1 samples, mean = 6927.0 (flags = 0x41)
0     ... 
6296  -O                                                                        (1 = 100.0%) {0.0%}
8000  ... 

Histogram: OptimizationGuide.PredictionManager.RegistrationTimeSinceServiceInit.SegmentationShoppingUser recorded 1 samples, mean = 6927.0 (flags = 0x41)
0     ... 
6296  -O                                                                        (1 = 100.0%) {0.0%}
8000  ... 

Histogram: OptimizationGuide.PredictionManager.RegistrationTimeSinceServiceInit.TextSafety recorded 1 samples, mean = 0.0 (flags = 0x41)
0  -O                                                                        (1 = 100.0%)
1  ... 

Histogram: OptimizationGuide.PredictionManager.RegistrationTimeSinceServiceInit.URLVisitResumptionRanker recorded 1 samples, mean = 6928.0 (flags = 0x41)
0     ... 
6296  -O                                                                        (1 = 100.0%) {0.0%}
8000  ... 

Histogram: OptimizationGuide.PredictionManager.RegistrationTimeSinceServiceInit.VisualSearchClassification recorded 1 samples, mean = 0.0 (flags = 0x41)
0  -O                                                                        (1 = 100.0%)
1  ... 

Histogram: OptimizationGuide.PredictionManager.RegistrationTimeSinceServiceInit.WebAppInstallationPromo recorded 1 samples, mean = 6927.0 (flags = 0x41)
0     ... 
6296  -O                                                                        (1 = 100.0%) {0.0%}
8000  ... 

Histogram: OptimizationGuide.PredictionManager.StoreInitialized recorded 1 samples, mean = 1.0 (flags = 0x40)
0  O                                                                         (0 = 0.0%)
1  -O                                                                        (1 = 100.0%) {0.0%}
2  O                                                                         (0 = 0.0%) {100.0%}

Histogram: OptimizationGuide.PredictionManager.SupportedModelEngineVersion recorded 4 samples, mean = 18.0 (flags = 0x40)
0   ... 
18  ----O                                                                     (4 = 100.0%) {0.0%}
19  ... 

Histogram: OptimizationGuide.PredictionModelFetcher.GetModelsResponse.NetErrorCode recorded 4 samples (flags = 0x41)
379  ----O                                                                     (4 = 100.0%)

Histogram: OptimizationGuide.PredictionModelFetcher.GetModelsResponse.NetErrorCode.ClientSidePhishing recorded 4 samples (flags = 0x41)
379  ----O                                                                     (4 = 100.0%)

Histogram: OptimizationGuide.PredictionModelFetcher.GetModelsResponse.NetErrorCode.GeolocationPermissions recorded 4 samples (flags = 0x41)
379  ----O                                                                     (4 = 100.0%)

Histogram: OptimizationGuide.PredictionModelFetcher.GetModelsResponse.NetErrorCode.LanguageDetection recorded 4 samples (flags = 0x41)
379  ----O                                                                     (4 = 100.0%)

Histogram: OptimizationGuide.PredictionModelFetcher.GetModelsResponse.NetErrorCode.NewTabPageHistoryClustersModuleRanking recorded 4 samples (flags = 0x41)
379  ----O                                                                     (4 = 100.0%)

Histogram: OptimizationGuide.PredictionModelFetcher.GetModelsResponse.NetErrorCode.NotificationPermissions recorded 4 samples (flags = 0x41)
379  ----O                                                                     (4 = 100.0%)

Histogram: OptimizationGuide.PredictionModelFetcher.GetModelsResponse.NetErrorCode.OmniboxUrlScoring recorded 4 samples (flags = 0x41)
379  ----O                                                                     (4 = 100.0%)

Histogram: OptimizationGuide.PredictionModelFetcher.GetModelsResponse.NetErrorCode.PageTopicsV2 recorded 4 samples (flags = 0x41)
379  ----O                                                                     (4 = 100.0%)

Histogram: OptimizationGuide.PredictionModelFetcher.GetModelsResponse.NetErrorCode.PageVisibility recorded 4 samples (flags = 0x41)
379  ----O                                                                     (4 = 100.0%)

Histogram: OptimizationGuide.PredictionModelFetcher.GetModelsResponse.NetErrorCode.SegmentationChromeLowUserEngagement recorded 4 samples (flags = 0x41)
379  ----O                                                                     (4 = 100.0%)

Histogram: OptimizationGuide.PredictionModelFetcher.GetModelsResponse.NetErrorCode.SegmentationComposePromotion recorded 4 samples (flags = 0x41)
379  ----O                                                                     (4 = 100.0%)

Histogram: OptimizationGuide.PredictionModelFetcher.GetModelsResponse.NetErrorCode.SegmentationDeviceSwitcher recorded 4 samples (flags = 0x41)
379  ----O                                                                     (4 = 100.0%)

Histogram: OptimizationGuide.PredictionModelFetcher.GetModelsResponse.NetErrorCode.SegmentationSearchUser recorded 4 samples (flags = 0x41)
379  ----O                                                                     (4 = 100.0%)

Histogram: OptimizationGuide.PredictionModelFetcher.GetModelsResponse.NetErrorCode.SegmentationShoppingUser recorded 4 samples (flags = 0x41)
379  ----O                                                                     (4 = 100.0%)

Histogram: OptimizationGuide.PredictionModelFetcher.GetModelsResponse.NetErrorCode.TextSafety recorded 4 samples (flags = 0x41)
379  ----O                                                                     (4 = 100.0%)

Histogram: OptimizationGuide.PredictionModelFetcher.GetModelsResponse.NetErrorCode.URLVisitResumptionRanker recorded 4 samples (flags = 0x41)
379  ----O                                                                     (4 = 100.0%)

Histogram: OptimizationGuide.PredictionModelFetcher.GetModelsResponse.NetErrorCode.VisualSearchClassification recorded 4 samples (flags = 0x41)
379  ----O                                                                     (4 = 100.0%)

Histogram: OptimizationGuide.PredictionModelFetcher.GetModelsResponse.NetErrorCode.WebAppInstallationPromo recorded 4 samples (flags = 0x41)
379  ----O                                                                     (4 = 100.0%)

Histogram: OptimizationGuide.PredictionModelFetcher.GetModelsResponse.Status recorded 4 samples, mean = 400.0 (flags = 0x41)
0    ... 
400  ----O                                                                     (4 = 100.0%) {0.0%}
401  ... 

Histogram: OptimizationGuide.PredictionModelFetcher.GetModelsResponse.Status.ClientSidePhishing recorded 4 samples, mean = 400.0 (flags = 0x41)
0    ... 
400  ----O                                                                     (4 = 100.0%) {0.0%}
401  ... 

Histogram: OptimizationGuide.PredictionModelFetcher.GetModelsResponse.Status.GeolocationPermissions recorded 4 samples, mean = 400.0 (flags = 0x41)
0    ... 
400  ----O                                                                     (4 = 100.0%) {0.0%}
401  ... 

Histogram: OptimizationGuide.PredictionModelFetcher.GetModelsResponse.Status.LanguageDetection recorded 4 samples, mean = 400.0 (flags = 0x41)
0    ... 
400  ----O                                                                     (4 = 100.0%) {0.0%}
401  ... 

Histogram: OptimizationGuide.PredictionModelFetcher.GetModelsResponse.Status.NewTabPageHistoryClustersModuleRanking recorded 4 samples, mean = 400.0 (flags = 0x41)
0    ... 
400  ----O                                                                     (4 = 100.0%) {0.0%}
401  ... 

Histogram: OptimizationGuide.PredictionModelFetcher.GetModelsResponse.Status.NotificationPermissions recorded 4 samples, mean = 400.0 (flags = 0x41)
0    ... 
400  ----O                                                                     (4 = 100.0%) {0.0%}
401  ... 

Histogram: OptimizationGuide.PredictionModelFetcher.GetModelsResponse.Status.OmniboxUrlScoring recorded 4 samples, mean = 400.0 (flags = 0x41)
0    ... 
400  ----O                                                                     (4 = 100.0%) {0.0%}
401  ... 

Histogram: OptimizationGuide.PredictionModelFetcher.GetModelsResponse.Status.PageTopicsV2 recorded 4 samples, mean = 400.0 (flags = 0x41)
0    ... 
400  ----O                                                                     (4 = 100.0%) {0.0%}
401  ... 

Histogram: OptimizationGuide.PredictionModelFetcher.GetModelsResponse.Status.PageVisibility recorded 4 samples, mean = 400.0 (flags = 0x41)
0    ... 
400  ----O                                                                     (4 = 100.0%) {0.0%}
401  ... 

Histogram: OptimizationGuide.PredictionModelFetcher.GetModelsResponse.Status.SegmentationChromeLowUserEngagement recorded 4 samples, mean = 400.0 (flags = 0x41)
0    ... 
400  ----O                                                                     (4 = 100.0%) {0.0%}
401  ... 

Histogram: OptimizationGuide.PredictionModelFetcher.GetModelsResponse.Status.SegmentationComposePromotion recorded 4 samples, mean = 400.0 (flags = 0x41)
0    ... 
400  ----O                                                                     (4 = 100.0%) {0.0%}
401  ... 

Histogram: OptimizationGuide.PredictionModelFetcher.GetModelsResponse.Status.SegmentationDeviceSwitcher recorded 4 samples, mean = 400.0 (flags = 0x41)
0    ... 
400  ----O                                                                     (4 = 100.0%) {0.0%}
401  ... 

Histogram: OptimizationGuide.PredictionModelFetcher.GetModelsResponse.Status.SegmentationSearchUser recorded 4 samples, mean = 400.0 (flags = 0x41)
0    ... 
400  ----O                                                                     (4 = 100.0%) {0.0%}
401  ... 

Histogram: OptimizationGuide.PredictionModelFetcher.GetModelsResponse.Status.SegmentationShoppingUser recorded 4 samples, mean = 400.0 (flags = 0x41)
0    ... 
400  ----O                                                                     (4 = 100.0%) {0.0%}
401  ... 

Histogram: OptimizationGuide.PredictionModelFetcher.GetModelsResponse.Status.TextSafety recorded 4 samples, mean = 400.0 (flags = 0x41)
0    ... 
400  ----O                                                                     (4 = 100.0%) {0.0%}
401  ... 

Histogram: OptimizationGuide.PredictionModelFetcher.GetModelsResponse.Status.URLVisitResumptionRanker recorded 4 samples, mean = 400.0 (flags = 0x41)
0    ... 
400  ----O                                                                     (4 = 100.0%) {0.0%}
401  ... 

Histogram: OptimizationGuide.PredictionModelFetcher.GetModelsResponse.Status.VisualSearchClassification recorded 4 samples, mean = 400.0 (flags = 0x41)
0    ... 
400  ----O                                                                     (4 = 100.0%) {0.0%}
401  ... 

Histogram: OptimizationGuide.PredictionModelFetcher.GetModelsResponse.Status.WebAppInstallationPromo recorded 4 samples, mean = 400.0 (flags = 0x41)
0    ... 
400  ----O                                                                     (4 = 100.0%) {0.0%}
401  ... 

Histogram: OptimizationGuide.ProcessHintsResult recorded 2 samples, mean = 5.5 (flags = 0x41)
0  ... 
5  -O                                                                        (1 = 50.0%) {0.0%}
6  -O                                                                        (1 = 50.0%) {50.0%}
7  ... 

Histogram: OptimizationGuide.ProcessingComponentAtShutdown recorded 1 samples, mean = 0.0 (flags = 0x41)
0  -O                                                                        (1 = 100.0%)
1  ... 

Histogram: OptimizationGuide.RemoteFetchingEnabled recorded 1 samples, mean = 0.0 (flags = 0x41)
0  -O                                                                        (1 = 100.0%)
1  ... 

Histogram: OptimizationGuide.UpdateComponentHints.Result recorded 2 samples, mean = 0.5 (flags = 0x40)
0  -O                                                                        (1 = 50.0%)
1  -O                                                                        (1 = 50.0%) {50.0%}
2  O                                                                         (0 = 0.0%) {100.0%}

Histogram: OriginTrials.PersistentOriginTrial.LevelDbInitSuccess recorded 1 samples, mean = 1.0 (flags = 0x41)
0  O                                                                         (0 = 0.0%)
1  -O                                                                        (1 = 100.0%) {0.0%}
2  O                                                                         (0 = 0.0%) {100.0%}

Histogram: OriginTrials.PersistentOriginTrial.LevelDbLoadSize recorded 1 samples, mean = 0.0 (flags = 0x41)
0  -O                                                                        (1 = 100.0%)
1  ... 

Histogram: OriginTrials.PersistentOriginTrial.LevelDbLoadSuccess recorded 1 samples, mean = 1.0 (flags = 0x41)
0  O                                                                         (0 = 0.0%)
1  -O                                                                        (1 = 100.0%) {0.0%}
2  O                                                                         (0 = 0.0%) {100.0%}

Histogram: OriginTrials.PersistentOriginTrial.LevelDbLoadTime recorded 1 samples, mean = 6993.0 (flags = 0x41)
0     ... 
5961  -O                                                                        (1 = 100.0%) {0.0%}
7083  ... 

Histogram: OriginTrials.PersistentOriginTrial.OriginLookupsBeforeDbLoad recorded 1 samples, mean = 0.0 (flags = 0x41)
0  -O                                                                        (1 = 100.0%)
1  ... 

Histogram: OriginTrials.PersistentOriginTrial.OriginsAddedBeforeDbLoad recorded 1 samples, mean = 0.0 (flags = 0x41)
0  -O                                                                        (1 = 100.0%)
1  ... 

Histogram: PageActionController.ExtensionsWithPageActions recorded 1 samples, mean = 0.0 (flags = 0x41)
0  -O                                                                        (1 = 100.0%)
1  ... 

Histogram: PageContentAnnotations.AnnotateVisit.AnnotationRequestQueued recorded 4 samples, mean = 1.0 (flags = 0x40)
0  O                                                                         (0 = 0.0%)
1  ----O                                                                     (4 = 100.0%) {0.0%}
2  O                                                                         (0 = 0.0%) {100.0%}

Histogram: PageContentAnnotations.AnnotateVisit.AnnotationRequested recorded 4 samples, mean = 1.0 (flags = 0x40)
0  O                                                                         (0 = 0.0%)
1  ----O                                                                     (4 = 100.0%) {0.0%}
2  O                                                                         (0 = 0.0%) {100.0%}

Histogram: PageContentAnnotations.AnnotateVisit.BatchAnnotationStarted recorded 1 samples, mean = 1.0 (flags = 0x40)
0  O                                                                         (0 = 0.0%)
1  -O                                                                        (1 = 100.0%) {0.0%}
2  O                                                                         (0 = 0.0%) {100.0%}

Histogram: PageLoad.Clients.Ads.AllPages.NonAdNetworkBytes recorded 1 samples, mean = 128.0 (flags = 0x41)
0    ... 
108  -O                                                                        (1 = 100.0%) {0.0%}
141  ... 

Histogram: PageLoad.Clients.Ads.AllPages.PercentNetworkBytesAds recorded 1 samples, mean = 0.0 (flags = 0x41)
0  -O                                                                        (1 = 100.0%)
1  ... 

Histogram: PageLoad.Clients.Ads.AllPages.PercentTotalBytesAds recorded 1 samples, mean = 0.0 (flags = 0x41)
0  -O                                                                        (1 = 100.0%)
1  ... 

Histogram: PageLoad.Clients.Ads.AverageViewportAdDensity recorded 1 samples, mean = 0.0 (flags = 0x41)
0  -O                                                                        (1 = 100.0%)
1  ... 

Histogram: PageLoad.Clients.Ads.FrameCounts.AdFrames.Total recorded 1 samples, mean = 0.0 (flags = 0x41)
0  -O                                                                        (1 = 100.0%)
1  ... 

Histogram: PageLoad.Clients.Ads.NonVisible.FrameCounts.AdFrames.Total recorded 1 samples, mean = 0.0 (flags = 0x41)
0  -O                                                                        (1 = 100.0%)
1  ... 

Histogram: PageLoad.Clients.Ads.Visible.FrameCounts.AdFrames.Total recorded 1 samples, mean = 0.0 (flags = 0x41)
0  -O                                                                        (1 = 100.0%)
1  ... 

Histogram: PageLoad.Clients.CrossOrigin.LayoutInstability.CumulativeShiftScore recorded 1 samples, mean = 0.0 (flags = 0x41)
0  -O                                                                        (1 = 100.0%)
1  ... 

Histogram: PageLoad.Clients.CrossOrigin.LayoutInstability.CumulativeShiftScore.MainFrame recorded 1 samples, mean = 0.0 (flags = 0x41)
0  -O                                                                        (1 = 100.0%)
1  ... 

Histogram: PageLoad.Clients.Leakage2.AbandonReasonAt.LoaderStart recorded 1 samples, mean = 10.0 (flags = 0x41)
0   ... 
10  -O                                                                        (1 = 100.0%) {0.0%}
11  ... 

Histogram: PageLoad.Clients.Leakage2.LastMilestoneBeforeAbandon.NewReloadNavigation recorded 1 samples, mean = 1.0 (flags = 0x41)
0  O                                                                         (0 = 0.0%)
1  -O                                                                        (1 = 100.0%) {0.0%}
2  ... 

Histogram: PageLoad.Clients.Leakage2.LoaderStartToAbandon.NewReloadNavigation recorded 1 samples, mean = 3620.0 (flags = 0x41)
0     ... 
3412  -O                                                                        (1 = 100.0%) {0.0%}
3818  ... 

Histogram: PageLoad.Clients.Leakage2.NavigationStart recorded 2 samples, mean = 5709.5 (flags = 0x41)
0     ... 
3412  -O                                                                        (1 = 50.0%) {0.0%}
3818  ... 
7494  -O                                                                        (1 = 50.0%) {50.0%}
8385  ... 

Histogram: PageLoad.Clients.Leakage2.NavigationStartToCommitReceived recorded 1 samples, mean = 7717.0 (flags = 0x41)
0     ... 
7494  -O                                                                        (1 = 100.0%) {0.0%}
8385  ... 

Histogram: PageLoad.Clients.Leakage2.NavigationStartToCommitSent recorded 1 samples, mean = 7715.0 (flags = 0x41)
0     ... 
7494  -O                                                                        (1 = 100.0%) {0.0%}
8385  ... 

Histogram: PageLoad.Clients.Leakage2.NavigationStartToDOMContentLoaded recorded 1 samples, mean = 9363.0 (flags = 0x41)
0     ... 
8385  -O                                                                        (1 = 100.0%) {0.0%}
9382  ... 

Histogram: PageLoad.Clients.Leakage2.NavigationStartToDidCommit recorded 1 samples, mean = 7737.0 (flags = 0x41)
0     ... 
7494  -O                                                                        (1 = 100.0%) {0.0%}
8385  ... 

Histogram: PageLoad.Clients.Leakage2.NavigationStartToFirstRedirectResponseLoaderCallback recorded 1 samples, mean = 7031.0 (flags = 0x41)
0     ... 
6697  -O                                                                        (1 = 100.0%) {0.0%}
7494  ... 

Histogram: PageLoad.Clients.Leakage2.NavigationStartToFirstRedirectResponseStart recorded 1 samples, mean = 6965.0 (flags = 0x41)
0     ... 
6697  -O                                                                        (1 = 100.0%) {0.0%}
7494  ... 

Histogram: PageLoad.Clients.Leakage2.NavigationStartToFirstRedirectedRequestStart recorded 1 samples, mean = 6964.0 (flags = 0x41)
0     ... 
6697  -O                                                                        (1 = 100.0%) {0.0%}
7494  ... 

Histogram: PageLoad.Clients.Leakage2.NavigationStartToLoadStarted recorded 1 samples, mean = 10762.0 (flags = 0x41)
0      ... 
10498  -O                                                                        (1 = 100.0%) {0.0%}
11747  ... 

Histogram: PageLoad.Clients.Leakage2.NavigationStartToLoaderStart recorded 2 samples, mean = 1802.0 (flags = 0x41)
0     ... 
48    -O                                                                        (1 = 50.0%) {0.0%}
54    ... 
3412  -O                                                                        (1 = 50.0%) {50.0%}
3818  ... 

Histogram: PageLoad.Clients.Leakage2.NavigationStartToNonRedirectResponseLoaderCallback recorded 1 samples, mean = 7694.0 (flags = 0x41)
0     ... 
7494  -O                                                                        (1 = 100.0%) {0.0%}
8385  ... 

Histogram: PageLoad.Clients.Leakage2.NavigationStartToNonRedirectResponseStart recorded 1 samples, mean = 7444.0 (flags = 0x41)
0     ... 
6697  -O                                                                        (1 = 100.0%) {0.0%}
7494  ... 

Histogram: PageLoad.Clients.Leakage2.NavigationStartToNonRedirectedRequestStart recorded 1 samples, mean = 7113.0 (flags = 0x41)
0     ... 
6697  -O                                                                        (1 = 100.0%) {0.0%}
7494  ... 

Histogram: PageLoad.Clients.Leakage2.NavigationStartToParseStart recorded 1 samples, mean = 7737.0 (flags = 0x41)
0     ... 
7494  -O                                                                        (1 = 100.0%) {0.0%}
8385  ... 

Histogram: PageLoad.Clients.Leakage2.RendererProcessCreatedBeforeNav recorded 1 samples, mean = 1.0 (flags = 0x41)
0  O                                                                         (0 = 0.0%)
1  -O                                                                        (1 = 100.0%) {0.0%}
2  O                                                                         (0 = 0.0%) {100.0%}

Histogram: PageLoad.Clients.LinkPreview.Usage recorded 1 samples, mean = 0.0 (flags = 0x41)
0  -O                                                                        (1 = 100.0%)
1  ... 

Histogram: PageLoad.Clients.MultiTabLoading.WithTabCount_0.DocumentTiming.NavigationToDOMContentLoadedEventFired recorded 1 samples, mean = 9363.0 (flags = 0x41)
0     ... 
8385  -O                                                                        (1 = 100.0%) {0.0%}
9382  ... 

Histogram: PageLoad.Clients.MultiTabLoading.WithTabCount_0.DocumentTiming.NavigationToLoadEventFired recorded 1 samples, mean = 10762.0 (flags = 0x41)
0      ... 
10498  -O                                                                        (1 = 100.0%) {0.0%}
11747  ... 

Histogram: PageLoad.Clients.MultiTabLoading.With_0_OtherLoading.DocumentTiming.NavigationToDOMContentLoadedEventFired recorded 1 samples, mean = 9363.0 (flags = 0x41)
0     ... 
8385  -O                                                                        (1 = 100.0%) {0.0%}
9382  ... 

Histogram: PageLoad.Clients.MultiTabLoading.With_0_OtherLoading.DocumentTiming.NavigationToLoadEventFired recorded 1 samples, mean = 10762.0 (flags = 0x41)
0      ... 
10498  -O                                                                        (1 = 100.0%) {0.0%}
11747  ... 

Histogram: PageLoad.Clients.PerformanceManager.LoadedIdleWithoutLCP recorded 1 samples, mean = 13054.0 (flags = 0x41)
0      ... 
12916  -O                                                                        (1 = 100.0%) {0.0%}
16411  ... 

Histogram: PageLoad.Clients.PerformanceManager.LoadedIdleWithoutLCP.Foreground recorded 1 samples, mean = 13054.0 (flags = 0x41)
0      ... 
12916  -O                                                                        (1 = 100.0%) {0.0%}
16411  ... 

Histogram: PageLoad.Clients.Protocol.H2.DocumentTiming.NavigationToDOMContentLoadedEventFired recorded 1 samples, mean = 9363.0 (flags = 0x41)
0     ... 
8385  -O                                                                        (1 = 100.0%) {0.0%}
9382  ... 

Histogram: PageLoad.Clients.Protocol.H2.DocumentTiming.NavigationToLoadEventFired recorded 1 samples, mean = 10762.0 (flags = 0x41)
0      ... 
10498  -O                                                                        (1 = 100.0%) {0.0%}
11747  ... 

Histogram: PageLoad.Clients.Protocol.H2.ParseTiming.NavigationToParseStart recorded 1 samples, mean = 7737.0 (flags = 0x41)
0     ... 
7494  -O                                                                        (1 = 100.0%) {0.0%}
8385  ... 

Histogram: PageLoad.Clients.Scheme.HTTPS.ParseTiming.NavigationToParseStart recorded 1 samples, mean = 7737.0 (flags = 0x41)
0     ... 
7494  -O                                                                        (1 = 100.0%) {0.0%}
8385  ... 

Histogram: PageLoad.Clients.SubresourceLoading.DaysSinceLastVisitToOrigin recorded 1 samples, mean = 0.0 (flags = 0x40)
0  -O                                                                        (1 = 100.0%)
1  ... 

Histogram: PageLoad.Clients.SubresourceLoading.HasPreviousVisitToOrigin recorded 1 samples, mean = 1.0 (flags = 0x40)
0  O                                                                         (0 = 0.0%)
1  -O                                                                        (1 = 100.0%) {0.0%}
2  O                                                                         (0 = 0.0%) {100.0%}

Histogram: PageLoad.Clients.TPCD.CookieAccess.ThirdPartyCookieAllowMechanism3 recorded 1 samples, mean = 2.0 (flags = 0x41)
0  ... 
2  -O                                                                        (1 = 100.0%) {0.0%}
3  ... 

Histogram: PageLoad.Clients.TPCD.ThirdPartyCookieAccessBlockedByExperiment2 recorded 1 samples, mean = 0.0 (flags = 0x41)
0  -O                                                                        (1 = 100.0%)
1  ... 

Histogram: PageLoad.Clients.ThirdParty.Origins.CookieRead2 recorded 1 samples, mean = 0.0 (flags = 0x41)
0  -O                                                                        (1 = 100.0%)
1  ... 

Histogram: PageLoad.Cpu.TotalUsage recorded 1 samples, mean = 934.0 (flags = 0x41)
0    ... 
885  -O                                                                        (1 = 100.0%) {0.0%}
990  ... 

Histogram: PageLoad.Cpu.TotalUsageForegrounded recorded 1 samples, mean = 934.0 (flags = 0x41)
0    ... 
885  -O                                                                        (1 = 100.0%) {0.0%}
990  ... 

Histogram: PageLoad.DocumentTiming.NavigationToDOMContentLoadedEventFired recorded 1 samples, mean = 9363.0 (flags = 0x41)
0     ... 
8385  -O                                                                        (1 = 100.0%) {0.0%}
9382  ... 

Histogram: PageLoad.DocumentTiming.NavigationToLoadEventFired recorded 1 samples, mean = 10762.0 (flags = 0x41)
0      ... 
10498  -O                                                                        (1 = 100.0%) {0.0%}
11747  ... 

Histogram: PageLoad.Experimental.NavigationTiming.FinalLoaderCallbackToNavigationCommitSent recorded 1 samples, mean = 20.0 (flags = 0x41)
0   ... 
19  -O                                                                        (1 = 100.0%) {0.0%}
21  ... 

Histogram: PageLoad.Experimental.NavigationTiming.FinalRequestStartToFinalResponseStart recorded 1 samples, mean = 331.0 (flags = 0x41)
0    ... 
322  -O                                                                        (1 = 100.0%) {0.0%}
360  ... 

Histogram: PageLoad.Experimental.NavigationTiming.FinalResponseStartToFinalLoaderCallback recorded 1 samples, mean = 249.0 (flags = 0x41)
0    ... 
230  -O                                                                        (1 = 100.0%) {0.0%}
257  ... 

Histogram: PageLoad.Experimental.NavigationTiming.FirstRequestStartToFirstResponseStart recorded 1 samples, mean = 1.0 (flags = 0x41)
0  -O                                                                        (1 = 100.0%)
10 ... 

Histogram: PageLoad.Experimental.NavigationTiming.FirstResponseStartToFirstLoaderCallback recorded 1 samples, mean = 65.0 (flags = 0x41)
0   ... 
60  -O                                                                        (1 = 100.0%) {0.0%}
67  ... 

Histogram: PageLoad.Experimental.NavigationTiming.NavigationStartToFinalLoaderCallback recorded 1 samples, mean = 7694.0 (flags = 0x41)
0     ... 
7494  -O                                                                        (1 = 100.0%) {0.0%}
8385  ... 

Histogram: PageLoad.Experimental.NavigationTiming.NavigationStartToFinalRequestStart recorded 1 samples, mean = 7113.0 (flags = 0x41)
0     ... 
6697  -O                                                                        (1 = 100.0%) {0.0%}
7494  ... 

Histogram: PageLoad.Experimental.NavigationTiming.NavigationStartToFinalResponseStart recorded 1 samples, mean = 7444.0 (flags = 0x41)
0     ... 
6697  -O                                                                        (1 = 100.0%) {0.0%}
7494  ... 

Histogram: PageLoad.Experimental.NavigationTiming.NavigationStartToFirstLoaderCallback recorded 1 samples, mean = 7031.0 (flags = 0x41)
0     ... 
6697  -O                                                                        (1 = 100.0%) {0.0%}
7494  ... 

Histogram: PageLoad.Experimental.NavigationTiming.NavigationStartToFirstRequestStart recorded 1 samples, mean = 6964.0 (flags = 0x41)
0     ... 
6697  -O                                                                        (1 = 100.0%) {0.0%}
7494  ... 

Histogram: PageLoad.Experimental.NavigationTiming.NavigationStartToFirstResponseStart recorded 1 samples, mean = 6965.0 (flags = 0x41)
0     ... 
6697  -O                                                                        (1 = 100.0%) {0.0%}
7494  ... 

Histogram: PageLoad.Experimental.NavigationTiming.NavigationStartToNavigationCommitSent recorded 1 samples, mean = 7715.0 (flags = 0x41)
0     ... 
7494  -O                                                                        (1 = 100.0%) {0.0%}
8385  ... 

Histogram: PageLoad.Experimental.PageTiming.CachedResourceLoadTime.font recorded 5 samples, mean = 1.0 (flags = 0x41)
0  O                                                                         (0 = 0.0%)
1  -----O                                                                    (5 = 100.0%) {0.0%}
2  ... 

Histogram: PageLoad.Experimental.PageTiming.CachedResourceLoadTime.image recorded 1 samples, mean = 1.0 (flags = 0x41)
0  O                                                                         (0 = 0.0%)
1  -O                                                                        (1 = 100.0%) {0.0%}
2  ... 

Histogram: PageLoad.Experimental.PageTiming.CachedResourceLoadTime.manifest recorded 1 samples, mean = 215.0 (flags = 0x41)
0    ... 
173  -O                                                                        (1 = 100.0%) {0.0%}
220  ... 

Histogram: PageLoad.Experimental.PageTiming.CachedResourceLoadTime.script recorded 21 samples, mean = 42.3 (flags = 0x41)
0    ... 
2    -O                                                                        (1 = 4.8%) {0.0%}
3    --------O                                                                 (8 = 38.1%) {4.8%}
4    ---O                                                                      (3 = 14.3%) {42.9%}
5    --O                                                                       (2 = 9.5%) {57.1%}
6    ----O                                                                     (4 = 19.0%) {66.7%}
8    O                                                                         (0 = 0.0%) {85.7%}
10   --O                                                                       (2 = 9.5%) {85.7%}
13   ... 
729  -O                                                                        (1 = 4.8%) {95.2%}
926  ... 

Histogram: PageLoad.Experimental.PageTiming.CachedResourceLoadTime.style recorded 8 samples, mean = 88.8 (flags = 0x41)
0    -O                                                                        (1 = 12.5%)
1    ... 
3    --O                                                                       (2 = 25.0%) {12.5%}
4    ----O                                                                     (4 = 50.0%) {37.5%}
5    ... 
574  -O                                                                        (1 = 12.5%) {87.5%}
729  ... 

Histogram: PageLoad.Experimental.PageTiming.CommitSentToFirstSubresourceLoadStart recorded 1 samples, mean = 340.0 (flags = 0x41)
0    ... 
322  -O                                                                        (1 = 100.0%) {0.0%}
360  ... 

Histogram: PageLoad.Experimental.PageTiming.NavigationToFirstSubresourceLoadStart recorded 1 samples, mean = 8055.0 (flags = 0x41)
0     ... 
7494  -O                                                                        (1 = 100.0%) {0.0%}
8385  ... 

Histogram: PageLoad.Experimental.PageTiming.ResourceLoadTime. recorded 4 samples, mean = 169.8 (flags = 0x41)
0    ... 
41   -O                                                                        (1 = 25.0%) {0.0%}
52   ... 
136  -O                                                                        (1 = 25.0%) {25.0%}
173  -O                                                                        (1 = 25.0%) {50.0%}
220  O                                                                         (0 = 0.0%) {75.0%}
280  -O                                                                        (1 = 25.0%) {75.0%}
356  ... 

Histogram: PageLoad.Experimental.PageTiming.ResourceLoadTime.document recorded 1 samples, mean = 407.0 (flags = 0x41)
0    ... 
356  -O                                                                        (1 = 100.0%) {0.0%}
452  ... 

Histogram: PageLoad.Experimental.PageTiming.ResourceLoadTime.image recorded 1 samples, mean = 130.0 (flags = 0x41)
0    ... 
107  -O                                                                        (1 = 100.0%) {0.0%}
136  ... 

Histogram: PageLoad.Experimental.PageTiming.ResourceLoadTime.script recorded 2 samples, mean = 371.0 (flags = 0x41)
0    ... 
32   -O                                                                        (1 = 50.0%) {0.0%}
41   ... 
574  -O                                                                        (1 = 50.0%) {50.0%}
729  ... 

Histogram: PageLoad.Experimental.PageVisitFinalStatus recorded 1 samples, mean = 1.0 (flags = 0x41)
0  O                                                                         (0 = 0.0%)
1  -O                                                                        (1 = 100.0%) {0.0%}
2  ... 

Histogram: PageLoad.Experimental.PageVisitType2 recorded 1 samples, mean = 6.0 (flags = 0x41)
0  ... 
6  -O                                                                        (1 = 100.0%) {0.0%}
7  ... 

Histogram: PageLoad.Experimental.PaintTiming.FirstEligibleToPaintToFirstPaint recorded 1 samples, mean = 693.0 (flags = 0x41)
0    ... 
632  -O                                                                        (1 = 100.0%) {0.0%}
707  ... 

Histogram: PageLoad.Experimental.TotalForegroundDuration recorded 1 samples, mean = 583093.0 (flags = 0x41)
0       ... 
579670  -O                                                                        (1 = 100.0%) {0.0%}
660438  ... 

Histogram: PageLoad.Experimental.TotalForegroundDuration.AllVisit recorded 1 samples, mean = 583094.0 (flags = 0x41)
0       ... 
579670  -O                                                                        (1 = 100.0%) {0.0%}
660438  ... 

Histogram: PageLoad.Experimental.TotalForegroundDuration.IndependentUIVisit recorded 1 samples, mean = 583094.0 (flags = 0x41)
0       ... 
579670  -O                                                                        (1 = 100.0%) {0.0%}
660438  ... 

Histogram: PageLoad.Expermental.SoftNavigations.Count recorded 1 samples, mean = 0.0 (flags = 0x41)
0  -O                                                                        (1 = 100.0%)
1  ... 

Histogram: PageLoad.Internal.PageLoadTimingStatus recorded 13 samples, mean = 0.0 (flags = 0x41)
0  -------------O                                                            (13 = 100.0%)
1  ... 

Histogram: PageLoad.Internal.PageLoadTimingStatus.AtTimingCallbackDispatch recorded 4 samples, mean = 0.0 (flags = 0x41)
0  ----O                                                                     (4 = 100.0%)
1  ... 

Histogram: PageLoad.Internal.PageType recorded 2 samples, mean = 0.0 (flags = 0x41)
0  --O                                                                       (2 = 100.0%)
1  ... 

Histogram: PageLoad.Internal.SuppressedEventsBeforeMissingFirstPaint recorded 1 samples, mean = 0.0 (flags = 0x41)
0  -O                                                                        (1 = 100.0%)
1  ... 

Histogram: PageLoad.Internal.SuppressedEventsCountBeforePaint3 recorded 1 samples, mean = 0.0 (flags = 0x41)
0  -O                                                                        (1 = 100.0%)
1  ... 

Histogram: PageLoad.Internal.SuppressedEventsTimingBeforePaint3 recorded 1 samples, mean = 0.0 (flags = 0x41)
0  -O                                                                        (1 = 100.0%)
1  ... 

Histogram: PageLoad.Internal.SuppressedInteractionsCountBeforePaint3 recorded 1 samples, mean = 0.0 (flags = 0x41)
0  -O                                                                        (1 = 100.0%)
1  ... 

Histogram: PageLoad.LayoutInstability.CumulativeShiftScore recorded 1 samples, mean = 0.0 (flags = 0x41)
0  -O                                                                        (1 = 100.0%)
1  ... 

Histogram: PageLoad.LayoutInstability.CumulativeShiftScore.MainFrame recorded 1 samples, mean = 0.0 (flags = 0x41)
0  -O                                                                        (1 = 100.0%)
1  ... 

Histogram: PageLoad.LayoutInstability.MaxCumulativeShiftScore.SessionWindow.Gap1000ms.Max5000ms recorded 1 samples, mean = 0.0 (flags = 0x41)
0  -O                                                                        (1 = 100.0%)
1  ... 

Histogram: PageLoad.LayoutInstability.MaxCumulativeShiftScore.SessionWindow.Gap1000ms.Max5000ms2 recorded 1 samples, mean = 0.0 (flags = 0x41)
0  -O                                                                        (1 = 100.0%)
1  ... 

Histogram: PageLoad.PageTiming.ForegroundDuration recorded 1 samples, mean = 583093.0 (flags = 0x41)
0       ... 
579670  -O                                                                        (1 = 100.0%) {0.0%}
660438  ... 

Histogram: PageLoad.PageTiming.ForegroundDuration.AfterPaint recorded 1 samples, mean = 573284.0 (flags = 0x41)
0       ... 
508779  -O                                                                        (1 = 100.0%) {0.0%}
579670  ... 

Histogram: PageLoad.PageTiming.ForegroundDuration.NoCommit recorded 1 samples, mean = 123.0 (flags = 0x41)
0    ... 
120  -O                                                                        (1 = 100.0%) {0.0%}
137  ... 

Histogram: PageLoad.PageTiming.ForegroundDuration.WithPaint recorded 1 samples, mean = 583093.0 (flags = 0x41)
0       ... 
579670  -O                                                                        (1 = 100.0%) {0.0%}
660438  ... 

Histogram: PageLoad.PaintTiming.NavigationToFirstPaint recorded 1 samples, mean = 9809.0 (flags = 0x41)
0     ... 
9382  -O                                                                        (1 = 100.0%) {0.0%}
10498 ... 

Histogram: PageLoad.ParseTiming.NavigationToParseStart recorded 1 samples, mean = 7737.0 (flags = 0x41)
0     ... 
7494  -O                                                                        (1 = 100.0%) {0.0%}
8385  ... 

Histogram: PageLoad.ParseTiming.NavigationToParseStart.LoadType.NewNavigation recorded 1 samples, mean = 7737.0 (flags = 0x41)
0     ... 
7494  -O                                                                        (1 = 100.0%) {0.0%}
8385  ... 

Histogram: PageLoad.ParseTiming.ParseBlockedOnScriptExecution recorded 1 samples, mean = 33.0 (flags = 0x41)
0   ... 
30  -O                                                                        (1 = 100.0%) {0.0%}
34  ... 

Histogram: PageLoad.ParseTiming.ParseBlockedOnScriptExecutionFromDocumentWrite recorded 1 samples, mean = 0.0 (flags = 0x41)
0  -O                                                                        (1 = 100.0%)
10 ... 

Histogram: PageLoad.ParseTiming.ParseBlockedOnScriptLoad recorded 1 samples, mean = 1004.0 (flags = 0x41)
0    ... 
990  -O                                                                        (1 = 100.0%) {0.0%}
1108 ... 

Histogram: PaintHolding.CommitTrigger2 recorded 1 samples, mean = 3.0 (flags = 0x41)
0  ... 
3  -O                                                                        (1 = 100.0%) {0.0%}
4  ... 

Histogram: PasswordManager.AccountStore.BlacklistedSitesHiRes3.WithoutCustomPassphrase recorded 1 samples, mean = 0.0 (flags = 0x41)
0  -O                                                                        (1 = 100.0%)
1  ... 

Histogram: PasswordManager.AccountStore.InaccessiblePasswords3 recorded 1 samples, mean = 0.0 (flags = 0x41)
0  -O                                                                        (1 = 100.0%)
1  ... 

Histogram: PasswordManager.AccountStore.LoginDatabaseEncryptionStatus recorded 1 samples, mean = 0.0 (flags = 0x41)
0  -O                                                                        (1 = 100.0%)
1  ... 

Histogram: PasswordManager.AccountStore.PasswordNotes.CountCredentialsWithNonEmptyNotes2 recorded 1 samples, mean = 0.0 (flags = 0x41)
0  -O                                                                        (1 = 100.0%)
1  ... 

Histogram: PasswordManager.AccountStore.TotalAccountsHiRes3.ByType.AutoGenerated.WithoutCustomPassphrase recorded 1 samples, mean = 0.0 (flags = 0x41)
0  -O                                                                        (1 = 100.0%)
1  ... 

Histogram: PasswordManager.AccountStore.TotalAccountsHiRes3.ByType.Overall recorded 1 samples, mean = 0.0 (flags = 0x41)
0  -O                                                                        (1 = 100.0%)
1  ... 

Histogram: PasswordManager.AccountStore.TotalAccountsHiRes3.ByType.Overall.WithoutCustomPassphrase recorded 1 samples, mean = 0.0 (flags = 0x41)
0  -O                                                                        (1 = 100.0%)
1  ... 

Histogram: PasswordManager.AccountStore.TotalAccountsHiRes3.ByType.ReceivedViaSharing.WithoutCustomPassphrase recorded 1 samples, mean = 0.0 (flags = 0x41)
0  -O                                                                        (1 = 100.0%)
1  ... 

Histogram: PasswordManager.AccountStore.TotalAccountsHiRes3.ByType.UserCreated.WithoutCustomPassphrase recorded 1 samples, mean = 0.0 (flags = 0x41)
0  -O                                                                        (1 = 100.0%)
1  ... 

Histogram: PasswordManager.AccountStore.TotalAccountsHiRes3.WithScheme.Android recorded 1 samples, mean = 0.0 (flags = 0x41)
0  -O                                                                        (1 = 100.0%)
1  ... 

Histogram: PasswordManager.AccountStore.TotalAccountsHiRes3.WithScheme.Ftp recorded 1 samples, mean = 0.0 (flags = 0x41)
0  -O                                                                        (1 = 100.0%)
1  ... 

Histogram: PasswordManager.AccountStore.TotalAccountsHiRes3.WithScheme.Http recorded 1 samples, mean = 0.0 (flags = 0x41)
0  -O                                                                        (1 = 100.0%)
1  ... 

Histogram: PasswordManager.AccountStore.TotalAccountsHiRes3.WithScheme.Https recorded 1 samples, mean = 0.0 (flags = 0x41)
0  -O                                                                        (1 = 100.0%)
1  ... 

Histogram: PasswordManager.AccountStore.TotalAccountsHiRes3.WithScheme.Other recorded 1 samples, mean = 0.0 (flags = 0x41)
0  -O                                                                        (1 = 100.0%)
1  ... 

Histogram: PasswordManager.AffiliationDatabase.DatabaseSize recorded 1 samples, mean = 52.0 (flags = 0x41)
0  -O                                                                        (1 = 100.0%)
1000... 

Histogram: PasswordManager.BiometricAuthBeforeFillingEnabled2 recorded 1 samples, mean = 0.0 (flags = 0x41)
0  -O                                                                        (1 = 100.0%)
1  ... 

Histogram: PasswordManager.BubbleSuppression.AccountsInStatisticsTable2 recorded 1 samples, mean = 0.0 (flags = 0x41)
0  -O                                                                        (1 = 100.0%)
1  ... 

Histogram: PasswordManager.CompromisedCredentials3.CountLeaked recorded 1 samples, mean = 0.0 (flags = 0x41)
0  -O                                                                        (1 = 100.0%)
1  ... 

Histogram: PasswordManager.CompromisedCredentials3.CountPhished recorded 1 samples, mean = 0.0 (flags = 0x41)
0  -O                                                                        (1 = 100.0%)
1  ... 

Histogram: PasswordManager.CredentialsWithDuplicates3 recorded 1 samples, mean = 0.0 (flags = 0x41)
0  -O                                                                        (1 = 100.0%)
1  ... 

Histogram: PasswordManager.CredentialsWithMismatchedDuplicates3 recorded 1 samples, mean = 0.0 (flags = 0x41)
0  -O                                                                        (1 = 100.0%)
1  ... 

Histogram: PasswordManager.EnableState recorded 1 samples, mean = 0.0 (flags = 0x41)
0  -O                                                                        (1 = 100.0%)
1  ... 

Histogram: PasswordManager.GetAllLogins.TimeSinceInit recorded 4 samples, mean = 30018.2 (flags = 0x41)
0      ... 
26495  ----O                                                                     (4 = 100.0%) {0.0%}
33665  ... 

Histogram: PasswordManager.GetAutofillableLogins.TimeSinceInit recorded 2 samples, mean = 7904.5 (flags = 0x41)
0     ... 
6296  --O                                                                       (2 = 100.0%) {0.0%}
8000  ... 

Histogram: PasswordManager.LoginDatabaseInit2 recorded 2 samples, mean = 0.0 (flags = 0x41)
0  --O                                                                       (2 = 100.0%)
1  ... 

Histogram: PasswordManager.OnEncryptorReceived.Success recorded 2 samples, mean = 1.0 (flags = 0x41)
0  O                                                                         (0 = 0.0%)
1  --O                                                                       (2 = 100.0%) {0.0%}
2  O                                                                         (0 = 0.0%) {100.0%}

Histogram: PasswordManager.PasswordStore.InitTime recorded 2 samples, mean = 6640.0 (flags = 0x41)
0     ... 
5961  --O                                                                       (2 = 100.0%) {0.0%}
7083  ... 

Histogram: PasswordManager.PasswordStoreBackend.GetAllLoginsAsync recorded 8 samples, mean = 1.0 (flags = 0x41)
0  ----O                                                                     (4 = 50.0%)
1  O                                                                         (0 = 0.0%) {50.0%}
2  ----O                                                                     (4 = 50.0%) {50.0%}
3  ... 

Histogram: PasswordManager.PasswordStoreBackend.GetAllLoginsAsync.Latency recorded 4 samples, mean = 0.0 (flags = 0x41)
0  ----O                                                                     (4 = 100.0%)
1  ... 

Histogram: PasswordManager.PasswordStoreBackend.GetAllLoginsAsync.Success recorded 4 samples, mean = 1.0 (flags = 0x41)
0  O                                                                         (0 = 0.0%)
1  ----O                                                                     (4 = 100.0%) {0.0%}
2  O                                                                         (0 = 0.0%) {100.0%}

Histogram: PasswordManager.PasswordStoreBackend.GetAutofillableLoginsAsync recorded 4 samples, mean = 1.0 (flags = 0x41)
0  --O                                                                       (2 = 50.0%)
1  O                                                                         (0 = 0.0%) {50.0%}
2  --O                                                                       (2 = 50.0%) {50.0%}
3  ... 

Histogram: PasswordManager.PasswordStoreBackend.GetAutofillableLoginsAsync.Latency recorded 2 samples, mean = 24.0 (flags = 0x41)
0   ... 
20  --O                                                                       (2 = 100.0%) {0.0%}
25  ... 

Histogram: PasswordManager.PasswordStoreBackend.GetAutofillableLoginsAsync.Success recorded 2 samples, mean = 1.0 (flags = 0x41)
0  O                                                                         (0 = 0.0%)
1  --O                                                                       (2 = 100.0%) {0.0%}
2  O                                                                         (0 = 0.0%) {100.0%}

Histogram: PasswordManager.PasswordStoreBuiltInBackend.GetAllLoginsAsync recorded 8 samples, mean = 1.0 (flags = 0x41)
0  ----O                                                                     (4 = 50.0%)
1  O                                                                         (0 = 0.0%) {50.0%}
2  ----O                                                                     (4 = 50.0%) {50.0%}
3  ... 

Histogram: PasswordManager.PasswordStoreBuiltInBackend.GetAllLoginsAsync.Latency recorded 4 samples, mean = 0.0 (flags = 0x41)
0  ----O                                                                     (4 = 100.0%)
1  ... 

Histogram: PasswordManager.PasswordStoreBuiltInBackend.GetAllLoginsAsync.Success recorded 4 samples, mean = 1.0 (flags = 0x41)
0  O                                                                         (0 = 0.0%)
1  ----O                                                                     (4 = 100.0%) {0.0%}
2  O                                                                         (0 = 0.0%) {100.0%}

Histogram: PasswordManager.PasswordStoreBuiltInBackend.GetAutofillableLoginsAsync recorded 4 samples, mean = 1.0 (flags = 0x41)
0  --O                                                                       (2 = 50.0%)
1  O                                                                         (0 = 0.0%) {50.0%}
2  --O                                                                       (2 = 50.0%) {50.0%}
3  ... 

Histogram: PasswordManager.PasswordStoreBuiltInBackend.GetAutofillableLoginsAsync.Latency recorded 2 samples, mean = 24.0 (flags = 0x41)
0   ... 
20  --O                                                                       (2 = 100.0%) {0.0%}
25  ... 

Histogram: PasswordManager.PasswordStoreBuiltInBackend.GetAutofillableLoginsAsync.Success recorded 2 samples, mean = 1.0 (flags = 0x41)
0  O                                                                         (0 = 0.0%)
1  --O                                                                       (2 = 100.0%) {0.0%}
2  O                                                                         (0 = 0.0%) {100.0%}

Histogram: PasswordManager.ProfileStore.BlacklistedSitesHiRes3.WithoutCustomPassphrase recorded 1 samples, mean = 0.0 (flags = 0x41)
0  -O                                                                        (1 = 100.0%)
1  ... 

Histogram: PasswordManager.ProfileStore.InaccessiblePasswords3 recorded 1 samples, mean = 0.0 (flags = 0x41)
0  -O                                                                        (1 = 100.0%)
1  ... 

Histogram: PasswordManager.ProfileStore.LoginDatabaseEncryptionStatus recorded 1 samples, mean = 0.0 (flags = 0x41)
0  -O                                                                        (1 = 100.0%)
1  ... 

Histogram: PasswordManager.ProfileStore.PasswordNotes.CountCredentialsWithNonEmptyNotes2 recorded 1 samples, mean = 0.0 (flags = 0x41)
0  -O                                                                        (1 = 100.0%)
1  ... 

Histogram: PasswordManager.ProfileStore.TotalAccountsHiRes3.ByType.AutoGenerated.WithoutCustomPassphrase recorded 1 samples, mean = 0.0 (flags = 0x41)
0  -O                                                                        (1 = 100.0%)
1  ... 

Histogram: PasswordManager.ProfileStore.TotalAccountsHiRes3.ByType.Overall recorded 1 samples, mean = 0.0 (flags = 0x41)
0  -O                                                                        (1 = 100.0%)
1  ... 

Histogram: PasswordManager.ProfileStore.TotalAccountsHiRes3.ByType.Overall.WithoutCustomPassphrase recorded 1 samples, mean = 0.0 (flags = 0x41)
0  -O                                                                        (1 = 100.0%)
1  ... 

Histogram: PasswordManager.ProfileStore.TotalAccountsHiRes3.ByType.ReceivedViaSharing.WithoutCustomPassphrase recorded 1 samples, mean = 0.0 (flags = 0x41)
0  -O                                                                        (1 = 100.0%)
1  ... 

Histogram: PasswordManager.ProfileStore.TotalAccountsHiRes3.ByType.UserCreated.WithoutCustomPassphrase recorded 1 samples, mean = 0.0 (flags = 0x41)
0  -O                                                                        (1 = 100.0%)
1  ... 

Histogram: PasswordManager.ProfileStore.TotalAccountsHiRes3.WithScheme.Android recorded 1 samples, mean = 0.0 (flags = 0x41)
0  -O                                                                        (1 = 100.0%)
1  ... 

Histogram: PasswordManager.ProfileStore.TotalAccountsHiRes3.WithScheme.Ftp recorded 1 samples, mean = 0.0 (flags = 0x41)
0  -O                                                                        (1 = 100.0%)
1  ... 

Histogram: PasswordManager.ProfileStore.TotalAccountsHiRes3.WithScheme.Http recorded 1 samples, mean = 0.0 (flags = 0x41)
0  -O                                                                        (1 = 100.0%)
1  ... 

Histogram: PasswordManager.ProfileStore.TotalAccountsHiRes3.WithScheme.Https recorded 1 samples, mean = 0.0 (flags = 0x41)
0  -O                                                                        (1 = 100.0%)
1  ... 

Histogram: PasswordManager.ProfileStore.TotalAccountsHiRes3.WithScheme.Other recorded 1 samples, mean = 0.0 (flags = 0x41)
0  -O                                                                        (1 = 100.0%)
1  ... 

Histogram: PasswordManager.SavedGaiaPasswordHashCount2 recorded 1 samples, mean = 0.0 (flags = 0x41)
0  -O                                                                        (1 = 100.0%)
1  ... 

Histogram: PasswordManager.SyncMetadataReadError2 recorded 2 samples, mean = 0.0 (flags = 0x41)
0  --O                                                                       (2 = 100.0%)
1  ... 

Histogram: PasswordManager.SyncingAccountState3 recorded 1 samples, mean = 2.0 (flags = 0x41)
0  ... 
2  -O                                                                        (1 = 100.0%) {0.0%}
3  ... 

Histogram: PaymentRequest.IsCanMakePaymentAllowedByPref.Startup recorded 1 samples, mean = 1.0 (flags = 0x41)
0  O                                                                         (0 = 0.0%)
1  -O                                                                        (1 = 100.0%) {0.0%}
2  O                                                                         (0 = 0.0%) {100.0%}

Histogram: PerformanceManager.LoadingNotQuiescentPageCount.All recorded 19 samples, mean = 0.0 (flags = 0x41)
0  -------------------O                                                      (19 = 100.0%)
1  ... 

Histogram: PerformanceManager.LoadingNotQuiescentPageCount.Hidden recorded 19 samples, mean = 0.0 (flags = 0x41)
0  -------------------O                                                      (19 = 100.0%)
1  ... 

Histogram: PerformanceManager.LoadingNotQuiescentPageCount.MixedVisibility recorded 19 samples, mean = 0.0 (flags = 0x41)
0  -------------------O                                                      (19 = 100.0%)
1  ... 

Histogram: PerformanceManager.LoadingNotQuiescentPageCount.Visible recorded 19 samples, mean = 0.0 (flags = 0x41)
0  -------------------O                                                      (19 = 100.0%)
1  ... 

Histogram: PerformanceManager.QuiescentPageCount recorded 19 samples, mean = 1.0 (flags = 0x41)
0  O                                                                         (0 = 0.0%)
1  -------------------O                                                      (19 = 100.0%) {0.0%}
2  ... 

Histogram: PerformanceManager.SiteDB.DatabaseInit recorded 1 samples, mean = 0.0 (flags = 0x41)
0  -O                                                                        (1 = 100.0%)
1  ... 

Histogram: PerformanceManager.SiteDB.OnDiskSize recorded 1 samples, mean = 2.0 (flags = 0x41)
0  -O                                                                        (1 = 100.0%)
1000... 

Histogram: PerformanceManager.SiteDB.WriteCompleted.WriteSiteDataIntoStore recorded 1 samples, mean = 1.0 (flags = 0x41)
0  O                                                                         (0 = 0.0%)
1  -O                                                                        (1 = 100.0%) {0.0%}
2  O                                                                         (0 = 0.0%) {100.0%}

Histogram: PerformanceManager.SiteDB.WriteScheduled.WriteSiteDataIntoStore recorded 1 samples, mean = 1.0 (flags = 0x41)
0  O                                                                         (0 = 0.0%)
1  -O                                                                        (1 = 100.0%) {0.0%}
2  O                                                                         (0 = 0.0%) {100.0%}

Histogram: PerformanceManager.TabRevisitTracker.TimeToClose2 recorded 1 samples, mean = 583.0 (flags = 0x41)
0    ... 
576  -O                                                                        (1 = 100.0%) {0.0%}
606  ... 

Histogram: PerformanceManager.UserTuning.BatterySaverModeEnabledPercent recorded 1 samples, mean = 0.0 (flags = 0x41)
0  -O                                                                        (1 = 100.0%)
1  ... 

Histogram: PerformanceManager.UserTuning.MemorySaverModeEnabledPercent recorded 1 samples, mean = 0.0 (flags = 0x41)
0  -O                                                                        (1 = 100.0%)
1  ... 

Histogram: PerformanceMonitor.AverageCPU8.BrowserProcess recorded 4 samples, mean = 13555.0 (flags = 0x41)
0      ... 
11368  --O                                                                       (2 = 50.0%) {0.0%}
13724  --O                                                                       (2 = 50.0%) {50.0%}
16567  ... 

Histogram: PerformanceMonitor.AverageCPU8.GPUProcess recorded 4 samples, mean = 1988.2 (flags = 0x41)
0     ... 
10    -O                                                                        (1 = 25.0%) {0.0%}
12    -O                                                                        (1 = 25.0%) {25.0%}
15    O                                                                         (0 = 0.0%) {50.0%}
18    -O                                                                        (1 = 25.0%) {50.0%}
22    ... 
7801  -O                                                                        (1 = 25.0%) {75.0%}
9417  ... 

Histogram: PerformanceMonitor.AverageCPU8.NetworkProcess recorded 4 samples, mean = 6.5 (flags = 0x41)
0   O                                                                         (0 = 0.0%)
1   --O                                                                       (2 = 50.0%) {0.0%}
2   O                                                                         (0 = 0.0%) {50.0%}
3   -O                                                                        (1 = 25.0%) {50.0%}
4   ... 
18  -O                                                                        (1 = 25.0%) {75.0%}
22  ... 

Histogram: PerformanceMonitor.AverageCPU8.OtherProcess recorded 4 samples, mean = 0.0 (flags = 0x41)
0  ----O                                                                     (4 = 100.0%)
1  ... 

Histogram: PerformanceMonitor.AverageCPU8.RendererExtensionEventProcess recorded 4 samples, mean = 0.0 (flags = 0x41)
0  ----O                                                                     (4 = 100.0%)
1  ... 

Histogram: PerformanceMonitor.AverageCPU8.RendererExtensionPersistentProcess recorded 4 samples, mean = 0.0 (flags = 0x41)
0  ----O                                                                     (4 = 100.0%)
1  ... 

Histogram: PerformanceMonitor.AverageCPU8.RendererProcess recorded 4 samples, mean = 115.8 (flags = 0x41)
0    O                                                                         (0 = 0.0%)
1    -O                                                                        (1 = 25.0%) {0.0%}
2    -O                                                                        (1 = 25.0%) {25.0%}
3    O                                                                         (0 = 0.0%) {50.0%}
4    -O                                                                        (1 = 25.0%) {50.0%}
5    ... 
383  -O                                                                        (1 = 25.0%) {75.0%}
462  ... 

Histogram: PerformanceMonitor.AverageCPU8.Total recorded 4 samples, mean = 13601.2 (flags = 0x41)
0      ... 
11368  --O                                                                       (2 = 50.0%) {0.0%}
13724  --O                                                                       (2 = 50.0%) {50.0%}
16567  ... 

Histogram: PerformanceMonitor.AverageCPU8.Total.ZeroWindow recorded 4 samples, mean = 13601.2 (flags = 0x41)
0      ... 
11368  --O                                                                       (2 = 50.0%) {0.0%}
13724  --O                                                                       (2 = 50.0%) {50.0%}
16567  ... 

Histogram: PerformanceMonitor.AverageCPU8.UtilityProcess recorded 4 samples, mean = 8423.2 (flags = 0x41)
0      ---O                                                                      (3 = 75.0%)
1      ... 
20000  -O                                                                        (1 = 25.0%) {75.0%}

Histogram: PerformanceMonitor.HasPreciseCPUUsage recorded 15 samples, mean = 1.0 (flags = 0x41)
0  O                                                                         (0 = 0.0%)
1  ---------------O                                                          (15 = 100.0%) {0.0%}
2  O                                                                         (0 = 0.0%) {100.0%}

Histogram: PerformanceMonitor.UsageScenario.LongInterval recorded 4 samples, mean = 13.0 (flags = 0x41)
0   ... 
13  ----O                                                                     (4 = 100.0%) {0.0%}
14  ... 

Histogram: Permissions.API.CreatedPermissionStatusObjects recorded 1 samples, mean = 0.0 (flags = 0x41)
0  -O                                                                        (1 = 100.0%)
1  ... 

Histogram: Permissions.Experimental.PrimaryMainNavigationFinished.AudioCapture.TopLevelHeaderPolicy recorded 1 samples, mean = 0.0 (flags = 0x41)
0  -O                                                                        (1 = 100.0%)
1  ... 

Histogram: Permissions.Experimental.PrimaryMainNavigationFinished.Geolocation.TopLevelHeaderPolicy recorded 1 samples, mean = 0.0 (flags = 0x41)
0  -O                                                                        (1 = 100.0%)
1  ... 

Histogram: Permissions.Experimental.PrimaryMainNavigationFinished.VideoCapture.TopLevelHeaderPolicy recorded 1 samples, mean = 0.0 (flags = 0x41)
0  -O                                                                        (1 = 100.0%)
1  ... 

Histogram: Permissions.QuietNotificationPrompts.RegularProfile.IsEnabledInPrefs recorded 1 samples, mean = 0.0 (flags = 0x41)
0  -O                                                                        (1 = 100.0%)
1  ... 

Histogram: Platform.IntelMaxMicroArchitecture recorded 1 samples, mean = 10.0 (flags = 0x41)
0   ... 
10  -O                                                                        (1 = 100.0%) {0.0%}
11  ... 

Histogram: Power.BatteryDischargeMode5 recorded 9 samples, mean = 4.0 (flags = 0x41)
0  ... 
4  ---------O                                                                (9 = 100.0%) {0.0%}
5  ... 

Histogram: Power.BatteryDischargeMode5.Initial recorded 1 samples, mean = 4.0 (flags = 0x41)
0  ... 
4  -O                                                                        (1 = 100.0%) {0.0%}
5  ... 

Histogram: Power.BatteryDischargeMode5.Periodic recorded 8 samples, mean = 4.0 (flags = 0x41)
0  ... 
4  --------O                                                                 (8 = 100.0%) {0.0%}
5  ... 

Histogram: Power.BatteryDischargeMode5.ZeroWindow recorded 9 samples, mean = 4.0 (flags = 0x41)
0  ... 
4  ---------O                                                                (9 = 100.0%) {0.0%}
5  ... 

Histogram: Power.BatteryDischargeMode5.ZeroWindow.Initial recorded 1 samples, mean = 4.0 (flags = 0x41)
0  ... 
4  -O                                                                        (1 = 100.0%) {0.0%}
5  ... 

Histogram: Power.BatteryDischargeMode5.ZeroWindow.Periodic recorded 8 samples, mean = 4.0 (flags = 0x41)
0  ... 
4  --------O                                                                 (8 = 100.0%) {0.0%}
5  ... 

Histogram: Power.HasPreciseBatteryDischargeGranularity recorded 9 samples, mean = 0.0 (flags = 0x41)
0  ---------O                                                                (9 = 100.0%)
1  ... 

Histogram: Prefs.JSonStore.SetValueKey recorded 31 samples (flags = 0x41)
67499933    -O                                                                        (1 = 3.2%)
174384190   --O                                                                       (2 = 6.5%)
372921139   -----O                                                                    (5 = 16.1%)
819550135   -O                                                                        (1 = 3.2%)
830521985   -O                                                                        (1 = 3.2%)
852125461   --O                                                                       (2 = 6.5%)
945162316   -O                                                                        (1 = 3.2%)
1227647714  -O                                                                        (1 = 3.2%)
1285180254  -O                                                                        (1 = 3.2%)
1441835268  -O                                                                        (1 = 3.2%)
1697794008  --O                                                                       (2 = 6.5%)
1886855768  -O                                                                        (1 = 3.2%)
1923415074  --O                                                                       (2 = 6.5%)
1927273959  -O                                                                        (1 = 3.2%)
1936820420  --O                                                                       (2 = 6.5%)
1956100443  --O                                                                       (2 = 6.5%)
2056672062  ----O                                                                     (4 = 12.9%)
2082524502  -O                                                                        (1 = 3.2%)

Histogram: Privacy.CookieControlsSetting.RegularProfile recorded 1 samples, mean = 2.0 (flags = 0x41)
0  ... 
2  -O                                                                        (1 = 100.0%) {0.0%}
3  O                                                                         (0 = 0.0%) {100.0%}

Histogram: Privacy.DIPS.BounceCategoryServer.Block3PC recorded 1 samples, mean = 0.0 (flags = 0x41)
0  -O                                                                        (1 = 100.0%)
1  ... 

Histogram: Privacy.DIPS.ClearedSitesCount.Block3PC recorded 1 samples, mean = 0.0 (flags = 0x41)
0  -O                                                                        (1 = 100.0%)
1  ... 

Histogram: Privacy.DIPS.DIPSErrorCodes recorded 3 samples, mean = 2.0 (flags = 0x41)
0  --O                                                                       (2 = 66.7%)
1  ... 
6  -O                                                                        (1 = 33.3%) {66.7%}
7  ... 

Histogram: Privacy.DIPS.Database.Operation.FilterSitesWithProtectiveEventTime recorded 1 samples, mean = 0.0 (flags = 0x41)
0  -O                                                                        (1 = 100.0%)
1  ... 

Histogram: Privacy.DIPS.Database.Operation.GetSitesThatBouncedWithStateTime recorded 1 samples, mean = 0.0 (flags = 0x41)
0  -O                                                                        (1 = 100.0%)
1  ... 

Histogram: Privacy.DIPS.Database.Operation.InitTime recorded 1 samples, mean = 2.0 (flags = 0x41)
0  ... 
2  -O                                                                        (1 = 100.0%) {0.0%}
3  ... 

Histogram: Privacy.DIPS.Database.Operation.ReadPopupTime recorded 1 samples, mean = 0.0 (flags = 0x41)
0  -O                                                                        (1 = 100.0%)
1  ... 

Histogram: Privacy.DIPS.Database.Operation.ReadTime recorded 3 samples, mean = 0.0 (flags = 0x41)
0  ---O                                                                      (3 = 100.0%)
1  ... 

Histogram: Privacy.DIPS.Database.Operation.RemoveRowsTime recorded 1 samples, mean = 4.0 (flags = 0x41)
0  ... 
4  -O                                                                        (1 = 100.0%) {0.0%}
5  ... 

Histogram: Privacy.DIPS.Database.Operation.WriteTime recorded 1 samples, mean = 15.0 (flags = 0x41)
0   ... 
14  -O                                                                        (1 = 100.0%) {0.0%}
17  ... 

Histogram: Privacy.DIPS.DatabaseEntryCount recorded 1 samples, mean = 1.0 (flags = 0x41)
0  O                                                                         (0 = 0.0%)
1  -O                                                                        (1 = 100.0%) {0.0%}
2  ... 

Histogram: Privacy.DIPS.DatabaseHealthMetricsTime recorded 1 samples, mean = 0.0 (flags = 0x41)
0  -O                                                                        (1 = 100.0%)
1  ... 

Histogram: Privacy.DIPS.DatabaseInit recorded 1 samples, mean = 1.0 (flags = 0x41)
0  O                                                                         (0 = 0.0%)
1  -O                                                                        (1 = 100.0%) {0.0%}
2  ... 

Histogram: Privacy.DIPS.DatabaseSize recorded 1 samples, mean = 36.0 (flags = 0x41)
0  -O                                                                        (1 = 100.0%)
1000... 

Histogram: Privacy.DoNotTrackSetting2 recorded 1 samples, mean = 0.0 (flags = 0x41)
0  -O                                                                        (1 = 100.0%)
1  ... 

Histogram: Privacy.ThirdPartyCookieBlockingSetting.RegularProfile recorded 1 samples, mean = 0.0 (flags = 0x41)
0  -O                                                                        (1 = 100.0%)
1  ... 

Histogram: PrivacyBudget.Identifiability.FinchConfigValidationResult recorded 1 samples, mean = 1.0 (flags = 0x41)
0  O                                                                         (0 = 0.0%)
1  -O                                                                        (1 = 100.0%) {0.0%}
2  O                                                                         (0 = 0.0%) {100.0%}

Histogram: PrivacyBudget.Identifiability.RecordedSample recorded 84 samples, mean = 0.0 (flags = 0x41)
0  ------------------------------------------------------------------------O (84 = 100.0%)
1  ... 

Histogram: PrivacySandbox.Attestations.EstimateMemoryUsage.AttestationsMap recorded 1 samples, mean = 24.0 (flags = 0x41)
0   ... 
24  -O                                                                        (1 = 100.0%) {0.0%}
29  ... 

Histogram: PrivacySandbox.Attestations.InitializationDuration.ComponentReadyFromApplicationStart recorded 1 samples, mean = 7052.0 (flags = 0x41)
0     ... 
6533  -O                                                                        (1 = 100.0%) {0.0%}
7541  ... 

Histogram: PrivacySandbox.Attestations.InitializationDuration.Parsing recorded 1 samples, mean = 1.0 (flags = 0x41)
0  O                                                                         (0 = 0.0%)
1  -O                                                                        (1 = 100.0%) {0.0%}
2  ... 

Histogram: PrivacySandbox.Attestations.Parsing.Status recorded 1 samples, mean = 0.0 (flags = 0x41)
0  -O                                                                        (1 = 100.0%)
1  ... 

Histogram: PrivacySandbox.NoticeRequirement.IsVariationCountryEmpty recorded 3 samples, mean = 1.0 (flags = 0x41)
0  O                                                                         (0 = 0.0%)
1  ---O                                                                      (3 = 100.0%) {0.0%}
2  O                                                                         (0 = 0.0%) {100.0%}

Histogram: PrivacySandbox.NoticeRequirement.IsVariationServiceReady recorded 3 samples, mean = 1.0 (flags = 0x41)
0  O                                                                         (0 = 0.0%)
1  ---O                                                                      (3 = 100.0%) {0.0%}
2  O                                                                         (0 = 0.0%) {100.0%}

Histogram: PrivacySandbox.TrackingProtection.OnboardingStartup.State recorded 1 samples, mean = 0.0 (flags = 0x41)
0  -O                                                                        (1 = 100.0%)
1  ... 

Histogram: PrivacySandbox.TrackingProtection.SilentOnboardingStartup.State recorded 1 samples, mean = 0.0 (flags = 0x41)
0  -O                                                                        (1 = 100.0%)
1  ... 

Histogram: Profile.AppCount recorded 1 samples, mean = 0.0 (flags = 0x41)
0  -O                                                                        (1 = 100.0%)
1  ... 

Histogram: Profile.BookmarksSize recorded 1 samples, mean = 0.0 (flags = 0x41)
0  -O                                                                        (1 = 100.0%)
1  ... 

Histogram: Profile.CookiesSize recorded 1 samples, mean = 0.0 (flags = 0x41)
0  -O                                                                        (1 = 100.0%)
1  ... 

Histogram: Profile.Destroyer.OffTheRecord recorded 1 samples, mean = 1.0 (flags = 0x41)
0  O                                                                         (0 = 0.0%)
1  -O                                                                        (1 = 100.0%) {0.0%}
2  ... 

Histogram: Profile.DidDestroyProfileBeforeShutdown recorded 1 samples, mean = 0.0 (flags = 0x41)
0  -O                                                                        (1 = 100.0%)
1  ... 

Histogram: Profile.ExtensionSize recorded 1 samples, mean = 0.0 (flags = 0x41)
0  -O                                                                        (1 = 100.0%)
1  ... 

Histogram: Profile.FaviconsSize recorded 1 samples, mean = 0.0 (flags = 0x41)
0  -O                                                                        (1 = 100.0%)
1  ... 

Histogram: Profile.HistorySize recorded 1 samples, mean = 0.0 (flags = 0x41)
0  -O                                                                        (1 = 100.0%)
1  ... 

Histogram: Profile.KeepAliveLeakAtShutdown recorded 2 samples, mean = 3.5 (flags = 0x41)
0  -O                                                                        (1 = 50.0%)
1  ... 
7  -O                                                                        (1 = 50.0%) {50.0%}
8  ... 

Histogram: Profile.NumberOfActiveProfiles recorded 1 samples, mean = 0.0 (flags = 0x41)
0  -O                                                                        (1 = 100.0%)
1  ... 

Histogram: Profile.NumberOfManagedProfiles recorded 1 samples, mean = 0.0 (flags = 0x41)
0  -O                                                                        (1 = 100.0%)
1  ... 

Histogram: Profile.NumberOfProfiles recorded 1 samples, mean = 1.0 (flags = 0x41)
0  O                                                                         (0 = 0.0%)
1  -O                                                                        (1 = 100.0%) {0.0%}
2  ... 

Histogram: Profile.NumberOfSignedInProfiles recorded 1 samples, mean = 0.0 (flags = 0x41)
0  -O                                                                        (1 = 100.0%)
1  ... 

Histogram: Profile.NumberOfUnusedProfiles recorded 1 samples, mean = 1.0 (flags = 0x41)
0  O                                                                         (0 = 0.0%)
1  -O                                                                        (1 = 100.0%) {0.0%}
2  ... 

Histogram: Profile.PercentageOfManagedProfiles recorded 1 samples, mean = 0.0 (flags = 0x41)
0  -O                                                                        (1 = 100.0%)
1  ... 

Histogram: Profile.TopSitesSize recorded 1 samples, mean = 0.0 (flags = 0x41)
0  -O                                                                        (1 = 100.0%)
1  ... 

Histogram: Profile.TotalHistorySize recorded 1 samples, mean = 0.0 (flags = 0x41)
0  -O                                                                        (1 = 100.0%)
1  ... 

Histogram: Profile.TotalSize recorded 1 samples, mean = 0.0 (flags = 0x41)
0  -O                                                                        (1 = 100.0%)
1  ... 

Histogram: Profile.TotalSizeRecursive recorded 1 samples, mean = 10.0 (flags = 0x41)
0   ... 
10  -O                                                                        (1 = 100.0%) {0.0%}
12  ... 

Histogram: Profile.TriggeredReset recorded 1 samples, mean = 0.0 (flags = 0x41)
0  -O                                                                        (1 = 100.0%)
1  ... 

Histogram: Profile.VisitedLinksSize recorded 1 samples, mean = 0.0 (flags = 0x41)
0  -O                                                                        (1 = 100.0%)
1  ... 

Histogram: Profile.WebDataSize recorded 1 samples, mean = 0.0 (flags = 0x41)
0  -O                                                                        (1 = 100.0%)
1  ... 

Histogram: ProfilePicker.StartupMode.CreateInitialProfile recorded 1 samples, mean = 0.0 (flags = 0x41)
0  -O                                                                        (1 = 100.0%)
1  ... 

Histogram: ProfilePicker.StartupMode.GetStartupProfile recorded 1 samples, mean = 0.0 (flags = 0x41)
0  -O                                                                        (1 = 100.0%)
1  ... 

Histogram: ProfilePicker.StartupReason.GetStartupProfile recorded 1 samples, mean = 27.0 (flags = 0x41)
0   ... 
27  -O                                                                        (1 = 100.0%) {0.0%}
28  ... 

Histogram: ProtoDB.GetErrorStatus.Metadata recorded 0 samples (flags = 0x41)
0 ... 

Histogram: ProtoDB.GetFound.Metadata recorded 18 samples, mean = 1.0 (flags = 0x41)
0  O                                                                         (0 = 0.0%)
1  ------------------O                                                       (18 = 100.0%) {0.0%}
2  O                                                                         (0 = 0.0%) {100.0%}

Histogram: ProtoDB.GetSuccess.Metadata recorded 18 samples, mean = 1.0 (flags = 0x41)
0  O                                                                         (0 = 0.0%)
1  ------------------O                                                       (18 = 100.0%) {0.0%}
2  O                                                                         (0 = 0.0%) {100.0%}

Histogram: ProtoDB.InitStatus.BudgetManager recorded 1 samples, mean = 4.0 (flags = 0x41)
0  ... 
4  -O                                                                        (1 = 100.0%) {0.0%}
5  ... 

Histogram: ProtoDB.InitStatus.CartDatabase recorded 1 samples, mean = 4.0 (flags = 0x41)
0  ... 
4  -O                                                                        (1 = 100.0%) {0.0%}
5  ... 

Histogram: ProtoDB.InitStatus.ClientCertificatesDatabase recorded 1 samples, mean = 4.0 (flags = 0x41)
0  ... 
4  -O                                                                        (1 = 100.0%) {0.0%}
5  ... 

Histogram: ProtoDB.InitStatus.CommerceParcelTrackingDatabase recorded 1 samples, mean = 4.0 (flags = 0x41)
0  ... 
4  -O                                                                        (1 = 100.0%) {0.0%}
5  ... 

Histogram: ProtoDB.InitStatus.CommerceSubscriptionDatabase recorded 1 samples, mean = 4.0 (flags = 0x41)
0  ... 
4  -O                                                                        (1 = 100.0%) {0.0%}
5  ... 

Histogram: ProtoDB.InitStatus.CouponDatabase recorded 1 samples, mean = 4.0 (flags = 0x41)
0  ... 
4  -O                                                                        (1 = 100.0%) {0.0%}
5  ... 

Histogram: ProtoDB.InitStatus.DiscountsDatabase recorded 1 samples, mean = 4.0 (flags = 0x41)
0  ... 
4  -O                                                                        (1 = 100.0%) {0.0%}
5  ... 

Histogram: ProtoDB.InitStatus.DownloadDB recorded 1 samples, mean = 4.0 (flags = 0x41)
0  ... 
4  -O                                                                        (1 = 100.0%) {0.0%}
5  ... 

Histogram: ProtoDB.InitStatus.DownloadService recorded 1 samples, mean = 4.0 (flags = 0x41)
0  ... 
4  -O                                                                        (1 = 100.0%) {0.0%}
5  ... 

Histogram: ProtoDB.InitStatus.FeatureEngagementTrackerAvailabilityStore recorded 1 samples, mean = 4.0 (flags = 0x41)
0  ... 
4  -O                                                                        (1 = 100.0%) {0.0%}
5  ... 

Histogram: ProtoDB.InitStatus.FeatureEngagementTrackerEventStore recorded 1 samples, mean = 4.0 (flags = 0x41)
0  ... 
4  -O                                                                        (1 = 100.0%) {0.0%}
5  ... 

Histogram: ProtoDB.InitStatus.GCMKeyStore recorded 1 samples, mean = 0.0 (flags = 0x41)
0  -O                                                                        (1 = 100.0%)
1  ... 

Histogram: ProtoDB.InitStatus.Metadata recorded 1 samples, mean = 0.0 (flags = 0x41)
0  -O                                                                        (1 = 100.0%)
1  ... 

Histogram: ProtoDB.InitStatus.PersistentOriginTrials recorded 1 samples, mean = 4.0 (flags = 0x41)
0  ... 
4  -O                                                                        (1 = 100.0%) {0.0%}
5  ... 

Histogram: ProtoDB.InitStatus.PreviewsHintCacheStore recorded 1 samples, mean = 4.0 (flags = 0x41)
0  ... 
4  -O                                                                        (1 = 100.0%) {0.0%}
5  ... 

Histogram: ProtoDB.InitStatus.SegmentInfoDatabase recorded 1 samples, mean = 4.0 (flags = 0x41)
0  ... 
4  -O                                                                        (1 = 100.0%) {0.0%}
5  ... 

Histogram: ProtoDB.InitStatus.SharedDb recorded 1 samples, mean = 0.0 (flags = 0x41)
0  -O                                                                        (1 = 100.0%)
1  ... 

Histogram: ProtoDB.InitStatus.SignalDatabase recorded 1 samples, mean = 4.0 (flags = 0x41)
0  ... 
4  -O                                                                        (1 = 100.0%) {0.0%}
5  ... 

Histogram: ProtoDB.InitStatus.SignalStorageConfigDatabase recorded 1 samples, mean = 4.0 (flags = 0x41)
0  ... 
4  -O                                                                        (1 = 100.0%) {0.0%}
5  ... 

Histogram: ProtoDB.InitStatus.StrikeService recorded 1 samples, mean = 4.0 (flags = 0x41)
0  ... 
4  -O                                                                        (1 = 100.0%) {0.0%}
5  ... 

Histogram: ProtoDB.LoadEntriesSuccess.CartDatabase recorded 1 samples, mean = 1.0 (flags = 0x41)
0  O                                                                         (0 = 0.0%)
1  -O                                                                        (1 = 100.0%) {0.0%}
2  O                                                                         (0 = 0.0%) {100.0%}

Histogram: ProtoDB.LoadEntriesSuccess.CouponDatabase recorded 1 samples, mean = 1.0 (flags = 0x41)
0  O                                                                         (0 = 0.0%)
1  -O                                                                        (1 = 100.0%) {0.0%}
2  O                                                                         (0 = 0.0%) {100.0%}

Histogram: ProtoDB.LoadEntriesSuccess.DownloadDB recorded 1 samples, mean = 1.0 (flags = 0x41)
0  O                                                                         (0 = 0.0%)
1  -O                                                                        (1 = 100.0%) {0.0%}
2  O                                                                         (0 = 0.0%) {100.0%}

Histogram: ProtoDB.LoadEntriesSuccess.DownloadService recorded 1 samples, mean = 1.0 (flags = 0x41)
0  O                                                                         (0 = 0.0%)
1  -O                                                                        (1 = 100.0%) {0.0%}
2  O                                                                         (0 = 0.0%) {100.0%}

Histogram: ProtoDB.LoadEntriesSuccess.FeatureEngagementTrackerAvailabilityStore recorded 1 samples, mean = 1.0 (flags = 0x41)
0  O                                                                         (0 = 0.0%)
1  -O                                                                        (1 = 100.0%) {0.0%}
2  O                                                                         (0 = 0.0%) {100.0%}

Histogram: ProtoDB.LoadEntriesSuccess.FeatureEngagementTrackerEventStore recorded 1 samples, mean = 1.0 (flags = 0x41)
0  O                                                                         (0 = 0.0%)
1  -O                                                                        (1 = 100.0%) {0.0%}
2  O                                                                         (0 = 0.0%) {100.0%}

Histogram: ProtoDB.LoadEntriesSuccess.GCMKeyStore recorded 1 samples, mean = 1.0 (flags = 0x41)
0  O                                                                         (0 = 0.0%)
1  -O                                                                        (1 = 100.0%) {0.0%}
2  O                                                                         (0 = 0.0%) {100.0%}

Histogram: ProtoDB.LoadEntriesSuccess.PersistentOriginTrials recorded 1 samples, mean = 1.0 (flags = 0x41)
0  O                                                                         (0 = 0.0%)
1  -O                                                                        (1 = 100.0%) {0.0%}
2  O                                                                         (0 = 0.0%) {100.0%}

Histogram: ProtoDB.LoadEntriesSuccess.SegmentInfoDatabase recorded 1 samples, mean = 1.0 (flags = 0x41)
0  O                                                                         (0 = 0.0%)
1  -O                                                                        (1 = 100.0%) {0.0%}
2  O                                                                         (0 = 0.0%) {100.0%}

Histogram: ProtoDB.LoadEntriesSuccess.SignalStorageConfigDatabase recorded 1 samples, mean = 1.0 (flags = 0x41)
0  O                                                                         (0 = 0.0%)
1  -O                                                                        (1 = 100.0%) {0.0%}
2  O                                                                         (0 = 0.0%) {100.0%}

Histogram: ProtoDB.LoadKeysAndEntriesSuccess.PreviewsHintCacheStore recorded 3 samples, mean = 1.0 (flags = 0x41)
0  O                                                                         (0 = 0.0%)
1  ---O                                                                      (3 = 100.0%) {0.0%}
2  O                                                                         (0 = 0.0%) {100.0%}

Histogram: ProtoDB.LoadKeysAndEntriesSuccess.SignalDatabase recorded 60 samples, mean = 1.0 (flags = 0x41)
0  O                                                                         (0 = 0.0%)
1  ------------------------------------------------------------O             (60 = 100.0%) {0.0%}
2  O                                                                         (0 = 0.0%) {100.0%}

Histogram: ProtoDB.LoadKeysAndEntriesSuccess.StrikeService recorded 1 samples, mean = 1.0 (flags = 0x41)
0  O                                                                         (0 = 0.0%)
1  -O                                                                        (1 = 100.0%) {0.0%}
2  O                                                                         (0 = 0.0%) {100.0%}

Histogram: ProtoDB.SharedDbInitStatus recorded 55 samples, mean = 11.5 (flags = 0x41)
0   -------------------O                                                      (19 = 34.5%)
1   ... 
11  -----------------O                                                        (17 = 30.9%) {34.5%}
12  ... 
23  -----------------O                                                        (17 = 30.9%) {65.5%}
24  ... 
27  --O                                                                       (2 = 3.6%) {96.4%}
28  ... 

Histogram: ProtoDB.UpdateErrorStatus.CartDatabase recorded 0 samples (flags = 0x41)
0 ... 

Histogram: ProtoDB.UpdateErrorStatus.CouponDatabase recorded 0 samples (flags = 0x41)
0 ... 

Histogram: ProtoDB.UpdateErrorStatus.Default recorded 0 samples (flags = 0x41)
0 ... 

Histogram: ProtoDB.UpdateErrorStatus.FeatureEngagementTrackerAvailabilityStore recorded 0 samples (flags = 0x41)
0 ... 

Histogram: ProtoDB.UpdateErrorStatus.Metadata recorded 0 samples (flags = 0x41)
0 ... 

Histogram: ProtoDB.UpdateErrorStatus.PreviewsHintCacheStore recorded 0 samples (flags = 0x41)
0 ... 

Histogram: ProtoDB.UpdateErrorStatus.SegmentInfoDatabase recorded 0 samples (flags = 0x41)
0 ... 

Histogram: ProtoDB.UpdateErrorStatus.SignalDatabase recorded 0 samples (flags = 0x41)
0 ... 

Histogram: ProtoDB.UpdateErrorStatus.SignalStorageConfigDatabase recorded 0 samples (flags = 0x41)
0 ... 

Histogram: ProtoDB.UpdateSuccess.CartDatabase recorded 1 samples, mean = 1.0 (flags = 0x41)
0  O                                                                         (0 = 0.0%)
1  -O                                                                        (1 = 100.0%) {0.0%}
2  O                                                                         (0 = 0.0%) {100.0%}

Histogram: ProtoDB.UpdateSuccess.CouponDatabase recorded 1 samples, mean = 1.0 (flags = 0x41)
0  O                                                                         (0 = 0.0%)
1  -O                                                                        (1 = 100.0%) {0.0%}
2  O                                                                         (0 = 0.0%) {100.0%}

Histogram: ProtoDB.UpdateSuccess.Default recorded 5 samples, mean = 1.0 (flags = 0x41)
0  O                                                                         (0 = 0.0%)
1  -----O                                                                    (5 = 100.0%) {0.0%}
2  O                                                                         (0 = 0.0%) {100.0%}

Histogram: ProtoDB.UpdateSuccess.FeatureEngagementTrackerAvailabilityStore recorded 1 samples, mean = 1.0 (flags = 0x41)
0  O                                                                         (0 = 0.0%)
1  -O                                                                        (1 = 100.0%) {0.0%}
2  O                                                                         (0 = 0.0%) {100.0%}

Histogram: ProtoDB.UpdateSuccess.Metadata recorded 1 samples, mean = 1.0 (flags = 0x41)
0  O                                                                         (0 = 0.0%)
1  -O                                                                        (1 = 100.0%) {0.0%}
2  O                                                                         (0 = 0.0%) {100.0%}

Histogram: ProtoDB.UpdateSuccess.PreviewsHintCacheStore recorded 1 samples, mean = 1.0 (flags = 0x41)
0  O                                                                         (0 = 0.0%)
1  -O                                                                        (1 = 100.0%) {0.0%}
2  O                                                                         (0 = 0.0%) {100.0%}

Histogram: ProtoDB.UpdateSuccess.SegmentInfoDatabase recorded 17 samples, mean = 1.0 (flags = 0x41)
0  O                                                                         (0 = 0.0%)
1  -----------------O                                                        (17 = 100.0%) {0.0%}
2  O                                                                         (0 = 0.0%) {100.0%}

Histogram: ProtoDB.UpdateSuccess.SignalDatabase recorded 21 samples, mean = 1.0 (flags = 0x41)
0  O                                                                         (0 = 0.0%)
1  ---------------------O                                                    (21 = 100.0%) {0.0%}
2  O                                                                         (0 = 0.0%) {100.0%}

Histogram: ProtoDB.UpdateSuccess.SignalStorageConfigDatabase recorded 1 samples, mean = 1.0 (flags = 0x41)
0  O                                                                         (0 = 0.0%)
1  -O                                                                        (1 = 100.0%) {0.0%}
2  O                                                                         (0 = 0.0%) {100.0%}

Histogram: Quota.AvailableDiskSpace recorded 1 samples, mean = 123082.0 (flags = 0x41)
0       ... 
120345  -O                                                                        (1 = 100.0%) {0.0%}
140388  ... 

Histogram: Quota.GlobalTemporaryPoolSize recorded 1 samples, mean = 762631.0 (flags = 0x41)
0       ... 
655169  -O                                                                        (1 = 100.0%) {0.0%}
764286  ... 

Histogram: Quota.PercentDiskAvailable recorded 1 samples, mean = 12.0 (flags = 0x41)
0   ... 
12  -O                                                                        (1 = 100.0%) {0.0%}
13  ... 

Histogram: Quota.TotalDiskSpace recorded 1 samples, mean = 953289.0 (flags = 0x41)
0       ... 
891576  -O                                                                        (1 = 100.0%) {0.0%}
1040066 ... 

Histogram: Quota.TotalDiskSpaceIsZero recorded 1 samples, mean = 0.0 (flags = 0x41)
0  -O                                                                        (1 = 100.0%)
1  ... 

Histogram: ReadingList.Read.Count.OnModelLoaded.AccountStorage recorded 1 samples, mean = 0.0 (flags = 0x41)
0  -O                                                                        (1 = 100.0%)
1  ... 

Histogram: ReadingList.Read.Count.OnModelLoaded.LocalStorage recorded 1 samples, mean = 0.0 (flags = 0x41)
0  -O                                                                        (1 = 100.0%)
1  ... 

Histogram: ReadingList.Unread.Count.OnModelLoaded.AccountStorage recorded 1 samples, mean = 0.0 (flags = 0x41)
0  -O                                                                        (1 = 100.0%)
1  ... 

Histogram: ReadingList.Unread.Count.OnModelLoaded.LocalStorage recorded 1 samples, mean = 0.0 (flags = 0x41)
0  -O                                                                        (1 = 100.0%)
1  ... 

Histogram: Renderer.BrowserLaunchToRunLoopStart recorded 1 samples, mean = 73.0 (flags = 0x41)
0   ... 
68  -O                                                                        (1 = 100.0%) {0.0%}
81  ... 

Histogram: Renderer.Core.Timing.Performance.SwapsPerPerformanceEntryInsertion recorded 50 samples, mean = 1.2 (flags = 0x41)
0   -------------------------------O                                          (31 = 62.0%)
1   -----------O                                                              (11 = 22.0%) {62.0%}
2   --O                                                                       (2 = 4.0%) {84.0%}
3   O                                                                         (0 = 0.0%) {88.0%}
4   -O                                                                        (1 = 2.0%) {88.0%}
5   ... 
7   ---O                                                                      (3 = 6.0%) {90.0%}
8   -O                                                                        (1 = 2.0%) {96.0%}
9   O                                                                         (0 = 0.0%) {98.0%}
10  -O                                                                        (1 = 2.0%) {98.0%}
11  ... 

Histogram: Renderer.CriticalFonts.BlockingResourcesLoadTime recorded 1 samples, mean = 9081.0 (flags = 0x41)
0     ... 
8416  -O                                                                        (1 = 100.0%) {0.0%}
10000 O                                                                         (0 = 0.0%) {100.0%}

Histogram: Renderer.CriticalFonts.CriticalFontDelay recorded 1 samples, mean = 0.0 (flags = 0x41)
0  -O                                                                        (1 = 100.0%)
1  ... 

Histogram: Renderer.CriticalFonts.PreloadedFontsLoadTime recorded 1 samples, mean = 8076.0 (flags = 0x41)
0     ... 
7083  -O                                                                        (1 = 100.0%) {0.0%}
8416  ... 

Histogram: Renderer.Font.PrimaryFont.DomContentLoaded recorded 1 samples, mean = 0.0 (flags = 0x41)
0  -O                                                                        (1 = 100.0%)
1  ... 

Histogram: Renderer.Font.PrimaryFont.DomContentLoaded.Style recorded 1 samples, mean = 0.0 (flags = 0x41)
0  -O                                                                        (1 = 100.0%)
1  ... 

Histogram: Renderer.Font.SystemFallback.DomContentLoaded recorded 1 samples, mean = 0.0 (flags = 0x41)
0  -O                                                                        (1 = 100.0%)
1  ... 

Histogram: Renderer.Layout.TextWrapBalance recorded 5 samples, mean = 0.0 (flags = 0x41)
0  -----O                                                                    (5 = 100.0%)
1  ... 

Histogram: Renderer.ProcessLifetime3 recorded 3 samples, mean = 384510.0 (flags = 0x41)
0       ... 
1416    -O                                                                        (1 = 33.3%) {0.0%}
1590    ... 
525020  --O                                                                       (2 = 66.7%) {33.3%}
589586  ... 

Histogram: Renderer.ProcessLifetime3.Empty recorded 1 samples, mean = 575381.0 (flags = 0x41)
0       ... 
525020  -O                                                                        (1 = 100.0%) {0.0%}
589586  ... 

Histogram: Renderer.ProcessLifetime3.MainFrame recorded 1 samples, mean = 576620.0 (flags = 0x41)
0       ... 
525020  -O                                                                        (1 = 100.0%) {0.0%}
589586  ... 

Histogram: Renderer.ProcessLifetime3.Speculative recorded 1 samples, mean = 1529.0 (flags = 0x41)
0     ... 
1416  -O                                                                        (1 = 100.0%) {0.0%}
1590  ... 

Histogram: Renderer.ReduceSubresourceResponseIPC.DidNotifyBrowser recorded 43 samples, mean = 1.0 (flags = 0x41)
0  O                                                                         (0 = 0.0%)
1  -------------------------------------------O                              (43 = 100.0%) {0.0%}
2  O                                                                         (0 = 0.0%) {100.0%}

Histogram: Renderer.RenderThreadImpl.Init recorded 1 samples, mean = 10.0 (flags = 0x41)
0   ... 
10  -O                                                                        (1 = 100.0%) {0.0%}
12  ... 

Histogram: Renderer4.GpuImageDecodeState recorded 1 samples, mean = 0.0 (flags = 0x41)
0  -O                                                                        (1 = 100.0%)
1  ... 

Histogram: Renderer4.GpuImageDecodeState.CachePeakUsagePercent recorded 2 samples, mean = 1.0 (flags = 0x41)
0  O                                                                         (0 = 0.0%)
1  --O                                                                       (2 = 100.0%) {0.0%}
2  ... 

Histogram: Renderer4.GpuImageDecodeState.FirstLockWasted recorded 1 samples, mean = 1.0 (flags = 0x41)
0  O                                                                         (0 = 0.0%)
1  -O                                                                        (1 = 100.0%) {0.0%}
2  O                                                                         (0 = 0.0%) {100.0%}

Histogram: Renderer4.GpuImageDecodeState.FirstLockWasted.OutOfRaster recorded 1 samples, mean = 1.0 (flags = 0x41)
0  O                                                                         (0 = 0.0%)
1  -O                                                                        (1 = 100.0%) {0.0%}
2  O                                                                         (0 = 0.0%) {100.0%}

Histogram: Renderer4.GpuRasterizationEnabled recorded 1 samples, mean = 1.0 (flags = 0x41)
0  O                                                                         (0 = 0.0%)
1  -O                                                                        (1 = 100.0%) {0.0%}
2  O                                                                         (0 = 0.0%) {100.0%}

Histogram: Renderer4.ImageDecodeTaskDurationUs.OutOfRaster.Gpu recorded 1 samples, mean = 34994.0 (flags = 0x41)
0      ... 
27864  -O                                                                        (1 = 100.0%) {0.0%}
36699  ... 

Histogram: Renderer4.ImageDecodeTaskDurationUs.WebP.Gpu recorded 1 samples, mean = 34994.0 (flags = 0x41)
0      ... 
27864  -O                                                                        (1 = 100.0%) {0.0%}
36699  ... 

Histogram: RendererScheduler.RendererMainThreadLoad5 recorded 1165 samples, mean = 0.2 (flags = 0x41)
0   ------------------------------------------------------------------------O (1158 = 99.4%)
1   O                                                                         (1 = 0.1%) {99.4%}
2   O                                                                         (1 = 0.1%) {99.5%}
3   ... 
17  O                                                                         (1 = 0.1%) {99.6%}
18  ... 
23  O                                                                         (1 = 0.1%) {99.7%}
24  ... 
29  O                                                                         (1 = 0.1%) {99.7%}
30  ... 
38  O                                                                         (1 = 0.1%) {99.8%}
39  ... 
72  O                                                                         (1 = 0.1%) {99.9%}
73  ... 

Histogram: RendererScheduler.RendererMainThreadLoad5.Background recorded 576 samples, mean = 0.0 (flags = 0x41)
0  ------------------------------------------------------------------------O (576 = 100.0%)
1  ... 

Histogram: RendererScheduler.RendererMainThreadLoad5.Background.AfterFifthMinute recorded 276 samples, mean = 0.0 (flags = 0x41)
0  ------------------------------------------------------------------------O (276 = 100.0%)
1  ... 

Histogram: RendererScheduler.RendererMainThreadLoad5.Background.AfterFirstMinute recorded 516 samples, mean = 0.0 (flags = 0x41)
0  ------------------------------------------------------------------------O (516 = 100.0%)
1  ... 

Histogram: RendererScheduler.RendererMainThreadLoad5.Foreground recorded 588 samples, mean = 0.3 (flags = 0x41)
0   ------------------------------------------------------------------------O (582 = 99.0%)
1   O                                                                         (1 = 0.2%) {99.0%}
2   ... 
8   O                                                                         (1 = 0.2%) {99.1%}
9   ... 
29  O                                                                         (1 = 0.2%) {99.3%}
30  ... 
40  O                                                                         (1 = 0.2%) {99.5%}
41  ... 
51  O                                                                         (1 = 0.2%) {99.7%}
52  O                                                                         (1 = 0.2%) {99.8%}
53  ... 

Histogram: RendererScheduler.RendererMainThreadLoad5.Foreground.AfterFirstMinute recorded 516 samples, mean = 0.0 (flags = 0x41)
0  ------------------------------------------------------------------------O (516 = 100.0%)
1  ... 

Histogram: ReportingAndNEL.NumberOfLoadedNELPolicies recorded 1 samples, mean = 0.0 (flags = 0x41)
0  -O                                                                        (1 = 100.0%)
1  ... 

Histogram: ReportingAndNEL.NumberOfLoadedNELPolicies2 recorded 1 samples, mean = 0.0 (flags = 0x41)
0  -O                                                                        (1 = 100.0%)
1  ... 

Histogram: ReportingAndNEL.TimeInitializeDB recorded 1 samples, mean = 2.0 (flags = 0x41)
0  ... 
2  -O                                                                        (1 = 100.0%) {0.0%}
3  ... 

Histogram: ResourceScheduler.RequestQueuingDuration.Priority1 recorded 10 samples, mean = 0.0 (flags = 0x41)
0  ----------O                                                               (10 = 100.0%)
1  ... 

Histogram: ResourceScheduler.RequestQueuingDuration.Priority2 recorded 26 samples, mean = 0.0 (flags = 0x41)
0  --------------------------O                                               (26 = 100.0%)
1  ... 

Histogram: ResourceScheduler.RequestQueuingDuration.Priority3 recorded 1 samples, mean = 0.0 (flags = 0x41)
0  -O                                                                        (1 = 100.0%)
1  ... 

Histogram: ResourceScheduler.RequestQueuingDuration.Priority4 recorded 5 samples, mean = 0.0 (flags = 0x41)
0  -----O                                                                    (5 = 100.0%)
1  ... 

Histogram: ResourceScheduler.RequestQueuingDuration.Priority5 recorded 14 samples, mean = 0.0 (flags = 0x41)
0  --------------O                                                           (14 = 100.0%)
1  ... 

Histogram: SBClientPhishing.Classifier.Event recorded 2 samples, mean = 1.0 (flags = 0x41)
0  O                                                                         (0 = 0.0%)
1  --O                                                                       (2 = 100.0%) {0.0%}
2  ... 

Histogram: SBClientPhishing.HighConfidenceAllowlistCheckDuration recorded 1 samples, mean = 315.0 (flags = 0x41)
0    ... 
280  -O                                                                        (1 = 100.0%) {0.0%}
356  ... 

Histogram: SBClientPhishing.ImageEmbedder.Event recorded 2 samples, mean = 1.0 (flags = 0x41)
0  O                                                                         (0 = 0.0%)
1  --O                                                                       (2 = 100.0%) {0.0%}
2  ... 

Histogram: SBClientPhishing.LoadReportTimesFromPrefAtServiceCreationSuccessful recorded 1 samples, mean = 1.0 (flags = 0x41)
0  O                                                                         (0 = 0.0%)
1  -O                                                                        (1 = 100.0%) {0.0%}
2  O                                                                         (0 = 0.0%) {100.0%}

Histogram: SBClientPhishing.MatchHighConfidenceAllowlist recorded 1 samples, mean = 3.0 (flags = 0x41)
0  ... 
3  -O                                                                        (1 = 100.0%) {0.0%}
4  O                                                                         (0 = 0.0%) {100.0%}

Histogram: SBClientPhishing.MatchHighConfidenceAllowlist.TriggerModel recorded 1 samples, mean = 3.0 (flags = 0x41)
0  ... 
3  -O                                                                        (1 = 100.0%) {0.0%}
4  O                                                                         (0 = 0.0%) {100.0%}

Histogram: SBClientPhishing.PreClassificationCheckResult recorded 1 samples, mean = 3.0 (flags = 0x41)
0  ... 
3  -O                                                                        (1 = 100.0%) {0.0%}
4  ... 

Histogram: SBIRS.DroppedIncident recorded 1 samples, mean = 1.0 (flags = 0x41)
0  O                                                                         (0 = 0.0%)
1  -O                                                                        (1 = 100.0%) {0.0%}
2  ... 

Histogram: SBIRS.ReceivedIncident recorded 1 samples, mean = 1.0 (flags = 0x41)
0  O                                                                         (0 = 0.0%)
1  -O                                                                        (1 = 100.0%) {0.0%}
2  ... 

Histogram: SSL.Experimental.SubresourceResponse recorded 43 samples, mean = 0.0 (flags = 0x41)
0  -------------------------------------------O                              (43 = 100.0%)
1  ... 

Histogram: SafeBrowsing.AsyncCheck.CommittedNavigationIdsSize recorded 5 samples, mean = 1.6 (flags = 0x41)
0  -O                                                                        (1 = 20.0%)
1  -O                                                                        (1 = 20.0%) {20.0%}
2  --O                                                                       (2 = 40.0%) {40.0%}
3  -O                                                                        (1 = 20.0%) {80.0%}
4  ... 

Histogram: SafeBrowsing.BrowserThrottle.CheckerOnIOLifetime recorded 1 samples, mean = 4143.0 (flags = 0x41)
0     ... 
3900  -O                                                                        (1 = 100.0%) {0.0%}
4955  ... 

Histogram: SafeBrowsing.BrowserThrottle.IntervalBetweenStartAndProcess recorded 1 samples, mean = 4143.0 (flags = 0x41)
0     ... 
3553  -O                                                                        (1 = 100.0%) {0.0%}
4222  ... 

Histogram: SafeBrowsing.BrowserThrottle.IntervalBetweenStartAndProcess.FromNetwork recorded 1 samples, mean = 4143.0 (flags = 0x41)
0     ... 
3553  -O                                                                        (1 = 100.0%) {0.0%}
4222  ... 

Histogram: SafeBrowsing.BrowserThrottle.IsCheckCompletedOnProcessResponse recorded 1 samples, mean = 1.0 (flags = 0x41)
0  O                                                                         (0 = 0.0%)
1  -O                                                                        (1 = 100.0%) {0.0%}
2  O                                                                         (0 = 0.0%) {100.0%}

Histogram: SafeBrowsing.BrowserThrottle.RequestDestination recorded 1 samples, mean = 3.0 (flags = 0x41)
0  ... 
3  -O                                                                        (1 = 100.0%) {0.0%}
4  ... 

Histogram: SafeBrowsing.BrowserThrottle.RequestDestination.Checked recorded 1 samples, mean = 3.0 (flags = 0x41)
0  ... 
3  -O                                                                        (1 = 100.0%) {0.0%}
4  ... 

Histogram: SafeBrowsing.BrowserThrottle.TotalDelay2.FromNetwork recorded 1 samples, mean = 0.0 (flags = 0x41)
0  -O                                                                        (1 = 100.0%)
1  ... 

Histogram: SafeBrowsing.BrowserThrottle.TotalDelay2.HashPrefixDatabaseCheck recorded 2 samples, mean = 0.0 (flags = 0x41)
0  --O                                                                       (2 = 100.0%)
1  ... 

Histogram: SafeBrowsing.BrowserThrottle.WillProcessResponseCount recorded 1 samples, mean = 1.0 (flags = 0x41)
0  O                                                                         (0 = 0.0%)
1  -O                                                                        (1 = 100.0%) {0.0%}
2  ... 

Histogram: SafeBrowsing.CheckBrowseUrl.HasLocalMatch recorded 2 samples, mean = 1.0 (flags = 0x41)
0  O                                                                         (0 = 0.0%)
1  --O                                                                       (2 = 100.0%) {0.0%}
2  O                                                                         (0 = 0.0%) {100.0%}

Histogram: SafeBrowsing.CheckUrl.Action recorded 2 samples, mean = 0.0 (flags = 0x41)
0  --O                                                                       (2 = 100.0%)
1  ... 

Histogram: SafeBrowsing.CheckUrl.FirstRequestThreatType2 recorded 1 samples, mean = 1.0 (flags = 0x41)
0  O                                                                         (0 = 0.0%)
1  -O                                                                        (1 = 100.0%) {0.0%}
2  ... 

Histogram: SafeBrowsing.CheckUrl.FirstRequestThreatType2.LocalPVer4 recorded 1 samples, mean = 1.0 (flags = 0x41)
0  O                                                                         (0 = 0.0%)
1  -O                                                                        (1 = 100.0%) {0.0%}
2  ... 

Histogram: SafeBrowsing.CheckUrl.FirstRequestTimedOut recorded 1 samples, mean = 0.0 (flags = 0x41)
0  -O                                                                        (1 = 100.0%)
1  ... 

Histogram: SafeBrowsing.CheckUrl.FirstRequestTimedOut.LocalPVer4 recorded 1 samples, mean = 0.0 (flags = 0x41)
0  -O                                                                        (1 = 100.0%)
1  ... 

Histogram: SafeBrowsing.CheckUrl.IsDocumentCheckPrefetch recorded 2 samples, mean = 0.0 (flags = 0x41)
0  --O                                                                       (2 = 100.0%)
1  ... 

Histogram: SafeBrowsing.CheckUrl.TimeTaken.HashDatabase recorded 2 samples, mean = 1564.0 (flags = 0x41)
0     ... 
4     -O                                                                        (1 = 50.0%) {0.0%}
5     ... 
2990  -O                                                                        (1 = 50.0%) {50.0%}
3553  ... 

Histogram: SafeBrowsing.CheckUrl.Timeout recorded 2 samples, mean = 0.0 (flags = 0x41)
0  --O                                                                       (2 = 100.0%)
1  ... 

Histogram: SafeBrowsing.CheckUrl.UrlScheme recorded 2 samples, mean = 10.0 (flags = 0x41)
0   ... 
10  --O                                                                       (2 = 100.0%) {0.0%}
11  ... 

Histogram: SafeBrowsing.ClientSidePhishingDetection.AllowlistMatchResult recorded 1 samples, mean = 1.0 (flags = 0x41)
0  O                                                                         (0 = 0.0%)
1  -O                                                                        (1 = 100.0%) {0.0%}
2  ... 

Histogram: SafeBrowsing.Daily.BypassCountLast28Days.StandardProtection.AllEvents recorded 1 samples, mean = 0.0 (flags = 0x41)
0  -O                                                                        (1 = 100.0%)
1  ... 

Histogram: SafeBrowsing.Daily.SecuritySensitiveCountLast28Days.StandardProtection.AllEvents recorded 1 samples, mean = 0.0 (flags = 0x41)
0  -O                                                                        (1 = 100.0%)
1  ... 

Histogram: SafeBrowsing.FileTypeUpdate.DynamicUpdateResult recorded 1 samples (flags = 0x41)
1  -O                                                                        (1 = 100.0%)

Histogram: SafeBrowsing.FileTypeUpdate.DynamicUpdateVersion recorded 1 samples (flags = 0x41)
69  -O                                                                        (1 = 100.0%)

Histogram: SafeBrowsing.FileTypeUpdate.ResourceBundleResult recorded 1 samples (flags = 0x41)
1  -O                                                                        (1 = 100.0%)

Histogram: SafeBrowsing.FileTypeUpdate.ResourceBundleVersion recorded 1 samples (flags = 0x41)
66  -O                                                                        (1 = 100.0%)

Histogram: SafeBrowsing.HPRT.Cache.FullHashCount recorded 2 samples, mean = 0.0 (flags = 0x41)
0  --O                                                                       (2 = 100.0%)
1  ... 

Histogram: SafeBrowsing.HPRT.Cache.HashPrefixCount recorded 2 samples, mean = 0.0 (flags = 0x41)
0  --O                                                                       (2 = 100.0%)
1  ... 

Histogram: SafeBrowsing.HPRT.Ineligible.FeatureOff recorded 1 samples, mean = 0.0 (flags = 0x41)
0  -O                                                                        (1 = 100.0%)
1  ... 

Histogram: SafeBrowsing.HPRT.Ineligible.IneligibleForLocation recorded 1 samples, mean = 0.0 (flags = 0x41)
0  -O                                                                        (1 = 100.0%)
1  ... 

Histogram: SafeBrowsing.HPRT.Ineligible.IneligibleForSessionOrLocation recorded 1 samples, mean = 1.0 (flags = 0x41)
0  O                                                                         (0 = 0.0%)
1  -O                                                                        (1 = 100.0%) {0.0%}
2  O                                                                         (0 = 0.0%) {100.0%}

Histogram: SafeBrowsing.HPRT.Ineligible.NoGoogleChromeBranding recorded 1 samples, mean = 1.0 (flags = 0x41)
0  O                                                                         (0 = 0.0%)
1  -O                                                                        (1 = 100.0%) {0.0%}
2  O                                                                         (0 = 0.0%) {100.0%}

Histogram: SafeBrowsing.HPRT.Ineligible.NotAllowedByPolicy recorded 1 samples, mean = 0.0 (flags = 0x41)
0  -O                                                                        (1 = 100.0%)
1  ... 

Histogram: SafeBrowsing.HPRT.Ineligible.NotStandardProtection recorded 1 samples, mean = 0.0 (flags = 0x41)
0  -O                                                                        (1 = 100.0%)
1  ... 

Histogram: SafeBrowsing.HPRT.Ineligible.OffTheRecord recorded 1 samples, mean = 0.0 (flags = 0x41)
0  -O                                                                        (1 = 100.0%)
1  ... 

Histogram: SafeBrowsing.HasCookieAtStartup2 recorded 1 samples, mean = 0.0 (flags = 0x41)
0  -O                                                                        (1 = 100.0%)
1  ... 

Histogram: SafeBrowsing.PageLoadToken.TokenCount recorded 2 samples, mean = 0.0 (flags = 0x41)
0  --O                                                                       (2 = 100.0%)
1  ... 

Histogram: SafeBrowsing.Pref.Daily.Extended recorded 1 samples, mean = 0.0 (flags = 0x41)
0  -O                                                                        (1 = 100.0%)
1  ... 

Histogram: SafeBrowsing.Pref.Daily.PasswordLeakToggle recorded 1 samples, mean = 1.0 (flags = 0x41)
0  O                                                                         (0 = 0.0%)
1  -O                                                                        (1 = 100.0%) {0.0%}
2  O                                                                         (0 = 0.0%) {100.0%}

Histogram: SafeBrowsing.Pref.Daily.SafeBrowsingModeManaged recorded 1 samples, mean = 0.0 (flags = 0x41)
0  -O                                                                        (1 = 100.0%)
1  ... 

Histogram: SafeBrowsing.Pref.Daily.SafeBrowsingState recorded 1 samples, mean = 1.0 (flags = 0x41)
0  O                                                                         (0 = 0.0%)
1  -O                                                                        (1 = 100.0%) {0.0%}
2  ... 

Histogram: SafeBrowsing.Pref.Enhanced recorded 1 samples, mean = 0.0 (flags = 0x41)
0  -O                                                                        (1 = 100.0%)
1  ... 

Histogram: SafeBrowsing.Pref.Enhanced.RegularProfile recorded 1 samples, mean = 0.0 (flags = 0x41)
0  -O                                                                        (1 = 100.0%)
1  ... 

Histogram: SafeBrowsing.Pref.Extended recorded 1 samples, mean = 0.0 (flags = 0x41)
0  -O                                                                        (1 = 100.0%)
1  ... 

Histogram: SafeBrowsing.Pref.General recorded 1 samples, mean = 1.0 (flags = 0x41)
0  O                                                                         (0 = 0.0%)
1  -O                                                                        (1 = 100.0%) {0.0%}
2  O                                                                         (0 = 0.0%) {100.0%}

Histogram: SafeBrowsing.RT.CacheManager.CleanUpTime recorded 2 samples, mean = 0.5 (flags = 0x41)
0  -O                                                                        (1 = 50.0%)
1  -O                                                                        (1 = 50.0%) {50.0%}
2  ... 

Histogram: SafeBrowsing.RT.CanCheckDatabase recorded 2 samples, mean = 1.0 (flags = 0x41)
0  O                                                                         (0 = 0.0%)
1  --O                                                                       (2 = 100.0%) {0.0%}
2  O                                                                         (0 = 0.0%) {100.0%}

Histogram: SafeBrowsing.RT.ConsumerVersionReason recorded 2 samples, mean = 1.0 (flags = 0x41)
0  -O                                                                        (1 = 50.0%)
1  O                                                                         (0 = 0.0%) {50.0%}
2  -O                                                                        (1 = 50.0%) {50.0%}
3  ... 

Histogram: SafeBrowsing.RendererThrottle.IsCheckCompletedOnProcessResponse recorded 43 samples, mean = 1.0 (flags = 0x41)
0  O                                                                         (0 = 0.0%)
1  -------------------------------------------O                              (43 = 100.0%) {0.0%}
2  O                                                                         (0 = 0.0%) {100.0%}

Histogram: SafeBrowsing.RendererThrottle.RequestDestination recorded 43 samples, mean = 11.1 (flags = 0x41)
0   ----O                                                                     (4 = 9.3%)
1   ... 
5   -----O                                                                    (5 = 11.6%) {9.3%}
6   ... 
8   --O                                                                       (2 = 4.7%) {20.9%}
9   -O                                                                        (1 = 2.3%) {25.6%}
10  ... 
13  -----------------------O                                                  (23 = 53.5%) {27.9%}
14  ... 
16  --------O                                                                 (8 = 18.6%) {81.4%}
17  ... 

Histogram: SafeBrowsing.V4Database.Size recorded 1 samples, mean = 0.0 (flags = 0x41)
0  -O                                                                        (1 = 100.0%)
1  ... 

Histogram: SafeBrowsing.V4Database.Size.ChromeExtMalware recorded 1 samples, mean = 0.0 (flags = 0x41)
0  -O                                                                        (1 = 100.0%)
1  ... 

Histogram: SafeBrowsing.V4Database.Size.UrlBilling recorded 1 samples, mean = 0.0 (flags = 0x41)
0  -O                                                                        (1 = 100.0%)
1  ... 

Histogram: SafeBrowsing.V4Database.Size.UrlCsdDownloadAllowlist recorded 1 samples, mean = 0.0 (flags = 0x41)
0  -O                                                                        (1 = 100.0%)
1  ... 

Histogram: SafeBrowsing.V4Database.Size.UrlMalBin recorded 1 samples, mean = 0.0 (flags = 0x41)
0  -O                                                                        (1 = 100.0%)
1  ... 

Histogram: SafeBrowsing.V4Database.Size.UrlMalware recorded 1 samples, mean = 0.0 (flags = 0x41)
0  -O                                                                        (1 = 100.0%)
1  ... 

Histogram: SafeBrowsing.V4Database.Size.UrlSoceng recorded 1 samples, mean = 0.0 (flags = 0x41)
0  -O                                                                        (1 = 100.0%)
1  ... 

Histogram: SafeBrowsing.V4Database.Size.UrlUws recorded 1 samples, mean = 0.0 (flags = 0x41)
0  -O                                                                        (1 = 100.0%)
1  ... 

Histogram: SafeBrowsing.V4Database.SizeLinear recorded 1 samples, mean = 0.0 (flags = 0x41)
0  -O                                                                        (1 = 100.0%)
1  ... 

Histogram: SafeBrowsing.V4Database.SizeLinear.ChromeExtMalware recorded 1 samples, mean = 0.0 (flags = 0x41)
0  -O                                                                        (1 = 100.0%)
1  ... 

Histogram: SafeBrowsing.V4Database.SizeLinear.UrlMalBin recorded 1 samples, mean = 0.0 (flags = 0x41)
0  -O                                                                        (1 = 100.0%)
1  ... 

Histogram: SafeBrowsing.V4Database.SizeLinear.UrlSoceng recorded 1 samples, mean = 0.0 (flags = 0x41)
0  -O                                                                        (1 = 100.0%)
1  ... 

Histogram: SafeBrowsing.V4DatabaseInitializationTime recorded 1 samples, mean = 6613.0 (flags = 0x41)
0     ... 
5961  -O                                                                        (1 = 100.0%) {0.0%}
7083  ... 

Histogram: SafeBrowsing.V4Store.IsStoreValid recorded 7 samples, mean = 0.0 (flags = 0x41)
0  -------O                                                                  (7 = 100.0%)
1  ... 

Histogram: SafeBrowsing.V4Store.IsStoreValid.ChromeExtMalware recorded 1 samples, mean = 0.0 (flags = 0x41)
0  -O                                                                        (1 = 100.0%)
1  ... 

Histogram: SafeBrowsing.V4Store.IsStoreValid.UrlBilling recorded 1 samples, mean = 0.0 (flags = 0x41)
0  -O                                                                        (1 = 100.0%)
1  ... 

Histogram: SafeBrowsing.V4Store.IsStoreValid.UrlCsdDownloadAllowlist recorded 1 samples, mean = 0.0 (flags = 0x41)
0  -O                                                                        (1 = 100.0%)
1  ... 

Histogram: SafeBrowsing.V4Store.IsStoreValid.UrlMalBin recorded 1 samples, mean = 0.0 (flags = 0x41)
0  -O                                                                        (1 = 100.0%)
1  ... 

Histogram: SafeBrowsing.V4Store.IsStoreValid.UrlMalware recorded 1 samples, mean = 0.0 (flags = 0x41)
0  -O                                                                        (1 = 100.0%)
1  ... 

Histogram: SafeBrowsing.V4Store.IsStoreValid.UrlSoceng recorded 1 samples, mean = 0.0 (flags = 0x41)
0  -O                                                                        (1 = 100.0%)
1  ... 

Histogram: SafeBrowsing.V4Store.IsStoreValid.UrlUws recorded 1 samples, mean = 0.0 (flags = 0x41)
0  -O                                                                        (1 = 100.0%)
1  ... 

Histogram: SafeBrowsing.V4Store.ReadyOnStartup recorded 7 samples, mean = 0.0 (flags = 0x41)
0  -------O                                                                  (7 = 100.0%)
1  ... 

Histogram: SafeBrowsing.V4StoreRead.Result recorded 7 samples, mean = 2.0 (flags = 0x41)
0  ... 
2  -------O                                                                  (7 = 100.0%) {0.0%}
3  ... 

Histogram: SafeBrowsing.V4Update.Network.Result recorded 1 samples (flags = 0x41)
400  -O                                                                        (1 = 100.0%)

Histogram: SafeBrowsing.V4Update.Result recorded 1 samples, mean = 2.0 (flags = 0x41)
0  ... 
2  -O                                                                        (1 = 100.0%) {0.0%}
3  ... 

Histogram: Scheduling.MessagePumpTimeKeeper.BrowserIO recorded 0 samples (flags = 0x41)
0 ... 

Histogram: Scheduling.MessagePumpTimeKeeper.BrowserUI recorded 0 samples (flags = 0x41)
0 ... 

Histogram: Scheduling.ThreadController.ActiveIntervalDuration.Any.BrowserUI recorded 45 samples, mean = 0.0 (flags = 0x41)
0  ---------------------------------------------O                            (45 = 100.0%)
1  ... 

Histogram: Scheduling.ThreadController.ActiveIntervalDuration.Any.Other recorded 18 samples, mean = 0.0 (flags = 0x41)
0  ------------------O                                                       (18 = 100.0%)
1  ... 

Histogram: Scheduling.ThreadController.ActiveIntervalDuration.Short.BrowserUI recorded 45 samples, mean = 0.7 (flags = 0x41)
0  --------------O                                                           (14 = 31.1%)
1  -----------------------------O                                            (29 = 64.4%) {31.1%}
2  --O                                                                       (2 = 4.4%) {95.6%}
3  ... 

Histogram: Scheduling.ThreadController.ActiveIntervalDuration.Short.Other recorded 18 samples, mean = 47.2 (flags = 0x41)
0    ... 
5    --O                                                                       (2 = 11.1%) {0.0%}
6    ---O                                                                      (3 = 16.7%) {11.1%}
7    ---O                                                                      (3 = 16.7%) {27.8%}
8    -O                                                                        (1 = 5.6%) {44.4%}
9    ... 
15   -O                                                                        (1 = 5.6%) {50.0%}
16   ... 
37   -O                                                                        (1 = 5.6%) {55.6%}
39   ... 
49   -O                                                                        (1 = 5.6%) {61.1%}
52   -O                                                                        (1 = 5.6%) {66.7%}
55   ... 
70   -O                                                                        (1 = 5.6%) {72.2%}
74   -O                                                                        (1 = 5.6%) {77.8%}
78   ... 
86   -O                                                                        (1 = 5.6%) {83.3%}
90   ... 
122  -O                                                                        (1 = 5.6%) {88.9%}
128  ... 
271  -O                                                                        (1 = 5.6%) {94.4%}
285  ... 

Histogram: Scheduling.ThreadController.ActiveIntervalOffCpuDuration.Any.BrowserUI recorded 45 samples, mean = 0.0 (flags = 0x41)
0  ---------------------------------------------O                            (45 = 100.0%)
1  ... 

Histogram: Scheduling.ThreadController.ActiveIntervalOffCpuDuration.Any.Other recorded 18 samples, mean = 0.0 (flags = 0x41)
0  ------------------O                                                       (18 = 100.0%)
1  ... 

Histogram: Scheduling.ThreadController.ActiveIntervalOffCpuDuration.Short.BrowserUI recorded 45 samples, mean = 0.4 (flags = 0x41)
0  ----------------------------O                                             (28 = 62.2%)
1  ----------------O                                                         (16 = 35.6%) {62.2%}
2  -O                                                                        (1 = 2.2%) {97.8%}
3  ... 

Histogram: Scheduling.ThreadController.ActiveIntervalOffCpuDuration.Short.Other recorded 18 samples, mean = 16.3 (flags = 0x41)
0    --O                                                                       (2 = 11.1%)
1    ----------O                                                               (10 = 55.6%) {11.1%}
2    -----O                                                                    (5 = 27.8%) {66.7%}
3    ... 
271  -O                                                                        (1 = 5.6%) {94.4%}
285  ... 

Histogram: Scheduling.ThreadController.ActiveIntervalOnCpuDuration.Any.BrowserUI recorded 45 samples, mean = 0.0 (flags = 0x41)
0  ---------------------------------------------O                            (45 = 100.0%)
1  ... 

Histogram: Scheduling.ThreadController.ActiveIntervalOnCpuDuration.Any.Other recorded 18 samples, mean = 0.0 (flags = 0x41)
0  ------------------O                                                       (18 = 100.0%)
1  ... 

Histogram: Scheduling.ThreadController.ActiveIntervalOnCpuDuration.Short.BrowserUI recorded 45 samples, mean = 0.3 (flags = 0x41)
0  ------------------------------O                                           (30 = 66.7%)
1  ---------------O                                                          (15 = 33.3%) {66.7%}
2  ... 

Histogram: Scheduling.ThreadController.ActiveIntervalOnCpuDuration.Short.Other recorded 18 samples, mean = 30.9 (flags = 0x41)
0    -O                                                                        (1 = 5.6%)
1    ... 
4    --O                                                                       (2 = 11.1%) {5.6%}
5    ----O                                                                     (4 = 22.2%) {16.7%}
6    ---O                                                                      (3 = 16.7%) {38.9%}
7    ... 
14   -O                                                                        (1 = 5.6%) {55.6%}
15   ... 
35   -O                                                                        (1 = 5.6%) {61.1%}
37   ... 
47   -O                                                                        (1 = 5.6%) {66.7%}
49   O                                                                         (0 = 0.0%) {72.2%}
52   -O                                                                        (1 = 5.6%) {72.2%}
55   ... 
70   -O                                                                        (1 = 5.6%) {77.8%}
74   -O                                                                        (1 = 5.6%) {83.3%}
78   ... 
86   -O                                                                        (1 = 5.6%) {88.9%}
90   ... 
122  -O                                                                        (1 = 5.6%) {94.4%}
128  ... 

Histogram: Scheduling.ThreadController.ActiveIntervalOnCpuPercentage.Any.BrowserUI recorded 45 samples, mean = 63.3 (flags = 0x41)
0    ----------------O                                                         (16 = 35.6%)
1    ... 
50   -O                                                                        (1 = 2.2%) {35.6%}
51   ... 
100  ----------------------------O                                             (28 = 62.2%) {37.8%}
101  O                                                                         (0 = 0.0%) {100.0%}

Histogram: Scheduling.ThreadController.ActiveIntervalOnCpuPercentage.Any.Other recorded 18 samples, mean = 83.3 (flags = 0x41)
0    -O                                                                        (1 = 5.6%)
1    ... 
71   -O                                                                        (1 = 5.6%) {5.6%}
72   ... 
75   -O                                                                        (1 = 5.6%) {11.1%}
76   ... 
80   --O                                                                       (2 = 11.1%) {16.7%}
81   ... 
83   ---O                                                                      (3 = 16.7%) {27.8%}
84   O                                                                         (0 = 0.0%) {44.4%}
85   --O                                                                       (2 = 11.1%) {44.4%}
86   ... 
93   -O                                                                        (1 = 5.6%) {55.6%}
94   -O                                                                        (1 = 5.6%) {61.1%}
95   O                                                                         (0 = 0.0%) {66.7%}
96   -O                                                                        (1 = 5.6%) {66.7%}
97   --O                                                                       (2 = 11.1%) {72.2%}
98   -O                                                                        (1 = 5.6%) {83.3%}
99   O                                                                         (0 = 0.0%) {88.9%}
100  --O                                                                       (2 = 11.1%) {88.9%}
101  O                                                                         (0 = 0.0%) {100.0%}

Histogram: Scheduling.ThreadController.ActiveIntervalOnCpuPercentage.Short.BrowserUI recorded 45 samples, mean = 63.3 (flags = 0x41)
0    ----------------O                                                         (16 = 35.6%)
1    ... 
50   -O                                                                        (1 = 2.2%) {35.6%}
51   ... 
100  ----------------------------O                                             (28 = 62.2%) {37.8%}
101  O                                                                         (0 = 0.0%) {100.0%}

Histogram: Scheduling.ThreadController.ActiveIntervalOnCpuPercentage.Short.Other recorded 18 samples, mean = 83.3 (flags = 0x41)
0    -O                                                                        (1 = 5.6%)
1    ... 
71   -O                                                                        (1 = 5.6%) {5.6%}
72   ... 
75   -O                                                                        (1 = 5.6%) {11.1%}
76   ... 
80   --O                                                                       (2 = 11.1%) {16.7%}
81   ... 
83   ---O                                                                      (3 = 16.7%) {27.8%}
84   O                                                                         (0 = 0.0%) {44.4%}
85   --O                                                                       (2 = 11.1%) {44.4%}
86   ... 
93   -O                                                                        (1 = 5.6%) {55.6%}
94   -O                                                                        (1 = 5.6%) {61.1%}
95   O                                                                         (0 = 0.0%) {66.7%}
96   -O                                                                        (1 = 5.6%) {66.7%}
97   --O                                                                       (2 = 11.1%) {72.2%}
98   -O                                                                        (1 = 5.6%) {83.3%}
99   O                                                                         (0 = 0.0%) {88.9%}
100  --O                                                                       (2 = 11.1%) {88.9%}
101  O                                                                         (0 = 0.0%) {100.0%}

Histogram: Scheduling.ThreadController.IdleDuration.Any.BrowserUI recorded 45 samples, mean = 0.0 (flags = 0x41)
0  ---------------------------------------------O                            (45 = 100.0%)
1  ... 

Histogram: Scheduling.ThreadController.IdleDuration.Any.Other recorded 10 samples, mean = 714.8 (flags = 0x41)
0     ---O                                                                      (3 = 30.0%)
1     O                                                                         (0 = 0.0%) {30.0%}
2     -O                                                                        (1 = 10.0%) {30.0%}
3     ... 
14    -O                                                                        (1 = 10.0%) {40.0%}
17    ... 
114   -O                                                                        (1 = 10.0%) {50.0%}
135   ... 
894   ---O                                                                      (3 = 30.0%) {60.0%}
1062  ... 
3553  -O                                                                        (1 = 10.0%) {90.0%}
4222  ... 

Histogram: Scheduling.ThreadController.IdleDuration.Medium.Other recorded 2 samples, mean = 8.0 (flags = 0x41)
0   ... 
2   -O                                                                        (1 = 50.0%) {0.0%}
3   ... 
14  -O                                                                        (1 = 50.0%) {50.0%}
15  ... 

Histogram: Scheduling.ThreadController.IdleDuration.Short.BrowserUI recorded 45 samples, mean = 4.3 (flags = 0x41)
0   ... 
2   ------O                                                                   (6 = 13.3%) {0.0%}
3   ------------------------------O                                           (30 = 66.7%) {13.3%}
4   ----O                                                                     (4 = 8.9%) {80.0%}
5   -O                                                                        (1 = 2.2%) {88.9%}
6   O                                                                         (0 = 0.0%) {91.1%}
7   -O                                                                        (1 = 2.2%) {91.1%}
8   -O                                                                        (1 = 2.2%) {93.3%}
9   -O                                                                        (1 = 2.2%) {95.6%}
10  ... 
45  -O                                                                        (1 = 2.2%) {97.8%}
47  ... 

Histogram: Scheduling.ThreadController.IdleDuration.Short.Other recorded 3 samples, mean = 57.7 (flags = 0x41)
0   ... 
47  -O                                                                        (1 = 33.3%) {0.0%}
49  ... 
58  -O                                                                        (1 = 33.3%) {33.3%}
61  ... 
67  -O                                                                        (1 = 33.3%) {66.7%}
70  ... 

Histogram: Search.ChoiceReprompt recorded 1 samples, mean = 6.0 (flags = 0x41)
0  ... 
6  -O                                                                        (1 = 100.0%) {0.0%}
7  O                                                                         (0 = 0.0%) {100.0%}

Histogram: Search.DefaultSearchProviderType2 recorded 1 samples, mean = 14.0 (flags = 0x41)
0   ... 
14  -O                                                                        (1 = 100.0%) {0.0%}
15  ... 

Histogram: Search.SearchProviderOverrideStatus recorded 2 samples, mean = 0.0 (flags = 0x41)
0  --O                                                                       (2 = 100.0%)
1  ... 

Histogram: Security.GwpAsan.Activated.Malloc.Browser recorded 1 samples, mean = 0.0 (flags = 0x41)
0  -O                                                                        (1 = 100.0%)
1  ... 

Histogram: Security.GwpAsan.Activated.PartitionAlloc.Browser recorded 1 samples, mean = 0.0 (flags = 0x41)
0  -O                                                                        (1 = 100.0%)
1  ... 

Histogram: Security.HttpsFirstMode.SettingEnabledAtStartup recorded 1 samples, mean = 0.0 (flags = 0x41)
0  -O                                                                        (1 = 100.0%)
1  ... 

Histogram: Security.JSONParser.ChromiumExtensionUsage recorded 1 samples, mean = 1.0 (flags = 0x41)
0  O                                                                         (0 = 0.0%)
1  -O                                                                        (1 = 100.0%) {0.0%}
2  ... 

Histogram: Security.JSONParser.ParsingTime recorded 124 samples, mean = 20.1 (flags = 0x41)
0     --------------O                                                           (14 = 11.3%)
1     -----------------------------------------------------O                    (53 = 42.7%) {11.3%}
2     ------------O                                                             (12 = 9.7%) {54.0%}
3     --O                                                                       (2 = 1.6%) {63.7%}
4     -O                                                                        (1 = 0.8%) {65.3%}
5     -----------O                                                              (11 = 8.9%) {66.1%}
7     ---------O                                                                (9 = 7.3%) {75.0%}
9     ------O                                                                   (6 = 4.8%) {82.3%}
12    -O                                                                        (1 = 0.8%) {87.1%}
16    --O                                                                       (2 = 1.6%) {87.9%}
21    -O                                                                        (1 = 0.8%) {89.5%}
28    ---O                                                                      (3 = 2.4%) {90.3%}
37    -O                                                                        (1 = 0.8%) {92.7%}
49    O                                                                         (0 = 0.0%) {93.5%}
65    ---O                                                                      (3 = 2.4%) {93.5%}
86    ---O                                                                      (3 = 2.4%) {96.0%}
113   ... 
258   -O                                                                        (1 = 0.8%) {98.4%}
340   ... 
1023  -O                                                                        (1 = 0.8%) {99.2%}
1347  ... 

Histogram: Security.NavigationRequestSecurityLevel recorded 2 samples, mean = 1.0 (flags = 0x41)
0  O                                                                         (0 = 0.0%)
1  --O                                                                       (2 = 100.0%) {0.0%}
2  ... 

Histogram: Security.PageEndReason.SECURE recorded 1 samples, mean = 6.0 (flags = 0x41)
0  ... 
6  -O                                                                        (1 = 100.0%) {0.0%}
7  ... 

Histogram: Security.PageEndReason.SafetyTip_None recorded 1 samples, mean = 6.0 (flags = 0x41)
0  ... 
6  -O                                                                        (1 = 100.0%) {0.0%}
7  ... 

Histogram: Security.PrivateNetworkAccess.CheckResult recorded 52 samples, mean = 2.2 (flags = 0x41)
0   ------------O                                                             (12 = 23.1%)
1   ---------------------------------O                                        (33 = 63.5%) {23.1%}
2   ... 
12  -------O                                                                  (7 = 13.5%) {86.5%}
13  O                                                                         (0 = 0.0%) {100.0%}

Histogram: Security.SCTAuditing.NumPersistedReportsLoaded recorded 1 samples, mean = 0.0 (flags = 0x41)
0  -O                                                                        (1 = 100.0%)
1  ... 

Histogram: Security.SafetyTips.GetReputationStatusWithEngagedSitesTime recorded 1 samples, mean = 6.0 (flags = 0x41)
0  ... 
6  -O                                                                        (1 = 100.0%) {0.0%}
7  ... 

Histogram: Security.SafetyTips.ReputationCheckComplete.DidFinishNavigation recorded 1 samples, mean = 1.0 (flags = 0x41)
0  O                                                                         (0 = 0.0%)
1  -O                                                                        (1 = 100.0%) {0.0%}
2  ... 

Histogram: Security.SafetyTips.SafetyTipShown recorded 1 samples, mean = 1.0 (flags = 0x41)
0  O                                                                         (0 = 0.0%)
1  -O                                                                        (1 = 100.0%) {0.0%}
2  ... 

Histogram: Security.SafetyTips.StatusWithInitiator.Unknown recorded 1 samples, mean = 1.0 (flags = 0x41)
0  O                                                                         (0 = 0.0%)
1  -O                                                                        (1 = 100.0%) {0.0%}
2  ... 

Histogram: Security.SecurityLevel.OnCommit recorded 1 samples, mean = 3.0 (flags = 0x41)
0  ... 
3  -O                                                                        (1 = 100.0%) {0.0%}
4  ... 

Histogram: Security.SecurityLevel.OnComplete recorded 1 samples, mean = 3.0 (flags = 0x41)
0  ... 
3  -O                                                                        (1 = 100.0%) {0.0%}
4  ... 

Histogram: Security.SiteEngagement.SECURE recorded 1 samples, mean = 12.0 (flags = 0x41)
0   ... 
12  -O                                                                        (1 = 100.0%) {0.0%}
13  ... 

Histogram: Security.SiteEngagement.SafetyTip_None recorded 1 samples, mean = 12.0 (flags = 0x41)
0   ... 
12  -O                                                                        (1 = 100.0%) {0.0%}
13  ... 

Histogram: Security.TimeOnPage2.SECURE recorded 1 samples, mean = 579548.0 (flags = 0x41)
0       ... 
557732  -O                                                                        (1 = 100.0%) {0.0%}
643760  ... 

Histogram: Security.TimeOnPage2.SafetyTip_None recorded 1 samples, mean = 579548.0 (flags = 0x41)
0       ... 
557732  -O                                                                        (1 = 100.0%) {0.0%}
643760  ... 

Histogram: SegmentationPlatform.ChromeLowUserEngagement.PostProcessing.TopLabel.Computed recorded 1 samples (flags = 0x41)
1  -O                                                                        (1 = 100.0%)

Histogram: SegmentationPlatform.ClassificationRequest.TotalDuration.DeviceSwitcher recorded 1 samples, mean = 67156.0 (flags = 0x41)
0      ... 
10000  -O                                                                        (1 = 100.0%) {0.0%}

Histogram: SegmentationPlatform.ClassificationRequest.TotalDuration.WebAppInstallationPromo recorded 1 samples, mean = 0.0 (flags = 0x41)
0  -O                                                                        (1 = 100.0%)
1  ... 

Histogram: SegmentationPlatform.CrossDeviceUser.PostProcessing.TopLabel.Computed recorded 1 samples (flags = 0x41)
-1 -O                                                                        (1 = 100.0%)

Histogram: SegmentationPlatform.Database.AddUmaMetric recorded 1 samples, mean = 0.0 (flags = 0x41)
0  -O                                                                        (1 = 100.0%)
1  ... 

Histogram: SegmentationPlatform.Database.RunReadOnlyQueries recorded 1 samples, mean = 0.0 (flags = 0x41)
0  -O                                                                        (1 = 100.0%)
1  ... 

Histogram: SegmentationPlatform.Database.StoreUkmEntry recorded 7 samples, mean = 0.0 (flags = 0x41)
0  -------O                                                                  (7 = 100.0%)
1  ... 

Histogram: SegmentationPlatform.Database.UpdateUrlForUkmSource recorded 6 samples, mean = 0.2 (flags = 0x41)
0  -----O                                                                    (5 = 83.3%)
1  -O                                                                        (1 = 16.7%) {83.3%}
2  ... 

Histogram: SegmentationPlatform.DefaultModelDelivery.Metadata.FeatureCount.ChromeLowUserEngagement recorded 1 samples, mean = 1.0 (flags = 0x41)
0  O                                                                         (0 = 0.0%)
1  -O                                                                        (1 = 100.0%) {0.0%}
2  ... 

Histogram: SegmentationPlatform.DefaultModelDelivery.Metadata.FeatureCount.ComposePromotion recorded 1 samples, mean = 1.0 (flags = 0x41)
0  O                                                                         (0 = 0.0%)
1  -O                                                                        (1 = 100.0%) {0.0%}
2  ... 

Histogram: SegmentationPlatform.DefaultModelDelivery.Metadata.FeatureCount.CrossDeviceUserSegment recorded 1 samples, mean = 4.0 (flags = 0x41)
0  ... 
4  -O                                                                        (1 = 100.0%) {0.0%}
5  ... 

Histogram: SegmentationPlatform.DefaultModelDelivery.Metadata.FeatureCount.DatabaseApiClients recorded 1 samples, mean = 3.0 (flags = 0x41)
0  ... 
3  -O                                                                        (1 = 100.0%) {0.0%}
4  ... 

Histogram: SegmentationPlatform.DefaultModelDelivery.Metadata.FeatureCount.DeviceSwitcher recorded 1 samples, mean = 1.0 (flags = 0x41)
0  O                                                                         (0 = 0.0%)
1  -O                                                                        (1 = 100.0%) {0.0%}
2  ... 

Histogram: SegmentationPlatform.DefaultModelDelivery.Metadata.FeatureCount.PasswordManagerUser recorded 1 samples, mean = 7.0 (flags = 0x41)
0  ... 
7  -O                                                                        (1 = 100.0%) {0.0%}
8  ... 

Histogram: SegmentationPlatform.DefaultModelDelivery.Metadata.FeatureCount.ResumeHeavyUserSegment recorded 1 samples, mean = 5.0 (flags = 0x41)
0  ... 
5  -O                                                                        (1 = 100.0%) {0.0%}
6  ... 

Histogram: SegmentationPlatform.DefaultModelDelivery.Metadata.FeatureCount.SearchUser recorded 1 samples, mean = 2.0 (flags = 0x41)
0  ... 
2  -O                                                                        (1 = 100.0%) {0.0%}
3  ... 

Histogram: SegmentationPlatform.DefaultModelDelivery.Metadata.FeatureCount.ShoppingUser recorded 1 samples, mean = 2.0 (flags = 0x41)
0  ... 
2  -O                                                                        (1 = 100.0%) {0.0%}
3  ... 

Histogram: SegmentationPlatform.DefaultModelDelivery.Metadata.FeatureCount.UrlVisitResumptionRanker recorded 1 samples, mean = 23.0 (flags = 0x41)
0   ... 
23  -O                                                                        (1 = 100.0%) {0.0%}
26  ... 

Histogram: SegmentationPlatform.DefaultModelDelivery.Metadata.Validation.Processed.ChromeLowUserEngagement recorded 1 samples, mean = 0.0 (flags = 0x41)
0  -O                                                                        (1 = 100.0%)
1  ... 

Histogram: SegmentationPlatform.DefaultModelDelivery.Metadata.Validation.Processed.ComposePromotion recorded 1 samples, mean = 0.0 (flags = 0x41)
0  -O                                                                        (1 = 100.0%)
1  ... 

Histogram: SegmentationPlatform.DefaultModelDelivery.Metadata.Validation.Processed.CrossDeviceUserSegment recorded 1 samples, mean = 0.0 (flags = 0x41)
0  -O                                                                        (1 = 100.0%)
1  ... 

Histogram: SegmentationPlatform.DefaultModelDelivery.Metadata.Validation.Processed.DatabaseApiClients recorded 1 samples, mean = 0.0 (flags = 0x41)
0  -O                                                                        (1 = 100.0%)
1  ... 

Histogram: SegmentationPlatform.DefaultModelDelivery.Metadata.Validation.Processed.DeviceSwitcher recorded 1 samples, mean = 0.0 (flags = 0x41)
0  -O                                                                        (1 = 100.0%)
1  ... 

Histogram: SegmentationPlatform.DefaultModelDelivery.Metadata.Validation.Processed.PasswordManagerUser recorded 1 samples, mean = 0.0 (flags = 0x41)
0  -O                                                                        (1 = 100.0%)
1  ... 

Histogram: SegmentationPlatform.DefaultModelDelivery.Metadata.Validation.Processed.ResumeHeavyUserSegment recorded 1 samples, mean = 0.0 (flags = 0x41)
0  -O                                                                        (1 = 100.0%)
1  ... 

Histogram: SegmentationPlatform.DefaultModelDelivery.Metadata.Validation.Processed.SearchUser recorded 1 samples, mean = 0.0 (flags = 0x41)
0  -O                                                                        (1 = 100.0%)
1  ... 

Histogram: SegmentationPlatform.DefaultModelDelivery.Metadata.Validation.Processed.ShoppingUser recorded 1 samples, mean = 0.0 (flags = 0x41)
0  -O                                                                        (1 = 100.0%)
1  ... 

Histogram: SegmentationPlatform.DefaultModelDelivery.Metadata.Validation.Processed.UrlVisitResumptionRanker recorded 1 samples, mean = 0.0 (flags = 0x41)
0  -O                                                                        (1 = 100.0%)
1  ... 

Histogram: SegmentationPlatform.DefaultModelDelivery.Received recorded 10 samples (flags = 0x41)
16    -O                                                                        (1 = 10.0%)
21    -O                                                                        (1 = 10.0%)
23    -O                                                                        (1 = 10.0%)
27    -O                                                                        (1 = 10.0%)
45    -O                                                                        (1 = 10.0%)
46    -O                                                                        (1 = 10.0%)
1001  -O                                                                        (1 = 10.0%)
1004  -O                                                                        (1 = 10.0%)
1007  -O                                                                        (1 = 10.0%)
1009  -O                                                                        (1 = 10.0%)

Histogram: SegmentationPlatform.DefaultModelDelivery.SaveResult.ChromeLowUserEngagement recorded 1 samples, mean = 1.0 (flags = 0x41)
0  O                                                                         (0 = 0.0%)
1  -O                                                                        (1 = 100.0%) {0.0%}
2  O                                                                         (0 = 0.0%) {100.0%}

Histogram: SegmentationPlatform.DefaultModelDelivery.SaveResult.ComposePromotion recorded 1 samples, mean = 1.0 (flags = 0x41)
0  O                                                                         (0 = 0.0%)
1  -O                                                                        (1 = 100.0%) {0.0%}
2  O                                                                         (0 = 0.0%) {100.0%}

Histogram: SegmentationPlatform.DefaultModelDelivery.SaveResult.CrossDeviceUserSegment recorded 1 samples, mean = 1.0 (flags = 0x41)
0  O                                                                         (0 = 0.0%)
1  -O                                                                        (1 = 100.0%) {0.0%}
2  O                                                                         (0 = 0.0%) {100.0%}

Histogram: SegmentationPlatform.DefaultModelDelivery.SaveResult.DatabaseApiClients recorded 1 samples, mean = 1.0 (flags = 0x41)
0  O                                                                         (0 = 0.0%)
1  -O                                                                        (1 = 100.0%) {0.0%}
2  O                                                                         (0 = 0.0%) {100.0%}

Histogram: SegmentationPlatform.DefaultModelDelivery.SaveResult.DeviceSwitcher recorded 1 samples, mean = 1.0 (flags = 0x41)
0  O                                                                         (0 = 0.0%)
1  -O                                                                        (1 = 100.0%) {0.0%}
2  O                                                                         (0 = 0.0%) {100.0%}

Histogram: SegmentationPlatform.DefaultModelDelivery.SaveResult.PasswordManagerUser recorded 1 samples, mean = 1.0 (flags = 0x41)
0  O                                                                         (0 = 0.0%)
1  -O                                                                        (1 = 100.0%) {0.0%}
2  O                                                                         (0 = 0.0%) {100.0%}

Histogram: SegmentationPlatform.DefaultModelDelivery.SaveResult.ResumeHeavyUserSegment recorded 1 samples, mean = 1.0 (flags = 0x41)
0  O                                                                         (0 = 0.0%)
1  -O                                                                        (1 = 100.0%) {0.0%}
2  O                                                                         (0 = 0.0%) {100.0%}

Histogram: SegmentationPlatform.DefaultModelDelivery.SaveResult.SearchUser recorded 1 samples, mean = 1.0 (flags = 0x41)
0  O                                                                         (0 = 0.0%)
1  -O                                                                        (1 = 100.0%) {0.0%}
2  O                                                                         (0 = 0.0%) {100.0%}

Histogram: SegmentationPlatform.DefaultModelDelivery.SaveResult.ShoppingUser recorded 1 samples, mean = 1.0 (flags = 0x41)
0  O                                                                         (0 = 0.0%)
1  -O                                                                        (1 = 100.0%) {0.0%}
2  O                                                                         (0 = 0.0%) {100.0%}

Histogram: SegmentationPlatform.DefaultModelDelivery.SaveResult.UrlVisitResumptionRanker recorded 1 samples, mean = 1.0 (flags = 0x41)
0  O                                                                         (0 = 0.0%)
1  -O                                                                        (1 = 100.0%) {0.0%}
2  O                                                                         (0 = 0.0%) {100.0%}

Histogram: SegmentationPlatform.DefaultModelDelivery.SegmentIdMatches.ChromeLowUserEngagement recorded 1 samples, mean = 1.0 (flags = 0x41)
0  O                                                                         (0 = 0.0%)
1  -O                                                                        (1 = 100.0%) {0.0%}
2  O                                                                         (0 = 0.0%) {100.0%}

Histogram: SegmentationPlatform.DefaultModelDelivery.SegmentIdMatches.ComposePromotion recorded 1 samples, mean = 1.0 (flags = 0x41)
0  O                                                                         (0 = 0.0%)
1  -O                                                                        (1 = 100.0%) {0.0%}
2  O                                                                         (0 = 0.0%) {100.0%}

Histogram: SegmentationPlatform.DefaultModelDelivery.SegmentIdMatches.CrossDeviceUserSegment recorded 1 samples, mean = 1.0 (flags = 0x41)
0  O                                                                         (0 = 0.0%)
1  -O                                                                        (1 = 100.0%) {0.0%}
2  O                                                                         (0 = 0.0%) {100.0%}

Histogram: SegmentationPlatform.DefaultModelDelivery.SegmentIdMatches.DatabaseApiClients recorded 1 samples, mean = 1.0 (flags = 0x41)
0  O                                                                         (0 = 0.0%)
1  -O                                                                        (1 = 100.0%) {0.0%}
2  O                                                                         (0 = 0.0%) {100.0%}

Histogram: SegmentationPlatform.DefaultModelDelivery.SegmentIdMatches.DeviceSwitcher recorded 1 samples, mean = 1.0 (flags = 0x41)
0  O                                                                         (0 = 0.0%)
1  -O                                                                        (1 = 100.0%) {0.0%}
2  O                                                                         (0 = 0.0%) {100.0%}

Histogram: SegmentationPlatform.DefaultModelDelivery.SegmentIdMatches.PasswordManagerUser recorded 1 samples, mean = 1.0 (flags = 0x41)
0  O                                                                         (0 = 0.0%)
1  -O                                                                        (1 = 100.0%) {0.0%}
2  O                                                                         (0 = 0.0%) {100.0%}

Histogram: SegmentationPlatform.DefaultModelDelivery.SegmentIdMatches.ResumeHeavyUserSegment recorded 1 samples, mean = 1.0 (flags = 0x41)
0  O                                                                         (0 = 0.0%)
1  -O                                                                        (1 = 100.0%) {0.0%}
2  O                                                                         (0 = 0.0%) {100.0%}

Histogram: SegmentationPlatform.DefaultModelDelivery.SegmentIdMatches.SearchUser recorded 1 samples, mean = 1.0 (flags = 0x41)
0  O                                                                         (0 = 0.0%)
1  -O                                                                        (1 = 100.0%) {0.0%}
2  O                                                                         (0 = 0.0%) {100.0%}

Histogram: SegmentationPlatform.DefaultModelDelivery.SegmentIdMatches.ShoppingUser recorded 1 samples, mean = 1.0 (flags = 0x41)
0  O                                                                         (0 = 0.0%)
1  -O                                                                        (1 = 100.0%) {0.0%}
2  O                                                                         (0 = 0.0%) {100.0%}

Histogram: SegmentationPlatform.DefaultModelDelivery.SegmentIdMatches.UrlVisitResumptionRanker recorded 1 samples, mean = 1.0 (flags = 0x41)
0  O                                                                         (0 = 0.0%)
1  -O                                                                        (1 = 100.0%) {0.0%}
2  O                                                                         (0 = 0.0%) {100.0%}

Histogram: SegmentationPlatform.DeviceSwitcher.PostProcessing.TopLabel.Computed recorded 1 samples (flags = 0x41)
7  -O                                                                        (1 = 100.0%)

Histogram: SegmentationPlatform.FeatureProcessing.Error.ChromeLowUserEngagement recorded 1 samples, mean = 7.0 (flags = 0x41)
0  ... 
7  -O                                                                        (1 = 100.0%) {0.0%}
8  O                                                                         (0 = 0.0%) {100.0%}

Histogram: SegmentationPlatform.FeatureProcessing.Error.CrossDeviceUserSegment recorded 1 samples, mean = 7.0 (flags = 0x41)
0  ... 
7  -O                                                                        (1 = 100.0%) {0.0%}
8  O                                                                         (0 = 0.0%) {100.0%}

Histogram: SegmentationPlatform.FeatureProcessing.Error.DeviceSwitcher recorded 1 samples, mean = 7.0 (flags = 0x41)
0  ... 
7  -O                                                                        (1 = 100.0%) {0.0%}
8  O                                                                         (0 = 0.0%) {100.0%}

Histogram: SegmentationPlatform.FeatureProcessing.Error.PasswordManagerUser recorded 1 samples, mean = 7.0 (flags = 0x41)
0  ... 
7  -O                                                                        (1 = 100.0%) {0.0%}
8  O                                                                         (0 = 0.0%) {100.0%}

Histogram: SegmentationPlatform.FeatureProcessing.Error.ResumeHeavyUserSegment recorded 1 samples, mean = 7.0 (flags = 0x41)
0  ... 
7  -O                                                                        (1 = 100.0%) {0.0%}
8  O                                                                         (0 = 0.0%) {100.0%}

Histogram: SegmentationPlatform.FeatureProcessing.Error.SearchUser recorded 1 samples, mean = 7.0 (flags = 0x41)
0  ... 
7  -O                                                                        (1 = 100.0%) {0.0%}
8  O                                                                         (0 = 0.0%) {100.0%}

Histogram: SegmentationPlatform.FeatureProcessing.Error.ShoppingUser recorded 1 samples, mean = 7.0 (flags = 0x41)
0  ... 
7  -O                                                                        (1 = 100.0%) {0.0%}
8  O                                                                         (0 = 0.0%) {100.0%}

Histogram: SegmentationPlatform.Init.CreationToInitializationLatency recorded 1 samples, mean = 6943.0 (flags = 0x41)
0     ... 
6296  -O                                                                        (1 = 100.0%) {0.0%}
8000  ... 

Histogram: SegmentationPlatform.Init.ModelUpdatedTimeDifferenceInDays.ChromeLowUserEngagement recorded 1 samples, mean = 36.0 (flags = 0x41)
0   ... 
33  -O                                                                        (1 = 100.0%) {0.0%}
37  ... 

Histogram: SegmentationPlatform.Init.ModelUpdatedTimeDifferenceInDays.ComposePromotion recorded 1 samples, mean = 36.0 (flags = 0x41)
0   ... 
33  -O                                                                        (1 = 100.0%) {0.0%}
37  ... 

Histogram: SegmentationPlatform.Init.ModelUpdatedTimeDifferenceInDays.CrossDeviceUserSegment recorded 1 samples, mean = 36.0 (flags = 0x41)
0   ... 
33  -O                                                                        (1 = 100.0%) {0.0%}
37  ... 

Histogram: SegmentationPlatform.Init.ModelUpdatedTimeDifferenceInDays.DatabaseApiClients recorded 1 samples, mean = 36.0 (flags = 0x41)
0   ... 
33  -O                                                                        (1 = 100.0%) {0.0%}
37  ... 

Histogram: SegmentationPlatform.Init.ModelUpdatedTimeDifferenceInDays.DeviceSwitcher recorded 1 samples, mean = 36.0 (flags = 0x41)
0   ... 
33  -O                                                                        (1 = 100.0%) {0.0%}
37  ... 

Histogram: SegmentationPlatform.Init.ModelUpdatedTimeDifferenceInDays.PasswordManagerUser recorded 1 samples, mean = 36.0 (flags = 0x41)
0   ... 
33  -O                                                                        (1 = 100.0%) {0.0%}
37  ... 

Histogram: SegmentationPlatform.Init.ModelUpdatedTimeDifferenceInDays.ResumeHeavyUserSegment recorded 1 samples, mean = 36.0 (flags = 0x41)
0   ... 
33  -O                                                                        (1 = 100.0%) {0.0%}
37  ... 

Histogram: SegmentationPlatform.Init.ModelUpdatedTimeDifferenceInDays.SearchUser recorded 1 samples, mean = 36.0 (flags = 0x41)
0   ... 
33  -O                                                                        (1 = 100.0%) {0.0%}
37  ... 

Histogram: SegmentationPlatform.Init.ModelUpdatedTimeDifferenceInDays.ShoppingUser recorded 1 samples, mean = 36.0 (flags = 0x41)
0   ... 
33  -O                                                                        (1 = 100.0%) {0.0%}
37  ... 

Histogram: SegmentationPlatform.Init.ModelUpdatedTimeDifferenceInDays.UrlVisitResumptionRanker recorded 1 samples, mean = 36.0 (flags = 0x41)
0   ... 
33  -O                                                                        (1 = 100.0%) {0.0%}
37  ... 

Histogram: SegmentationPlatform.Init.ProcessCreationToServiceCreationLatency recorded 1 samples, mean = 91426416.0 (flags = 0x41)
0       ... 
180000  -O                                                                        (1 = 100.0%) {0.0%}

Histogram: SegmentationPlatform.Maintenance.CleanupSignalSuccessCount recorded 1 samples, mean = 20.0 (flags = 0x41)
0   ... 
20  -O                                                                        (1 = 100.0%) {0.0%}
23  ... 

Histogram: SegmentationPlatform.Maintenance.CompactionResult.HistogramEnum recorded 7 samples, mean = 1.0 (flags = 0x41)
0  O                                                                         (0 = 0.0%)
1  -------O                                                                  (7 = 100.0%) {0.0%}
2  O                                                                         (0 = 0.0%) {100.0%}

Histogram: SegmentationPlatform.Maintenance.CompactionResult.HistogramValue recorded 6 samples, mean = 1.0 (flags = 0x41)
0  O                                                                         (0 = 0.0%)
1  ------O                                                                   (6 = 100.0%) {0.0%}
2  O                                                                         (0 = 0.0%) {100.0%}

Histogram: SegmentationPlatform.Maintenance.CompactionResult.UserAction recorded 7 samples, mean = 1.0 (flags = 0x41)
0  O                                                                         (0 = 0.0%)
1  -------O                                                                  (7 = 100.0%) {0.0%}
2  O                                                                         (0 = 0.0%) {100.0%}

Histogram: SegmentationPlatform.Maintenance.SignalIdentifierCount recorded 1 samples, mean = 20.0 (flags = 0x41)
0   ... 
20  -O                                                                        (1 = 100.0%) {0.0%}
23  ... 

Histogram: SegmentationPlatform.ModelAvailability.ChromeLowUserEngagement recorded 1 samples, mean = 0.0 (flags = 0x41)
0  -O                                                                        (1 = 100.0%)
1  ... 

Histogram: SegmentationPlatform.ModelAvailability.ComposePromotion recorded 1 samples, mean = 0.0 (flags = 0x41)
0  -O                                                                        (1 = 100.0%)
1  ... 

Histogram: SegmentationPlatform.ModelAvailability.DeviceSwitcher recorded 1 samples, mean = 0.0 (flags = 0x41)
0  -O                                                                        (1 = 100.0%)
1  ... 

Histogram: SegmentationPlatform.ModelAvailability.SearchUser recorded 1 samples, mean = 0.0 (flags = 0x41)
0  -O                                                                        (1 = 100.0%)
1  ... 

Histogram: SegmentationPlatform.ModelAvailability.ShoppingUser recorded 1 samples, mean = 0.0 (flags = 0x41)
0  -O                                                                        (1 = 100.0%)
1  ... 

Histogram: SegmentationPlatform.ModelAvailability.UrlVisitResumptionRanker recorded 1 samples, mean = 0.0 (flags = 0x41)
0  -O                                                                        (1 = 100.0%)
1  ... 

Histogram: SegmentationPlatform.ModelAvailability.WebAppInstallationPromo recorded 1 samples, mean = 0.0 (flags = 0x41)
0  -O                                                                        (1 = 100.0%)
1  ... 

Histogram: SegmentationPlatform.ModelExecution.DefaultProvider.Status.ChromeLowUserEngagement recorded 1 samples, mean = 0.0 (flags = 0x41)
0  -O                                                                        (1 = 100.0%)
1  ... 

Histogram: SegmentationPlatform.ModelExecution.DefaultProvider.Status.CrossDeviceUserSegment recorded 1 samples, mean = 0.0 (flags = 0x41)
0  -O                                                                        (1 = 100.0%)
1  ... 

Histogram: SegmentationPlatform.ModelExecution.DefaultProvider.Status.DeviceSwitcher recorded 1 samples, mean = 0.0 (flags = 0x41)
0  -O                                                                        (1 = 100.0%)
1  ... 

Histogram: SegmentationPlatform.ModelExecution.DefaultProvider.Status.PasswordManagerUser recorded 1 samples, mean = 0.0 (flags = 0x41)
0  -O                                                                        (1 = 100.0%)
1  ... 

Histogram: SegmentationPlatform.ModelExecution.DefaultProvider.Status.ResumeHeavyUserSegment recorded 1 samples, mean = 0.0 (flags = 0x41)
0  -O                                                                        (1 = 100.0%)
1  ... 

Histogram: SegmentationPlatform.ModelExecution.DefaultProvider.Status.SearchUser recorded 1 samples, mean = 0.0 (flags = 0x41)
0  -O                                                                        (1 = 100.0%)
1  ... 

Histogram: SegmentationPlatform.ModelExecution.DefaultProvider.Status.ShoppingUser recorded 1 samples, mean = 0.0 (flags = 0x41)
0  -O                                                                        (1 = 100.0%)
1  ... 

Histogram: SegmentationPlatform.ModelExecution.Duration.FeatureProcessing.ChromeLowUserEngagement recorded 1 samples, mean = 0.0 (flags = 0x41)
0  -O                                                                        (1 = 100.0%)
1  ... 

Histogram: SegmentationPlatform.ModelExecution.Duration.FeatureProcessing.CrossDeviceUserSegment recorded 4 samples, mean = 0.0 (flags = 0x41)
0  ----O                                                                     (4 = 100.0%)
1  ... 

Histogram: SegmentationPlatform.ModelExecution.Duration.FeatureProcessing.PasswordManagerUser recorded 7 samples, mean = 0.0 (flags = 0x41)
0  -------O                                                                  (7 = 100.0%)
1  ... 

Histogram: SegmentationPlatform.ModelExecution.Duration.FeatureProcessing.ResumeHeavyUserSegment recorded 5 samples, mean = 0.0 (flags = 0x41)
0  -----O                                                                    (5 = 100.0%)
1  ... 

Histogram: SegmentationPlatform.ModelExecution.Duration.FeatureProcessing.SearchUser recorded 1 samples, mean = 0.0 (flags = 0x41)
0  -O                                                                        (1 = 100.0%)
1  ... 

Histogram: SegmentationPlatform.ModelExecution.Duration.FeatureProcessing.ShoppingUser recorded 2 samples, mean = 0.0 (flags = 0x41)
0  --O                                                                       (2 = 100.0%)
1  ... 

Histogram: SegmentationPlatform.ModelExecution.Duration.Model.ChromeLowUserEngagement.Success recorded 1 samples, mean = 0.0 (flags = 0x41)
0  -O                                                                        (1 = 100.0%)
1  ... 

Histogram: SegmentationPlatform.ModelExecution.Duration.Model.CrossDeviceUserSegment.Success recorded 1 samples, mean = 0.0 (flags = 0x41)
0  -O                                                                        (1 = 100.0%)
1  ... 

Histogram: SegmentationPlatform.ModelExecution.Duration.Model.DeviceSwitcher.Success recorded 1 samples, mean = 0.0 (flags = 0x41)
0  -O                                                                        (1 = 100.0%)
1  ... 

Histogram: SegmentationPlatform.ModelExecution.Duration.Model.PasswordManagerUser.Success recorded 1 samples, mean = 0.0 (flags = 0x41)
0  -O                                                                        (1 = 100.0%)
1  ... 

Histogram: SegmentationPlatform.ModelExecution.Duration.Model.ResumeHeavyUserSegment.Success recorded 1 samples, mean = 0.0 (flags = 0x41)
0  -O                                                                        (1 = 100.0%)
1  ... 

Histogram: SegmentationPlatform.ModelExecution.Duration.Model.SearchUser.Success recorded 1 samples, mean = 0.0 (flags = 0x41)
0  -O                                                                        (1 = 100.0%)
1  ... 

Histogram: SegmentationPlatform.ModelExecution.Duration.Model.ShoppingUser.Success recorded 1 samples, mean = 0.0 (flags = 0x41)
0  -O                                                                        (1 = 100.0%)
1  ... 

Histogram: SegmentationPlatform.ModelExecution.Duration.Total.ChromeLowUserEngagement.Success recorded 1 samples, mean = 2.0 (flags = 0x41)
0  ... 
2  -O                                                                        (1 = 100.0%) {0.0%}
3  ... 

Histogram: SegmentationPlatform.ModelExecution.Duration.Total.CrossDeviceUserSegment.Success recorded 1 samples, mean = 2.0 (flags = 0x41)
0  ... 
2  -O                                                                        (1 = 100.0%) {0.0%}
3  ... 

Histogram: SegmentationPlatform.ModelExecution.Duration.Total.DeviceSwitcher.Success recorded 1 samples, mean = 60001.0 (flags = 0x41)
0      ... 
10000  -O                                                                        (1 = 100.0%) {0.0%}

Histogram: SegmentationPlatform.ModelExecution.Duration.Total.PasswordManagerUser.Success recorded 1 samples, mean = 669.0 (flags = 0x41)
0    ... 
633  -O                                                                        (1 = 100.0%) {0.0%}
752  ... 

Histogram: SegmentationPlatform.ModelExecution.Duration.Total.ResumeHeavyUserSegment.Success recorded 1 samples, mean = 2.0 (flags = 0x41)
0  ... 
2  -O                                                                        (1 = 100.0%) {0.0%}
3  ... 

Histogram: SegmentationPlatform.ModelExecution.Duration.Total.SearchUser.Success recorded 1 samples, mean = 2.0 (flags = 0x41)
0  ... 
2  -O                                                                        (1 = 100.0%) {0.0%}
3  ... 

Histogram: SegmentationPlatform.ModelExecution.Duration.Total.ShoppingUser.Success recorded 1 samples, mean = 2.0 (flags = 0x41)
0  ... 
2  -O                                                                        (1 = 100.0%) {0.0%}
3  ... 

Histogram: SegmentationPlatform.ModelExecution.Result.0.ChromeLowUserEngagement recorded 1 samples, mean = 100.0 (flags = 0x41)
0    ... 
100  -O                                                                        (1 = 100.0%) {0.0%}
101  O                                                                         (0 = 0.0%) {100.0%}

Histogram: SegmentationPlatform.ModelExecution.Result.0.CrossDeviceUserSegment recorded 1 samples, mean = 1.0 (flags = 0x41)
0  O                                                                         (0 = 0.0%)
1  -O                                                                        (1 = 100.0%) {0.0%}
2  ... 

Histogram: SegmentationPlatform.ModelExecution.Result.0.DeviceSwitcher recorded 1 samples, mean = 0.0 (flags = 0x41)
0  -O                                                                        (1 = 100.0%)
1  ... 

Histogram: SegmentationPlatform.ModelExecution.Result.0.PasswordManagerUser recorded 1 samples, mean = 0.0 (flags = 0x41)
0  -O                                                                        (1 = 100.0%)
1  ... 

Histogram: SegmentationPlatform.ModelExecution.Result.0.ResumeHeavyUserSegment recorded 1 samples, mean = 0.0 (flags = 0x41)
0  -O                                                                        (1 = 100.0%)
1  ... 

Histogram: SegmentationPlatform.ModelExecution.Result.0.SearchUser recorded 1 samples, mean = 0.0 (flags = 0x41)
0  -O                                                                        (1 = 100.0%)
1  ... 

Histogram: SegmentationPlatform.ModelExecution.Result.0.ShoppingUser recorded 1 samples, mean = 0.0 (flags = 0x41)
0  -O                                                                        (1 = 100.0%)
1  ... 

Histogram: SegmentationPlatform.ModelExecution.Result.1.DeviceSwitcher recorded 1 samples, mean = 0.0 (flags = 0x41)
0  -O                                                                        (1 = 100.0%)
1  ... 

Histogram: SegmentationPlatform.ModelExecution.Result.2.DeviceSwitcher recorded 1 samples, mean = 0.0 (flags = 0x41)
0  -O                                                                        (1 = 100.0%)
1  ... 

Histogram: SegmentationPlatform.ModelExecution.Result.3.DeviceSwitcher recorded 1 samples, mean = 0.0 (flags = 0x41)
0  -O                                                                        (1 = 100.0%)
1  ... 

Histogram: SegmentationPlatform.ModelExecution.Result.4.DeviceSwitcher recorded 1 samples, mean = 0.0 (flags = 0x41)
0  -O                                                                        (1 = 100.0%)
1  ... 

Histogram: SegmentationPlatform.ModelExecution.Result.5.DeviceSwitcher recorded 1 samples, mean = 0.0 (flags = 0x41)
0  -O                                                                        (1 = 100.0%)
1  ... 

Histogram: SegmentationPlatform.ModelExecution.Result.6.DeviceSwitcher recorded 1 samples, mean = 0.0 (flags = 0x41)
0  -O                                                                        (1 = 100.0%)
1  ... 

Histogram: SegmentationPlatform.ModelExecution.Result.7.DeviceSwitcher recorded 1 samples, mean = 100.0 (flags = 0x41)
0    ... 
100  -O                                                                        (1 = 100.0%) {0.0%}
101  O                                                                         (0 = 0.0%) {100.0%}

Histogram: SegmentationPlatform.ModelExecution.SaveResult.ChromeLowUserEngagement recorded 1 samples, mean = 1.0 (flags = 0x41)
0  O                                                                         (0 = 0.0%)
1  -O                                                                        (1 = 100.0%) {0.0%}
2  O                                                                         (0 = 0.0%) {100.0%}

Histogram: SegmentationPlatform.ModelExecution.SaveResult.CrossDeviceUserSegment recorded 1 samples, mean = 1.0 (flags = 0x41)
0  O                                                                         (0 = 0.0%)
1  -O                                                                        (1 = 100.0%) {0.0%}
2  O                                                                         (0 = 0.0%) {100.0%}

Histogram: SegmentationPlatform.ModelExecution.SaveResult.PasswordManagerUser recorded 1 samples, mean = 1.0 (flags = 0x41)
0  O                                                                         (0 = 0.0%)
1  -O                                                                        (1 = 100.0%) {0.0%}
2  O                                                                         (0 = 0.0%) {100.0%}

Histogram: SegmentationPlatform.ModelExecution.SaveResult.ResumeHeavyUserSegment recorded 1 samples, mean = 1.0 (flags = 0x41)
0  O                                                                         (0 = 0.0%)
1  -O                                                                        (1 = 100.0%) {0.0%}
2  O                                                                         (0 = 0.0%) {100.0%}

Histogram: SegmentationPlatform.ModelExecution.SaveResult.SearchUser recorded 1 samples, mean = 1.0 (flags = 0x41)
0  O                                                                         (0 = 0.0%)
1  -O                                                                        (1 = 100.0%) {0.0%}
2  O                                                                         (0 = 0.0%) {100.0%}

Histogram: SegmentationPlatform.ModelExecution.SaveResult.ShoppingUser recorded 1 samples, mean = 1.0 (flags = 0x41)
0  O                                                                         (0 = 0.0%)
1  -O                                                                        (1 = 100.0%) {0.0%}
2  O                                                                         (0 = 0.0%) {100.0%}

Histogram: SegmentationPlatform.ModelExecution.ZeroValuePercent.ChromeLowUserEngagement recorded 1 samples, mean = 100.0 (flags = 0x41)
0    ... 
100  -O                                                                        (1 = 100.0%) {0.0%}
101  O                                                                         (0 = 0.0%) {100.0%}

Histogram: SegmentationPlatform.ModelExecution.ZeroValuePercent.CrossDeviceUserSegment recorded 1 samples, mean = 100.0 (flags = 0x41)
0    ... 
100  -O                                                                        (1 = 100.0%) {0.0%}
101  O                                                                         (0 = 0.0%) {100.0%}

Histogram: SegmentationPlatform.ModelExecution.ZeroValuePercent.DeviceSwitcher recorded 1 samples, mean = 90.0 (flags = 0x41)
0   ... 
90  -O                                                                        (1 = 100.0%) {0.0%}
91  ... 

Histogram: SegmentationPlatform.ModelExecution.ZeroValuePercent.PasswordManagerUser recorded 1 samples, mean = 100.0 (flags = 0x41)
0    ... 
100  -O                                                                        (1 = 100.0%) {0.0%}
101  O                                                                         (0 = 0.0%) {100.0%}

Histogram: SegmentationPlatform.ModelExecution.ZeroValuePercent.ResumeHeavyUserSegment recorded 1 samples, mean = 100.0 (flags = 0x41)
0    ... 
100  -O                                                                        (1 = 100.0%) {0.0%}
101  O                                                                         (0 = 0.0%) {100.0%}

Histogram: SegmentationPlatform.ModelExecution.ZeroValuePercent.SearchUser recorded 1 samples, mean = 100.0 (flags = 0x41)
0    ... 
100  -O                                                                        (1 = 100.0%) {0.0%}
101  O                                                                         (0 = 0.0%) {100.0%}

Histogram: SegmentationPlatform.ModelExecution.ZeroValuePercent.ShoppingUser recorded 1 samples, mean = 100.0 (flags = 0x41)
0    ... 
100  -O                                                                        (1 = 100.0%) {0.0%}
101  O                                                                         (0 = 0.0%) {100.0%}

Histogram: SegmentationPlatform.PasswordManagerUser.PostProcessing.TopLabel.Computed recorded 1 samples (flags = 0x41)
0  -O                                                                        (1 = 100.0%)

Histogram: SegmentationPlatform.ResumeHeavyUser.PostProcessing.TopLabel.Computed recorded 1 samples (flags = 0x41)
0  -O                                                                        (1 = 100.0%)

Histogram: SegmentationPlatform.SearchUser.PostProcessing.TopLabel.Computed recorded 1 samples (flags = 0x41)
-1 -O                                                                        (1 = 100.0%)

Histogram: SegmentationPlatform.SegmentInfoDatabase.ProtoDBUpdateResult.ChromeLowUserEngagement recorded 2 samples, mean = 1.0 (flags = 0x41)
0  O                                                                         (0 = 0.0%)
1  --O                                                                       (2 = 100.0%) {0.0%}
2  O                                                                         (0 = 0.0%) {100.0%}

Histogram: SegmentationPlatform.SegmentInfoDatabase.ProtoDBUpdateResult.ComposePromotion recorded 1 samples, mean = 1.0 (flags = 0x41)
0  O                                                                         (0 = 0.0%)
1  -O                                                                        (1 = 100.0%) {0.0%}
2  O                                                                         (0 = 0.0%) {100.0%}

Histogram: SegmentationPlatform.SegmentInfoDatabase.ProtoDBUpdateResult.CrossDeviceUserSegment recorded 2 samples, mean = 1.0 (flags = 0x41)
0  O                                                                         (0 = 0.0%)
1  --O                                                                       (2 = 100.0%) {0.0%}
2  O                                                                         (0 = 0.0%) {100.0%}

Histogram: SegmentationPlatform.SegmentInfoDatabase.ProtoDBUpdateResult.DatabaseApiClients recorded 1 samples, mean = 1.0 (flags = 0x41)
0  O                                                                         (0 = 0.0%)
1  -O                                                                        (1 = 100.0%) {0.0%}
2  O                                                                         (0 = 0.0%) {100.0%}

Histogram: SegmentationPlatform.SegmentInfoDatabase.ProtoDBUpdateResult.DeviceSwitcher recorded 1 samples, mean = 1.0 (flags = 0x41)
0  O                                                                         (0 = 0.0%)
1  -O                                                                        (1 = 100.0%) {0.0%}
2  O                                                                         (0 = 0.0%) {100.0%}

Histogram: SegmentationPlatform.SegmentInfoDatabase.ProtoDBUpdateResult.PasswordManagerUser recorded 2 samples, mean = 1.0 (flags = 0x41)
0  O                                                                         (0 = 0.0%)
1  --O                                                                       (2 = 100.0%) {0.0%}
2  O                                                                         (0 = 0.0%) {100.0%}

Histogram: SegmentationPlatform.SegmentInfoDatabase.ProtoDBUpdateResult.ResumeHeavyUserSegment recorded 2 samples, mean = 1.0 (flags = 0x41)
0  O                                                                         (0 = 0.0%)
1  --O                                                                       (2 = 100.0%) {0.0%}
2  O                                                                         (0 = 0.0%) {100.0%}

Histogram: SegmentationPlatform.SegmentInfoDatabase.ProtoDBUpdateResult.SearchUser recorded 2 samples, mean = 1.0 (flags = 0x41)
0  O                                                                         (0 = 0.0%)
1  --O                                                                       (2 = 100.0%) {0.0%}
2  O                                                                         (0 = 0.0%) {100.0%}

Histogram: SegmentationPlatform.SegmentInfoDatabase.ProtoDBUpdateResult.ShoppingUser recorded 2 samples, mean = 1.0 (flags = 0x41)
0  O                                                                         (0 = 0.0%)
1  --O                                                                       (2 = 100.0%) {0.0%}
2  O                                                                         (0 = 0.0%) {100.0%}

Histogram: SegmentationPlatform.SegmentInfoDatabase.ProtoDBUpdateResult.UrlVisitResumptionRanker recorded 1 samples, mean = 1.0 (flags = 0x41)
0  O                                                                         (0 = 0.0%)
1  -O                                                                        (1 = 100.0%) {0.0%}
2  O                                                                         (0 = 0.0%) {100.0%}

Histogram: SegmentationPlatform.SegmentInfoDatabase.ProtoDBUpdateResult.WebAppInstallationPromo recorded 1 samples, mean = 1.0 (flags = 0x41)
0  O                                                                         (0 = 0.0%)
1  -O                                                                        (1 = 100.0%) {0.0%}
2  O                                                                         (0 = 0.0%) {100.0%}

Histogram: SegmentationPlatform.SelectionFailedReason.ChromeLowUserEngagement recorded 3 samples, mean = 18.3 (flags = 0x41)
0   ... 
16  -O                                                                        (1 = 33.3%) {0.0%}
17  O                                                                         (0 = 0.0%) {33.3%}
18  -O                                                                        (1 = 33.3%) {33.3%}
19  ... 
21  -O                                                                        (1 = 33.3%) {66.7%}
22  ... 

Histogram: SegmentationPlatform.SelectionFailedReason.ComposePromotion recorded 1 samples, mean = 17.0 (flags = 0x41)
0   ... 
17  -O                                                                        (1 = 100.0%) {0.0%}
18  ... 

Histogram: SegmentationPlatform.SelectionFailedReason.CrossDeviceUser recorded 3 samples, mean = 18.3 (flags = 0x41)
0   ... 
16  -O                                                                        (1 = 33.3%) {0.0%}
17  O                                                                         (0 = 0.0%) {33.3%}
18  -O                                                                        (1 = 33.3%) {33.3%}
19  ... 
21  -O                                                                        (1 = 33.3%) {66.7%}
22  ... 

Histogram: SegmentationPlatform.SelectionFailedReason.DatabaseApiClients recorded 1 samples, mean = 17.0 (flags = 0x41)
0   ... 
17  -O                                                                        (1 = 100.0%) {0.0%}
18  ... 

Histogram: SegmentationPlatform.SelectionFailedReason.DeviceSwitcher recorded 2 samples, mean = 19.0 (flags = 0x41)
0   ... 
17  -O                                                                        (1 = 50.0%) {0.0%}
18  ... 
21  -O                                                                        (1 = 50.0%) {50.0%}
22  ... 

Histogram: SegmentationPlatform.SelectionFailedReason.PasswordManagerUser recorded 3 samples, mean = 18.3 (flags = 0x41)
0   ... 
16  -O                                                                        (1 = 33.3%) {0.0%}
17  O                                                                         (0 = 0.0%) {33.3%}
18  -O                                                                        (1 = 33.3%) {33.3%}
19  ... 
21  -O                                                                        (1 = 33.3%) {66.7%}
22  ... 

Histogram: SegmentationPlatform.SelectionFailedReason.ResumeHeavyUser recorded 3 samples, mean = 18.3 (flags = 0x41)
0   ... 
16  -O                                                                        (1 = 33.3%) {0.0%}
17  O                                                                         (0 = 0.0%) {33.3%}
18  -O                                                                        (1 = 33.3%) {33.3%}
19  ... 
21  -O                                                                        (1 = 33.3%) {66.7%}
22  ... 

Histogram: SegmentationPlatform.SelectionFailedReason.SearchUser recorded 3 samples, mean = 18.3 (flags = 0x41)
0   ... 
16  -O                                                                        (1 = 33.3%) {0.0%}
17  O                                                                         (0 = 0.0%) {33.3%}
18  -O                                                                        (1 = 33.3%) {33.3%}
19  ... 
21  -O                                                                        (1 = 33.3%) {66.7%}
22  ... 

Histogram: SegmentationPlatform.SelectionFailedReason.ShoppingUser recorded 3 samples, mean = 18.3 (flags = 0x41)
0   ... 
16  -O                                                                        (1 = 33.3%) {0.0%}
17  O                                                                         (0 = 0.0%) {33.3%}
18  -O                                                                        (1 = 33.3%) {33.3%}
19  ... 
21  -O                                                                        (1 = 33.3%) {66.7%}
22  ... 

Histogram: SegmentationPlatform.SelectionFailedReason.URLVisitResumptionRanker recorded 1 samples, mean = 17.0 (flags = 0x41)
0   ... 
17  -O                                                                        (1 = 100.0%) {0.0%}
18  ... 

Histogram: SegmentationPlatform.SelectionFailedReason.WebAppInstallationPromo recorded 3 samples, mean = 17.3 (flags = 0x41)
0   ... 
11  -O                                                                        (1 = 33.3%) {0.0%}
12  ... 
17  -O                                                                        (1 = 33.3%) {33.3%}
18  ... 
24  -O                                                                        (1 = 33.3%) {66.7%}
25  ... 

Histogram: SegmentationPlatform.ShoppingUser.PostProcessing.TopLabel.Computed recorded 1 samples (flags = 0x41)
0  -O                                                                        (1 = 100.0%)

Histogram: SegmentationPlatform.SignalDatabase.GetSamples.DatabaseEntryCount recorded 20 samples, mean = 0.1 (flags = 0x41)
0  -------------------O                                                      (19 = 95.0%)
1  -O                                                                        (1 = 5.0%) {95.0%}
2  ... 

Histogram: SegmentationPlatform.SignalDatabase.GetSamples.Result recorded 20 samples, mean = 1.0 (flags = 0x41)
0  O                                                                         (0 = 0.0%)
1  --------------------O                                                     (20 = 100.0%) {0.0%}
2  O                                                                         (0 = 0.0%) {100.0%}

Histogram: SegmentationPlatform.SignalDatabase.GetSamples.SampleCount recorded 20 samples, mean = 0.1 (flags = 0x41)
0  -------------------O                                                      (19 = 95.0%)
1  -O                                                                        (1 = 5.0%) {95.0%}
2  ... 

Histogram: SegmentationPlatform.Signals.ListeningCount.HistogramEnum recorded 1 samples, mean = 7.0 (flags = 0x41)
0  ... 
7  -O                                                                        (1 = 100.0%) {0.0%}
8  ... 

Histogram: SegmentationPlatform.Signals.ListeningCount.HistogramValue recorded 1 samples, mean = 6.0 (flags = 0x41)
0  ... 
6  -O                                                                        (1 = 100.0%) {0.0%}
7  ... 

Histogram: SegmentationPlatform.Signals.ListeningCount.UserAction recorded 1 samples, mean = 7.0 (flags = 0x41)
0  ... 
7  -O                                                                        (1 = 100.0%) {0.0%}
8  ... 

Histogram: SegmentationPlatform.SyncSessions.TabsCountAtStartup recorded 1 samples, mean = 0.0 (flags = 0x41)
0  -O                                                                        (1 = 100.0%)
1  ... 

Histogram: SegmentationPlatform.UkmDatabase.InitTime recorded 1 samples, mean = 13.0 (flags = 0x41)
0   ... 
12  -O                                                                        (1 = 100.0%) {0.0%}
14  ... 

Histogram: SegmentationPlatform.WebAppInstallationPromo.PostProcessing.TopLabel.Computed recorded 1 samples (flags = 0x41)
-2 -O                                                                        (1 = 100.0%)

Histogram: ServiceWorker.FindRegistrationForClientUrl.IsCalledForNavigation recorded 5 samples, mean = 0.2 (flags = 0x41)
0  ----O                                                                     (4 = 80.0%)
1  -O                                                                        (1 = 20.0%) {80.0%}
2  O                                                                         (0 = 0.0%) {100.0%}

Histogram: ServiceWorker.FindRegistrationForClientUrl.SkippedMojoCall.OnNavigation recorded 1 samples, mean = 0.0 (flags = 0x41)
0  -O                                                                        (1 = 100.0%)
1  ... 

Histogram: ServiceWorker.OnBrowserStartup.SkipServiceWorkerOnFirstNavigation recorded 1 samples, mean = 0.0 (flags = 0x41)
0  -O                                                                        (1 = 100.0%)
1  ... 

Histogram: ServiceWorker.RegisteredStorageKeyCount recorded 1 samples, mean = 0.0 (flags = 0x41)
0  -O                                                                        (1 = 100.0%)
1  ... 

Histogram: ServiceWorker.SkipCallingFindRegistrationForClientUrl recorded 1 samples, mean = 1.0 (flags = 0x41)
0  O                                                                         (0 = 0.0%)
1  -O                                                                        (1 = 100.0%) {0.0%}
2  O                                                                         (0 = 0.0%) {100.0%}

Histogram: ServiceWorker.Storage.ReadInitialDataFromDB.Time recorded 1 samples, mean = 0.0 (flags = 0x41)
0  -O                                                                        (1 = 100.0%)
1  ... 

Histogram: ServiceWorker.Storage.RegisteredStorageKeyCacheInitialization.Time recorded 1 samples, mean = 3781.0 (flags = 0x41)
0     ... 
3069  -O                                                                        (1 = 100.0%) {0.0%}
3900  ... 

Histogram: SessionRestore.UnrecoverableWriteErrorCount recorded 1 samples, mean = 0.0 (flags = 0x41)
0  -O                                                                        (1 = 100.0%)
1  ... 

Histogram: SessionStorageContext.CommitResult recorded 2 samples, mean = 0.0 (flags = 0x41)
0  --O                                                                       (2 = 100.0%)
1  ... 

Histogram: Settings.AdvancedSpellcheck.OnStartup2 recorded 1 samples, mean = 0.0 (flags = 0x41)
0  -O                                                                        (1 = 100.0%)
1  ... 

Histogram: Settings.AutocompleteSearches.OnStartup2 recorded 1 samples, mean = 1.0 (flags = 0x41)
0  O                                                                         (0 = 0.0%)
1  -O                                                                        (1 = 100.0%) {0.0%}
2  O                                                                         (0 = 0.0%) {100.0%}

Histogram: Settings.FingerprintingProtection.Enabled recorded 1 samples, mean = 0.0 (flags = 0x41)
0  -O                                                                        (1 = 100.0%)
1  ... 

Histogram: Settings.FirstPartySets.State recorded 1 samples, mean = 0.0 (flags = 0x41)
0  -O                                                                        (1 = 100.0%)
1  ... 

Histogram: Settings.IpProtection.Enabled recorded 1 samples, mean = 0.0 (flags = 0x41)
0  -O                                                                        (1 = 100.0%)
1  ... 

Histogram: Settings.PreloadStatus.OnStartup3 recorded 1 samples, mean = 1.0 (flags = 0x41)
0  O                                                                         (0 = 0.0%)
1  -O                                                                        (1 = 100.0%) {0.0%}
2  ... 

Histogram: Settings.PrivacySandbox.AdMeasurement.Enabled recorded 1 samples, mean = 0.0 (flags = 0x41)
0  -O                                                                        (1 = 100.0%)
1  ... 

Histogram: Settings.PrivacySandbox.Fledge.Enabled recorded 1 samples, mean = 0.0 (flags = 0x41)
0  -O                                                                        (1 = 100.0%)
1  ... 

Histogram: Settings.PrivacySandbox.Topics.Enabled recorded 1 samples, mean = 0.0 (flags = 0x41)
0  -O                                                                        (1 = 100.0%)
1  ... 

Histogram: Settings.ShowHomeButton2 recorded 1 samples, mean = 0.0 (flags = 0x41)
0  -O                                                                        (1 = 100.0%)
1  ... 

Histogram: Settings.StartupPageLoadSettings2 recorded 1 samples, mean = 5.0 (flags = 0x41)
0  ... 
5  -O                                                                        (1 = 100.0%) {0.0%}
6  ... 

Histogram: Settings.TrackedPreferenceChanged.FromRegistry recorded 1 samples, mean = 5.0 (flags = 0x41)
0  ... 
5  -O                                                                        (1 = 100.0%) {0.0%}
6  ... 

Histogram: Settings.TrackedPreferenceUnchanged recorded 18 samples, mean = 14.5 (flags = 0x41)
0   -O                                                                        (1 = 5.6%)
1   -O                                                                        (1 = 5.6%) {5.6%}
2   -O                                                                        (1 = 5.6%) {11.1%}
3   -O                                                                        (1 = 5.6%) {16.7%}
4   -O                                                                        (1 = 5.6%) {22.2%}
5   -O                                                                        (1 = 5.6%) {27.8%}
6   -O                                                                        (1 = 5.6%) {33.3%}
7   -O                                                                        (1 = 5.6%) {38.9%}
8   ... 
11  -O                                                                        (1 = 5.6%) {44.4%}
12  ... 
14  -O                                                                        (1 = 5.6%) {50.0%}
15  -O                                                                        (1 = 5.6%) {55.6%}
16  ... 
18  -O                                                                        (1 = 5.6%) {61.1%}
19  ... 
23  -O                                                                        (1 = 5.6%) {66.7%}
24  -O                                                                        (1 = 5.6%) {72.2%}
25  ... 
29  -O                                                                        (1 = 5.6%) {77.8%}
30  ... 
32  -O                                                                        (1 = 5.6%) {83.3%}
33  -O                                                                        (1 = 5.6%) {88.9%}
34  -O                                                                        (1 = 5.6%) {94.4%}
35  O                                                                         (0 = 0.0%) {100.0%}

Histogram: Settings.TrackedPreferenceUnchanged.FromRegistry recorded 17 samples, mean = 15.1 (flags = 0x41)
0   -O                                                                        (1 = 5.9%)
1   -O                                                                        (1 = 5.9%) {5.9%}
2   -O                                                                        (1 = 5.9%) {11.8%}
3   -O                                                                        (1 = 5.9%) {17.6%}
4   -O                                                                        (1 = 5.9%) {23.5%}
5   O                                                                         (0 = 0.0%) {29.4%}
6   -O                                                                        (1 = 5.9%) {29.4%}
7   -O                                                                        (1 = 5.9%) {35.3%}
8   ... 
11  -O                                                                        (1 = 5.9%) {41.2%}
12  ... 
14  -O                                                                        (1 = 5.9%) {47.1%}
15  -O                                                                        (1 = 5.9%) {52.9%}
16  ... 
18  -O                                                                        (1 = 5.9%) {58.8%}
19  ... 
23  -O                                                                        (1 = 5.9%) {64.7%}
24  -O                                                                        (1 = 5.9%) {70.6%}
25  ... 
29  -O                                                                        (1 = 5.9%) {76.5%}
30  ... 
32  -O                                                                        (1 = 5.9%) {82.4%}
33  -O                                                                        (1 = 5.9%) {88.2%}
34  -O                                                                        (1 = 5.9%) {94.1%}
35  O                                                                         (0 = 0.0%) {100.0%}

Histogram: Settings.TrackingProtection.Enabled recorded 1 samples, mean = 0.0 (flags = 0x41)
0  -O                                                                        (1 = 100.0%)
1  ... 

Histogram: SharedDictionary.TimeInitializeDB recorded 1 samples, mean = 3.0 (flags = 0x41)
0  ... 
3  -O                                                                        (1 = 100.0%) {0.0%}
4  ... 

Histogram: Signin.APIKeyMatchesFeatureOnStartup recorded 3 samples, mean = 0.0 (flags = 0x41)
0  ---O                                                                      (3 = 100.0%)
1  ... 

Histogram: Signin.AccountTracker.CountOfLoadedAccounts recorded 1 samples, mean = 0.0 (flags = 0x41)
0  -O                                                                        (1 = 100.0%)
1  ... 

Histogram: Signin.ExplicitSigninMigration recorded 1 samples, mean = 0.0 (flags = 0x41)
0  -O                                                                        (1 = 100.0%)
1  ... 

Histogram: Signin.HadPreviousSyncAccount.SignedOutOnProfileLoad recorded 1 samples, mean = 0.0 (flags = 0x41)
0  -O                                                                        (1 = 100.0%)
1  ... 

Histogram: Signin.HadPreviousSyncAccount.SyncOffOnProfileLoad recorded 1 samples, mean = 0.0 (flags = 0x41)
0  -O                                                                        (1 = 100.0%)
1  ... 

Histogram: Signin.ListAccountsFailure recorded 1 samples, mean = 0.0 (flags = 0x41)
0  -O                                                                        (1 = 100.0%)
1  ... 

Histogram: Signin.PAMInitialize.PrimaryAccountPrefs recorded 1 samples, mean = 2.0 (flags = 0x41)
0  ... 
2  -O                                                                        (1 = 100.0%) {0.0%}
3  ... 

Histogram: Signin.SigninAllowed recorded 1 samples, mean = 0.0 (flags = 0x41)
0  -O                                                                        (1 = 100.0%)
1  ... 

Histogram: Signin.TokenTable.GetAllTokensSqlStatementValidity recorded 1 samples, mean = 1.0 (flags = 0x41)
0  O                                                                         (0 = 0.0%)
1  -O                                                                        (1 = 100.0%) {0.0%}
2  O                                                                         (0 = 0.0%) {100.0%}

Histogram: SimpleCache.App.CacheSizeOnInit recorded 1 samples, mean = 0.0 (flags = 0x41)
0  -O                                                                        (1 = 100.0%)
1000... 

Histogram: SimpleCache.App.ConsistencyResult recorded 1 samples, mean = 0.0 (flags = 0x41)
0  -O                                                                        (1 = 100.0%)
1  ... 

Histogram: SimpleCache.App.CreationToIndex recorded 1 samples, mean = 3.0 (flags = 0x41)
0  ... 
3  -O                                                                        (1 = 100.0%) {0.0%}
4  ... 

Histogram: SimpleCache.App.IndexFileStateOnLoad recorded 1 samples, mean = 2.0 (flags = 0x41)
0  ... 
2  -O                                                                        (1 = 100.0%) {0.0%}
3  ... 

Histogram: SimpleCache.App.IndexInitializeMethod recorded 1 samples, mean = 1.0 (flags = 0x41)
0  O                                                                         (0 = 0.0%)
1  -O                                                                        (1 = 100.0%) {0.0%}
2  ... 

Histogram: SimpleCache.App.IndexNumEntriesOnInit recorded 1 samples, mean = 0.0 (flags = 0x41)
0  -O                                                                        (1 = 100.0%)
1  ... 

Histogram: SimpleCache.App.MaxCacheSizeOnInit recorded 1 samples, mean = 0.0 (flags = 0x41)
0  -O                                                                        (1 = 100.0%)
1000... 

Histogram: SimpleCache.Code.CacheSizeOnInit recorded 1 samples, mean = 1164.0 (flags = 0x41)
0     ... 
1138  -O                                                                        (1 = 100.0%) {0.0%}
1295  ... 

Histogram: SimpleCache.Code.ConsistencyResult recorded 1 samples, mean = 0.0 (flags = 0x41)
0  -O                                                                        (1 = 100.0%)
1  ... 

Histogram: SimpleCache.Code.CreationToIndex recorded 1 samples, mean = 2.0 (flags = 0x41)
0  ... 
2  -O                                                                        (1 = 100.0%) {0.0%}
3  ... 

Histogram: SimpleCache.Code.DiskCloseLatency recorded 24 samples, mean = 0.1 (flags = 0x41)
0  -----------------------O                                                  (23 = 95.8%)
1  O                                                                         (0 = 0.0%) {95.8%}
2  -O                                                                        (1 = 4.2%) {95.8%}
3  ... 

Histogram: SimpleCache.Code.DiskCreateLatency recorded 2 samples, mean = 0.0 (flags = 0x40)
0  --O                                                                       (2 = 100.0%)
1  ... 

Histogram: SimpleCache.Code.DiskDoomLatency recorded 2 samples, mean = 0.0 (flags = 0x41)
0  --O                                                                       (2 = 100.0%)
1  ... 

Histogram: SimpleCache.Code.DiskOpenLatency recorded 22 samples, mean = 0.1 (flags = 0x41)
0  --------------------O                                                     (20 = 90.9%)
1  --O                                                                       (2 = 9.1%) {90.9%}
2  ... 

Histogram: SimpleCache.Code.EntryCreationTime recorded 24 samples, mean = 0.3 (flags = 0x41)
0  -----------------O                                                        (17 = 70.8%)
1  -------O                                                                  (7 = 29.2%) {70.8%}
2  ... 

Histogram: SimpleCache.Code.HeaderSize recorded 3 samples, mean = 36.0 (flags = 0x41)
0   ... 
34  ---O                                                                      (3 = 100.0%) {0.0%}
40  ... 

Histogram: SimpleCache.Code.IndexFileStateOnLoad recorded 1 samples, mean = 2.0 (flags = 0x41)
0  ... 
2  -O                                                                        (1 = 100.0%) {0.0%}
3  ... 

Histogram: SimpleCache.Code.IndexInitializeMethod recorded 1 samples, mean = 1.0 (flags = 0x41)
0  O                                                                         (0 = 0.0%)
1  -O                                                                        (1 = 100.0%) {0.0%}
2  ... 

Histogram: SimpleCache.Code.IndexNumEntriesOnInit recorded 1 samples, mean = 45.0 (flags = 0x41)
0   ... 
39  -O                                                                        (1 = 100.0%) {0.0%}
49  ... 

Histogram: SimpleCache.Code.MaxCacheSizeOnInit recorded 1 samples, mean = 327680.0 (flags = 0x41)
0       ... 
297881  -O                                                                        (1 = 100.0%) {0.0%}
339058  ... 

Histogram: SimpleCache.Code.OpenEntryIndexState recorded 28 samples, mean = 1.8 (flags = 0x41)
0  O                                                                         (0 = 0.0%)
1  ------O                                                                   (6 = 21.4%) {0.0%}
2  ----------------------O                                                   (22 = 78.6%) {21.4%}
3  O                                                                         (0 = 0.0%) {100.0%}

Histogram: SimpleCache.Code.SyncCheckEOFResult recorded 29 samples, mean = 0.0 (flags = 0x40)
0  -----------------------------O                                            (29 = 100.0%)
1  ... 

Histogram: SimpleCache.Code.SyncCloseResult recorded 24 samples, mean = 0.0 (flags = 0x40)
0  ------------------------O                                                 (24 = 100.0%)
1  ... 

Histogram: SimpleCache.Code.SyncOpenPrefetchMode recorded 22 samples, mean = 0.0 (flags = 0x41)
0  ----------------------O                                                   (22 = 100.0%)
1  ... 

Histogram: SimpleCache.Code.SyncOpenResult recorded 22 samples, mean = 0.0 (flags = 0x40)
0  ----------------------O                                                   (22 = 100.0%)
1  ... 

Histogram: SiteEngagementService.EngagementScore recorded 1 samples, mean = 12.0 (flags = 0x41)
0   ... 
12  -O                                                                        (1 = 100.0%) {0.0%}
13  ... 

Histogram: SiteEngagementService.EngagementType recorded 1 samples, mean = 0.0 (flags = 0x41)
0  -O                                                                        (1 = 100.0%)
1  ... 

Histogram: SiteEngagementService.MeanEngagement recorded 1 samples, mean = 12.0 (flags = 0x41)
0   ... 
12  -O                                                                        (1 = 100.0%) {0.0%}
13  ... 

Histogram: SiteEngagementService.MedianEngagement recorded 1 samples, mean = 12.0 (flags = 0x41)
0   ... 
12  -O                                                                        (1 = 100.0%) {0.0%}
13  ... 

Histogram: SiteEngagementService.OriginsEngaged recorded 1 samples, mean = 1.0 (flags = 0x41)
0  O                                                                         (0 = 0.0%)
1  -O                                                                        (1 = 100.0%) {0.0%}
2  ... 

Histogram: SiteIsolatedCodeCache.JS.Behaviour recorded 30 samples, mean = 0.6 (flags = 0x41)
0  ---------------------O                                                    (21 = 70.0%)
1  ----O                                                                     (4 = 13.3%) {70.0%}
2  --O                                                                       (2 = 6.7%) {83.3%}
3  -O                                                                        (1 = 3.3%) {90.0%}
4  --O                                                                       (2 = 6.7%) {93.3%}
5  ... 

Histogram: SiteIsolatedCodeCache.JS.FetchCodeCache recorded 19 samples, mean = 0.8 (flags = 0x41)
0  ------O                                                                   (6 = 31.6%)
1  -----------O                                                              (11 = 57.9%) {31.6%}
2  --O                                                                       (2 = 10.5%) {89.5%}
3  ... 

Histogram: SiteIsolatedCodeCache.JS.Hit recorded 23 samples, mean = 0.8 (flags = 0x41)
0  ----O                                                                     (4 = 17.4%)
1  -------------------O                                                      (19 = 82.6%) {17.4%}
2  O                                                                         (0 = 0.0%) {100.0%}

Histogram: SiteIsolatedCodeCache.JS.PotentialMemoryBackedCodeCacheHit recorded 23 samples, mean = 0.0 (flags = 0x41)
0  -----------------------O                                                  (23 = 100.0%)
1  ... 

Histogram: SiteIsolatedCodeCache.JS.PotentialMemoryBackedCodeCacheSize2 recorded 1 samples, mean = 170593.0 (flags = 0x41)
0       ... 
159976  -O                                                                        (1 = 100.0%) {0.0%}
229760  ... 

Histogram: SiteIsolatedCodeCache.WASM.Behaviour recorded 4 samples, mean = 1.0 (flags = 0x41)
0  O                                                                         (0 = 0.0%)
1  ----O                                                                     (4 = 100.0%) {0.0%}
2  ... 

Histogram: SiteIsolation.BrowsingInstance.MaxCountPerProcess recorded 3 samples, mean = 0.7 (flags = 0x41)
0  -O                                                                        (1 = 33.3%)
1  --O                                                                       (2 = 66.7%) {33.3%}
2  ... 

Histogram: SiteIsolation.NewProcessUsedForNavigationWhenSameSiteProcessExists recorded 1 samples, mean = 0.0 (flags = 0x41)
0  -O                                                                        (1 = 100.0%)
1  ... 

Histogram: SiteIsolation.ProcessPerSiteWithMainFrameThreshold.IsDevToolsUser recorded 1 samples, mean = 0.0 (flags = 0x41)
0  -O                                                                        (1 = 100.0%)
1  ... 

Histogram: Skia.SubmitRenderPasses recorded 17 samples, mean = 0.6 (flags = 0x41)
0  ------------O                                                             (12 = 70.6%)
1  --O                                                                       (2 = 11.8%) {70.6%}
2  -O                                                                        (1 = 5.9%) {82.4%}
3  -O                                                                        (1 = 5.9%) {88.2%}
4  -O                                                                        (1 = 5.9%) {94.1%}
5  ... 

Histogram: Sql.Statement.Affiliation.VMSteps recorded 15 samples, mean = 15.5 (flags = 0x41)
0   ... 
3   ----O                                                                     (4 = 26.7%) {0.0%}
4   O                                                                         (0 = 0.0%) {26.7%}
5   -O                                                                        (1 = 6.7%) {26.7%}
6   -O                                                                        (1 = 6.7%) {33.3%}
7   ... 
12  -----O                                                                    (5 = 33.3%) {40.0%}
14  ... 
20  -O                                                                        (1 = 6.7%) {73.3%}
24  O                                                                         (0 = 0.0%) {80.0%}
29  -O                                                                        (1 = 6.7%) {80.0%}
34  O                                                                         (0 = 0.0%) {86.7%}
40  -O                                                                        (1 = 6.7%) {86.7%}
48  -O                                                                        (1 = 6.7%) {93.3%}
57  ... 

Histogram: Sql.Statement.BrowsingTopics.VMSteps recorded 12 samples, mean = 8.0 (flags = 0x41)
0   ... 
3   ----O                                                                     (4 = 33.3%) {0.0%}
4   O                                                                         (0 = 0.0%) {33.3%}
5   -O                                                                        (1 = 8.3%) {33.3%}
6   ... 
8   --O                                                                       (2 = 16.7%) {41.7%}
10  O                                                                         (0 = 0.0%) {58.3%}
12  -----O                                                                    (5 = 41.7%) {58.3%}
14  ... 

Histogram: Sql.Statement.Cookie.VMSteps recorded 30 samples, mean = 19.6 (flags = 0x41)
0   ... 
3   ------O                                                                   (6 = 20.0%) {0.0%}
4   O                                                                         (0 = 0.0%) {20.0%}
5   --O                                                                       (2 = 6.7%) {20.0%}
6   O                                                                         (0 = 0.0%) {26.7%}
7   -O                                                                        (1 = 3.3%) {26.7%}
8   ... 
12  ----------O                                                               (10 = 33.3%) {30.0%}
14  ... 
20  ---O                                                                      (3 = 10.0%) {63.3%}
24  ---O                                                                      (3 = 10.0%) {73.3%}
29  O                                                                         (0 = 0.0%) {83.3%}
34  -O                                                                        (1 = 3.3%) {83.3%}
40  ... 
57  ----O                                                                     (4 = 13.3%) {86.7%}
68  ... 

Histogram: Sql.Statement.DIPS.VMSteps recorded 28 samples, mean = 13.1 (flags = 0x41)
0   ... 
3   --O                                                                       (2 = 7.1%) {0.0%}
4   O                                                                         (0 = 0.0%) {7.1%}
5   -O                                                                        (1 = 3.6%) {7.1%}
6   ... 
8   ----O                                                                     (4 = 14.3%) {10.7%}
10  -O                                                                        (1 = 3.6%) {25.0%}
12  -----------O                                                              (11 = 39.3%) {28.6%}
14  --O                                                                       (2 = 7.1%) {67.9%}
17  ---O                                                                      (3 = 10.7%) {75.0%}
20  ---O                                                                      (3 = 10.7%) {85.7%}
24  -O                                                                        (1 = 3.6%) {96.4%}
29  ... 

Histogram: Sql.Statement.FirstPartySets.VMSteps recorded 34 samples, mean = 64.9 (flags = 0x41)
0     ... 
3     ----------O                                                               (10 = 29.4%) {0.0%}
4     O                                                                         (0 = 0.0%) {29.4%}
5     -O                                                                        (1 = 2.9%) {29.4%}
6     ... 
8     ---O                                                                      (3 = 8.8%) {32.4%}
10    -----O                                                                    (5 = 14.7%) {41.2%}
12    -----------O                                                              (11 = 32.4%) {55.9%}
14    ... 
20    -O                                                                        (1 = 2.9%) {88.2%}
24    --O                                                                       (2 = 5.9%) {91.2%}
29    ... 
1782  -O                                                                        (1 = 2.9%) {97.1%}
2117  ... 

Histogram: Sql.Statement.History.VMSteps recorded 82 samples, mean = 60.2 (flags = 0x41)
0    ... 
3    ------O                                                                   (6 = 7.3%) {0.0%}
4    O                                                                         (0 = 0.0%) {7.3%}
5    -O                                                                        (1 = 1.2%) {7.3%}
6    --O                                                                       (2 = 2.4%) {8.5%}
7    O                                                                         (0 = 0.0%) {11.0%}
8    ----O                                                                     (4 = 4.9%) {11.0%}
10   ----O                                                                     (4 = 4.9%) {15.9%}
12   --------------O                                                           (14 = 17.1%) {20.7%}
14   -O                                                                        (1 = 1.2%) {37.8%}
17   ---------------O                                                          (15 = 18.3%) {39.0%}
20   -----O                                                                    (5 = 6.1%) {57.3%}
24   ----------O                                                               (10 = 12.2%) {63.4%}
29   ---O                                                                      (3 = 3.7%) {75.6%}
34   -O                                                                        (1 = 1.2%) {79.3%}
40   O                                                                         (0 = 0.0%) {80.5%}
48   -O                                                                        (1 = 1.2%) {80.5%}
57   -O                                                                        (1 = 1.2%) {81.7%}
68   ------O                                                                   (6 = 7.3%) {82.9%}
81   -O                                                                        (1 = 1.2%) {90.2%}
96   -O                                                                        (1 = 1.2%) {91.5%}
114  O                                                                         (0 = 0.0%) {92.7%}
135  ---O                                                                      (3 = 3.7%) {92.7%}
160  ... 
633  -O                                                                        (1 = 1.2%) {96.3%}
752  O                                                                         (0 = 0.0%) {97.6%}
894  --O                                                                       (2 = 2.4%) {97.6%}
1062 ... 

Histogram: Sql.Statement.OptOutBlacklist.VMSteps recorded 4 samples, mean = 10.8 (flags = 0x41)
0   ... 
5   -O                                                                        (1 = 25.0%) {0.0%}
6   O                                                                         (0 = 0.0%) {25.0%}
7   -O                                                                        (1 = 25.0%) {25.0%}
8   O                                                                         (0 = 0.0%) {50.0%}
10  -O                                                                        (1 = 25.0%) {50.0%}
12  ... 
20  -O                                                                        (1 = 25.0%) {75.0%}
24  ... 

Histogram: Sql.Statement.Passwords.VMSteps recorded 53 samples, mean = 23.9 (flags = 0x41)
0   ... 
3   ----O                                                                     (4 = 7.5%) {0.0%}
4   O                                                                         (0 = 0.0%) {7.5%}
5   --O                                                                       (2 = 3.8%) {7.5%}
6   --------O                                                                 (8 = 15.1%) {11.3%}
7   ----O                                                                     (4 = 7.5%) {26.4%}
8   ---O                                                                      (3 = 5.7%) {34.0%}
10  O                                                                         (0 = 0.0%) {39.6%}
12  ------------O                                                             (12 = 22.6%) {39.6%}
14  --O                                                                       (2 = 3.8%) {62.3%}
17  O                                                                         (0 = 0.0%) {66.0%}
20  --O                                                                       (2 = 3.8%) {66.0%}
24  ... 
34  --O                                                                       (2 = 3.8%) {69.8%}
40  ----O                                                                     (4 = 7.5%) {73.6%}
48  O                                                                         (0 = 0.0%) {81.1%}
57  ----O                                                                     (4 = 7.5%) {81.1%}
68  ------O                                                                   (6 = 11.3%) {88.7%}
81  ... 

Histogram: Sql.Statement.Predictor.VMSteps recorded 15 samples, mean = 15.4 (flags = 0x41)
0   ... 
3   --O                                                                       (2 = 13.3%) {0.0%}
4   O                                                                         (0 = 0.0%) {13.3%}
5   -O                                                                        (1 = 6.7%) {13.3%}
6   ---O                                                                      (3 = 20.0%) {20.0%}
7   O                                                                         (0 = 0.0%) {40.0%}
8   -O                                                                        (1 = 6.7%) {40.0%}
10  --O                                                                       (2 = 13.3%) {46.7%}
12  -O                                                                        (1 = 6.7%) {60.0%}
14  -O                                                                        (1 = 6.7%) {66.7%}
17  ... 
24  -O                                                                        (1 = 6.7%) {73.3%}
29  -O                                                                        (1 = 6.7%) {80.0%}
34  O                                                                         (0 = 0.0%) {86.7%}
40  -O                                                                        (1 = 6.7%) {86.7%}
48  -O                                                                        (1 = 6.7%) {93.3%}
57  ... 

Histogram: Sql.Statement.Quota.VMSteps recorded 15 samples, mean = 8.9 (flags = 0x41)
0   ... 
3   ----O                                                                     (4 = 26.7%) {0.0%}
4   O                                                                         (0 = 0.0%) {26.7%}
5   -O                                                                        (1 = 6.7%) {26.7%}
6   ... 
8   -O                                                                        (1 = 6.7%) {33.3%}
10  -O                                                                        (1 = 6.7%) {40.0%}
12  --------O                                                                 (8 = 53.3%) {46.7%}
14  ... 

Histogram: Sql.Statement.ReportingAndNEL.VMSteps recorded 12 samples, mean = 13.8 (flags = 0x41)
0   ... 
3   --O                                                                       (2 = 16.7%) {0.0%}
4   O                                                                         (0 = 0.0%) {16.7%}
5   -O                                                                        (1 = 8.3%) {16.7%}
6   -O                                                                        (1 = 8.3%) {25.0%}
7   ... 
12  -----O                                                                    (5 = 41.7%) {33.3%}
14  ... 
20  -O                                                                        (1 = 8.3%) {75.0%}
24  O                                                                         (0 = 0.0%) {83.3%}
29  -O                                                                        (1 = 8.3%) {83.3%}
34  -O                                                                        (1 = 8.3%) {91.7%}
40  ... 

Histogram: Sql.Statement.SharedDictionary.VMSteps recorded 20 samples, mean = 9.1 (flags = 0x41)
0   ... 
3   --------O                                                                 (8 = 40.0%) {0.0%}
4   O                                                                         (0 = 0.0%) {40.0%}
5   -O                                                                        (1 = 5.0%) {40.0%}
6   ... 
8   -O                                                                        (1 = 5.0%) {45.0%}
10  O                                                                         (0 = 0.0%) {50.0%}
12  -------O                                                                  (7 = 35.0%) {50.0%}
14  O                                                                         (0 = 0.0%) {85.0%}
17  --O                                                                       (2 = 10.0%) {85.0%}
20  -O                                                                        (1 = 5.0%) {95.0%}
24  ... 

Histogram: Sql.Statement.SharedStorage.VMSteps recorded 3 samples, mean = 7.7 (flags = 0x41)
0   ... 
5   -O                                                                        (1 = 33.3%) {0.0%}
6   ... 
8   -O                                                                        (1 = 33.3%) {33.3%}
10  -O                                                                        (1 = 33.3%) {66.7%}
12  ... 

Histogram: Sql.Statement.Thumbnail.VMSteps recorded 22 samples, mean = 12.4 (flags = 0x41)
0   ... 
3   ------O                                                                   (6 = 27.3%) {0.0%}
4   O                                                                         (0 = 0.0%) {27.3%}
5   -O                                                                        (1 = 4.5%) {27.3%}
6   ... 
8   -O                                                                        (1 = 4.5%) {31.8%}
10  O                                                                         (0 = 0.0%) {36.4%}
12  ----------O                                                               (10 = 45.5%) {36.4%}
14  ... 
20  -O                                                                        (1 = 4.5%) {81.8%}
24  O                                                                         (0 = 0.0%) {86.4%}
29  ---O                                                                      (3 = 13.6%) {86.4%}
34  ... 

Histogram: Sql.Statement.TopSites.VMSteps recorded 13 samples, mean = 12.7 (flags = 0x41)
0   ... 
3   --O                                                                       (2 = 15.4%) {0.0%}
4   O                                                                         (0 = 0.0%) {15.4%}
5   -O                                                                        (1 = 7.7%) {15.4%}
6   ... 
12  ---------O                                                                (9 = 69.2%) {23.1%}
14  ... 
40  -O                                                                        (1 = 7.7%) {92.3%}
48  ... 

Histogram: Sql.Statement.TrustTokens.VMSteps recorded 16 samples, mean = 14.1 (flags = 0x41)
0   ... 
3   --O                                                                       (2 = 12.5%) {0.0%}
4   O                                                                         (0 = 0.0%) {12.5%}
5   -O                                                                        (1 = 6.2%) {12.5%}
6   ---O                                                                      (3 = 18.8%) {18.8%}
7   ... 
10  -O                                                                        (1 = 6.2%) {37.5%}
12  -----O                                                                    (5 = 31.2%) {43.8%}
14  ... 
20  -O                                                                        (1 = 6.2%) {75.0%}
24  O                                                                         (0 = 0.0%) {81.2%}
29  -O                                                                        (1 = 6.2%) {81.2%}
34  --O                                                                       (2 = 12.5%) {87.5%}
40  ... 

Histogram: Sql.Statement.UKMMetrics.VMSteps recorded 33 samples, mean = 14.8 (flags = 0x41)
0   ... 
3   -----O                                                                    (5 = 15.2%) {0.0%}
4   O                                                                         (0 = 0.0%) {15.2%}
5   -O                                                                        (1 = 3.0%) {15.2%}
6   ... 
8   -------O                                                                  (7 = 21.2%) {18.2%}
10  -O                                                                        (1 = 3.0%) {39.4%}
12  -------O                                                                  (7 = 21.2%) {42.4%}
14  O                                                                         (0 = 0.0%) {63.6%}
17  -O                                                                        (1 = 3.0%) {63.6%}
20  -------O                                                                  (7 = 21.2%) {66.7%}
24  O                                                                         (0 = 0.0%) {87.9%}
29  -O                                                                        (1 = 3.0%) {87.9%}
34  O                                                                         (0 = 0.0%) {90.9%}
40  ---O                                                                      (3 = 9.1%) {90.9%}
48  ... 

Histogram: Sql.Statement.Web.VMSteps recorded 126 samples, mean = 52.6 (flags = 0x41)
0    ... 
3    ----------O                                                               (10 = 7.9%) {0.0%}
4    -O                                                                        (1 = 0.8%) {7.9%}
5    -O                                                                        (1 = 0.8%) {8.7%}
6    ------------O                                                             (12 = 9.5%) {9.5%}
7    ----------O                                                               (10 = 7.9%) {19.0%}
8    -------O                                                                  (7 = 5.6%) {27.0%}
10   ----------O                                                               (10 = 7.9%) {32.5%}
12   ------------------O                                                       (18 = 14.3%) {40.5%}
14   -O                                                                        (1 = 0.8%) {54.8%}
17   ---O                                                                      (3 = 2.4%) {55.6%}
20   -O                                                                        (1 = 0.8%) {57.9%}
24   -O                                                                        (1 = 0.8%) {58.7%}
29   --O                                                                       (2 = 1.6%) {59.5%}
34   --O                                                                       (2 = 1.6%) {61.1%}
40   ---O                                                                      (3 = 2.4%) {62.7%}
48   ---O                                                                      (3 = 2.4%) {65.1%}
57   ----O                                                                     (4 = 3.2%) {67.5%}
68   ----O                                                                     (4 = 3.2%) {70.6%}
81   --O                                                                       (2 = 1.6%) {73.8%}
96   -------O                                                                  (7 = 5.6%) {75.4%}
114  -----O                                                                    (5 = 4.0%) {81.0%}
135  -------O                                                                  (7 = 5.6%) {84.9%}
160  -----O                                                                    (5 = 4.0%) {90.5%}
190  ------O                                                                   (6 = 4.8%) {94.4%}
226  ... 
318  -O                                                                        (1 = 0.8%) {99.2%}
378  ... 

Histogram: Sql.vfs.SyncTime recorded 47 samples, mean = 0.0 (flags = 0x41)
0  ---------------------------------------------O                            (45 = 95.7%)
1  --O                                                                       (2 = 4.3%) {95.7%}
2  ... 

Histogram: Stability.Counts2 recorded 14 samples, mean = 28.0 (flags = 0x43)
0   ... 
2   -O                                                                        (1 = 7.1%) {0.0%}
3   ... 
15  -O                                                                        (1 = 7.1%) {7.1%}
16  ... 
26  ---O                                                                      (3 = 21.4%) {14.3%}
27  ... 
33  ---------O                                                                (9 = 64.3%) {35.7%}
34  O                                                                         (0 = 0.0%) {100.0%}

Histogram: Stability.Experimental.PageLoads recorded 1 samples, mean = 17.0 (flags = 0x41)
0   ... 
17  -O                                                                        (1 = 100.0%) {0.0%}
18  O                                                                         (0 = 0.0%) {100.0%}

Histogram: Startup.AfterStartupTaskCount recorded 1 samples, mean = 2.0 (flags = 0x41)
0  ... 
2  -O                                                                        (1 = 100.0%) {0.0%}
3  ... 

Histogram: Startup.AfterStartupTaskDelayedUntilTime recorded 1 samples, mean = 27113.0 (flags = 0x41)
0      ... 
20614  -O                                                                        (1 = 100.0%) {0.0%}
27929  ... 

Histogram: Startup.BrowserMainRunnerImplInitializeLongTime recorded 1 samples, mean = 324.0 (flags = 0x41)
0    ... 
322  -O                                                                        (1 = 100.0%) {0.0%}
372  ... 

Histogram: Startup.BrowserMessageLoopFirstIdle recorded 1 samples, mean = 583691.0 (flags = 0x41)
0       ... 
557732  -O                                                                        (1 = 100.0%) {0.0%}
643760  ... 

Histogram: Startup.BrowserMessageLoopStartTime recorded 1 samples, mean = 443.0 (flags = 0x41)
0    ... 
429  -O                                                                        (1 = 100.0%) {0.0%}
495  ... 

Histogram: Startup.CreateFirstProfile recorded 1 samples, mean = 164.0 (flags = 0x41)
0    ... 
160  -O                                                                        (1 = 100.0%) {0.0%}
217  ... 

Histogram: Startup.FirstWebContents.FinishReason recorded 1 samples, mean = 6.0 (flags = 0x41)
0  ... 
6  -O                                                                        (1 = 100.0%) {0.0%}
7  ... 

Histogram: Startup.LoadTime.ApplicationStartToChromeMain recorded 1 samples, mean = 0.0 (flags = 0x41)
0  -O                                                                        (1 = 100.0%)
1  ... 

Histogram: Startup.LoadTime.ProcessCreateToApplicationStart recorded 1 samples, mean = 19831.0 (flags = 0x41)
0      ... 
15215  -O                                                                        (1 = 100.0%) {0.0%}
20614  ... 

Histogram: Startup.LoadTime.RecordedProcessCreation recorded 1 samples, mean = 1.0 (flags = 0x1)
0  O                                                                         (0 = 0.0%)
1  -O                                                                        (1 = 100.0%) {0.0%}
2  O                                                                         (0 = 0.0%) {100.0%}

Histogram: Startup.PreMainMessageLoopRunImplLongTime recorded 1 samples, mean = 221.0 (flags = 0x41)
0    ... 
210  -O                                                                        (1 = 100.0%) {0.0%}
242  ... 

Histogram: Startup.Renderer.LoadTime.ApplicationStartToRendererStartRunLoop recorded 1 samples, mean = 17.0 (flags = 0x41)
0   ... 
16  -O                                                                        (1 = 100.0%) {0.0%}
20  ... 

Histogram: Startup.Renderer.LoadTime.ChromeMainToRendererStartRunLoop recorded 1 samples, mean = 17.0 (flags = 0x41)
0   ... 
16  -O                                                                        (1 = 100.0%) {0.0%}
20  ... 

Histogram: Startup.Renderer.LoadTime.ProcessCreationToRendererStartRunLoop recorded 1 samples, mean = 71.0 (flags = 0x41)
0   ... 
66  -O                                                                        (1 = 100.0%) {0.0%}
84  ... 

Histogram: Startup.Temperature recorded 1 samples, mean = 3.0 (flags = 0x41)
0  ... 
3  -O                                                                        (1 = 100.0%) {0.0%}
4  O                                                                         (0 = 0.0%) {100.0%}

Histogram: Storage.Blob.CreateDirectoryResult recorded 1 samples, mean = 0.0 (flags = 0x41)
0  -O                                                                        (1 = 100.0%)
1  ... 

Histogram: Storage.SessionStorage.RendererAreaCacheHit recorded 2 samples, mean = 1.0 (flags = 0x41)
0  -O                                                                        (1 = 50.0%)
1  O                                                                         (0 = 0.0%) {50.0%}
2  -O                                                                        (1 = 50.0%) {50.0%}
3  O                                                                         (0 = 0.0%) {100.0%}

Histogram: Storage.SharedStorage.Database.Timing.OpenImpl recorded 1 samples, mean = 1.0 (flags = 0x41)
0  O                                                                         (0 = 0.0%)
1  -O                                                                        (1 = 100.0%) {0.0%}
2  ... 

Histogram: Storage.SharedStorage.OnShutdown.NumSqlErrors recorded 1 samples, mean = 0.0 (flags = 0x41)
0  -O                                                                        (1 = 100.0%)
1  ... 

Histogram: Storage.SharedStorage.OnShutdown.RecoveryFromInitFailureAttempted recorded 1 samples, mean = 0.0 (flags = 0x41)
0  -O                                                                        (1 = 100.0%)
1  ... 

Histogram: Storage.SharedStorage.OnShutdown.RecoveryOnDiskAttempted recorded 1 samples, mean = 0.0 (flags = 0x41)
0  -O                                                                        (1 = 100.0%)
1  ... 

Histogram: Storage.SharedStorage.Worklet.NumPerPage recorded 1 samples, mean = 0.0 (flags = 0x41)
0  -O                                                                        (1 = 100.0%)
1  ... 

Histogram: Storage.SharedStorage.Worklet.SelectURL.CallsPerPage recorded 1 samples, mean = 0.0 (flags = 0x41)
0  -O                                                                        (1 = 100.0%)
1  ... 

Histogram: Style.InvalidationTime recorded 3 samples, mean = 45.3 (flags = 0x41)
0   ... 
21  -O                                                                        (1 = 33.3%) {0.0%}
29  O                                                                         (0 = 0.0%) {33.3%}
40  -O                                                                        (1 = 33.3%) {33.3%}
55  -O                                                                        (1 = 33.3%) {66.7%}
76  ... 

Histogram: Style.RebuildLayoutTreeTime recorded 9 samples, mean = 662.8 (flags = 0x41)
0     ... 
21    -O                                                                        (1 = 11.1%) {0.0%}
29    -O                                                                        (1 = 11.1%) {11.1%}
40    --O                                                                       (2 = 22.2%) {22.2%}
55    --O                                                                       (2 = 22.2%) {44.4%}
76    ... 
282   -O                                                                        (1 = 11.1%) {66.7%}
391   O                                                                         (0 = 0.0%) {77.8%}
542   -O                                                                        (1 = 11.1%) {77.8%}
752   ... 
3865  -O                                                                        (1 = 11.1%) {88.9%}
5362  ... 

Histogram: Style.RecalcTime recorded 14 samples, mean = 2383.6 (flags = 0x41)
0      O                                                                         (0 = 0.0%)
1      -O                                                                        (1 = 7.1%) {0.0%}
2      ... 
29     --O                                                                       (2 = 14.3%) {7.1%}
40     O                                                                         (0 = 0.0%) {21.4%}
55     -O                                                                        (1 = 7.1%) {21.4%}
76     -O                                                                        (1 = 7.1%) {28.6%}
105    ... 
282    -O                                                                        (1 = 7.1%) {35.7%}
391    ... 
752    -O                                                                        (1 = 7.1%) {42.9%}
1043   O                                                                         (0 = 0.0%) {50.0%}
1447   --O                                                                       (2 = 14.3%) {50.0%}
2008   O                                                                         (0 = 0.0%) {64.3%}
2786   --O                                                                       (2 = 14.3%) {64.3%}
3865   -O                                                                        (1 = 7.1%) {78.6%}
5362   -O                                                                        (1 = 7.1%) {85.7%}
7439   O                                                                         (0 = 0.0%) {92.9%}
10321  -O                                                                        (1 = 7.1%) {92.9%}
14319  ... 

Histogram: SubresourceFilter.DocumentLoad.RulesetIsAvailable recorded 3 samples, mean = 1.0 (flags = 0x41)
0  O                                                                         (0 = 0.0%)
1  ---O                                                                      (3 = 100.0%) {0.0%}
2  O                                                                         (0 = 0.0%) {100.0%}

Histogram: SubresourceFilter.IndexRuleset.Verify.Status recorded 1 samples, mean = 0.0 (flags = 0x41)
0  -O                                                                        (1 = 100.0%)
1  ... 

Histogram: SubresourceFilter.IndexRuleset.Verify2.WallDuration recorded 1 samples, mean = 1.0 (flags = 0x41)
0  O                                                                         (0 = 0.0%)
1  -O                                                                        (1 = 100.0%) {0.0%}
2  ... 

Histogram: SubresourceFilter.MainFrameLoad.RulesetIsAvailableAnyActivationLevel recorded 1 samples, mean = 1.0 (flags = 0x41)
0  O                                                                         (0 = 0.0%)
1  -O                                                                        (1 = 100.0%) {0.0%}
2  O                                                                         (0 = 0.0%) {100.0%}

Histogram: SubresourceFilter.PageLoad.ActivationDecision recorded 1 samples, mean = 1.0 (flags = 0x41)
0  O                                                                         (0 = 0.0%)
1  -O                                                                        (1 = 100.0%) {0.0%}
2  ... 

Histogram: SubresourceFilter.PageLoad.ActivationList recorded 1 samples, mean = 0.0 (flags = 0x41)
0  -O                                                                        (1 = 100.0%)
1  ... 

Histogram: SubresourceFilter.PageLoad.ActivationState recorded 2 samples, mean = 0.5 (flags = 0x41)
0  -O                                                                        (1 = 50.0%)
1  -O                                                                        (1 = 50.0%) {50.0%}
2  ... 

Histogram: SubresourceFilter.PageLoad.NumSubresourceLoads.Disallowed recorded 1 samples, mean = 0.0 (flags = 0x41)
0  -O                                                                        (1 = 100.0%)
1  ... 

Histogram: SubresourceFilter.PageLoad.NumSubresourceLoads.Evaluated recorded 1 samples, mean = 113.0 (flags = 0x41)
0    ... 
107  -O                                                                        (1 = 100.0%) {0.0%}
120  ... 

Histogram: SubresourceFilter.PageLoad.NumSubresourceLoads.MatchedRules recorded 1 samples, mean = 0.0 (flags = 0x41)
0  -O                                                                        (1 = 100.0%)
1  ... 

Histogram: SubresourceFilter.PageLoad.NumSubresourceLoads.Total recorded 1 samples, mean = 113.0 (flags = 0x41)
0    ... 
107  -O                                                                        (1 = 100.0%) {0.0%}
120  ... 

Histogram: SubresourceFilter.PageLoad.SafeBrowsingDelay recorded 1 samples, mean = 0.0 (flags = 0x41)
0  -O                                                                        (1 = 100.0%)
1  ... 

Histogram: SubresourceFilter.SafeBrowsing.TotalCheckTime recorded 3 samples, mean = 0.0 (flags = 0x41)
0  ---O                                                                      (3 = 100.0%)
1  ... 

Histogram: Sync.FeatureStatusForSyncToSigninMigration recorded 1 samples, mean = 1.0 (flags = 0x41)
0  O                                                                         (0 = 0.0%)
1  -O                                                                        (1 = 100.0%) {0.0%}
2  ... 

Histogram: Sync.InitialState2 recorded 1 samples, mean = 1.0 (flags = 0x41)
0  O                                                                         (0 = 0.0%)
1  -O                                                                        (1 = 100.0%) {0.0%}
2  ... 

Histogram: Sync.Local.Enabled2 recorded 1 samples, mean = 0.0 (flags = 0x41)
0  -O                                                                        (1 = 100.0%)
1  ... 

Histogram: Sync.ModelTypeStoreBackendError.ReadRecords recorded 22 samples, mean = 1.0 (flags = 0x41)
0  O                                                                         (0 = 0.0%)
1  ----------------------O                                                   (22 = 100.0%) {0.0%}
2  ... 

Histogram: Sync.ModelTypeStoreBackendInitializationSuccess recorded 1 samples, mean = 1.0 (flags = 0x41)
0  O                                                                         (0 = 0.0%)
1  -O                                                                        (1 = 100.0%) {0.0%}
2  O                                                                         (0 = 0.0%) {100.0%}

Histogram: Sync.PassphraseType2 recorded 1 samples, mean = 0.0 (flags = 0x41)
0  -O                                                                        (1 = 100.0%)
1  ... 

Histogram: Sync.Startup.AccountInfoFullyLoaded2 recorded 1 samples, mean = 0.0 (flags = 0x41)
0  -O                                                                        (1 = 100.0%)
1  ... 

Histogram: Sync.Startup.SignedInWithoutAccountInfo2 recorded 1 samples, mean = 0.0 (flags = 0x41)
0  -O                                                                        (1 = 100.0%)
1  ... 

Histogram: Sync.SyncToSigninMigrationDecision recorded 1 samples, mean = 1.0 (flags = 0x41)
0  O                                                                         (0 = 0.0%)
1  -O                                                                        (1 = 100.0%) {0.0%}
2  ... 

Histogram: Sync.TrustedVaultFileReadStatus recorded 1 samples, mean = 0.0 (flags = 0x41)
0  -O                                                                        (1 = 100.0%)
1  ... 

Histogram: Sync.TrustedVaultFileWriteSuccess recorded 1 samples, mean = 1.0 (flags = 0x41)
0  O                                                                         (0 = 0.0%)
1  -O                                                                        (1 = 100.0%) {0.0%}
2  O                                                                         (0 = 0.0%) {100.0%}

Histogram: TabGroups.CollapsedGroupCountPerLoad recorded 1 samples, mean = 0.0 (flags = 0x41)
0  -O                                                                        (1 = 100.0%)
1  ... 

Histogram: TabGroups.ParseSavedTabGroupDataEntries.ParseFailurePercentage recorded 1 samples, mean = 0.0 (flags = 0x41)
0  -O                                                                        (1 = 100.0%)
1  ... 

Histogram: TabGroups.SavedTabGroupSyncBridge.MigrationResult recorded 4 samples, mean = 6.8 (flags = 0x41)
0   O                                                                         (0 = 0.0%)
1   -O                                                                        (1 = 25.0%) {0.0%}
2   O                                                                         (0 = 0.0%) {25.0%}
3   -O                                                                        (1 = 25.0%) {25.0%}
4   ... 
8   -O                                                                        (1 = 25.0%) {50.0%}
9   ... 
15  -O                                                                        (1 = 25.0%) {75.0%}
16  O                                                                         (0 = 0.0%) {100.0%}

Histogram: TabGroups.UserCustomizedGroupCountPerLoad recorded 1 samples, mean = 0.0 (flags = 0x41)
0  -O                                                                        (1 = 100.0%)
1  ... 

Histogram: TabGroups.UserGroupCountPerLoad recorded 1 samples, mean = 0.0 (flags = 0x41)
0  -O                                                                        (1 = 100.0%)
1  ... 

Histogram: TabGroups.UserPinnedTabCountPerLoad recorded 1 samples, mean = 0.0 (flags = 0x41)
0  -O                                                                        (1 = 100.0%)
1  ... 

Histogram: Tabs.NewNavigationWithSameOriginTab recorded 1 samples, mean = 0.0 (flags = 0x41)
0  -O                                                                        (1 = 100.0%)
1  ... 

Histogram: Tabs.TabCount recorded 1 samples, mean = 0.0 (flags = 0x41)
0  -O                                                                        (1 = 100.0%)
1  ... 

Histogram: Tabs.TabCount.PluggedIn recorded 1 samples, mean = 0.0 (flags = 0x41)
0  -O                                                                        (1 = 100.0%)
1  ... 

Histogram: Tabs.TabCountPerLoad recorded 1 samples, mean = 0.0 (flags = 0x41)
0  -O                                                                        (1 = 100.0%)
1  ... 

Histogram: Tabs.WindowCount recorded 1 samples, mean = 0.0 (flags = 0x41)
0  -O                                                                        (1 = 100.0%)
1  ... 

Histogram: Tabs.WindowCount.PluggedIn recorded 1 samples, mean = 0.0 (flags = 0x41)
0  -O                                                                        (1 = 100.0%)
1  ... 

Histogram: ThirdPartyModules.InputMethodEditorsCount recorded 1 samples, mean = 0.0 (flags = 0x41)
0  -O                                                                        (1 = 100.0%)
1  ... 

Histogram: ThreadPool.UnnecessaryWakeup.Browser.Background recorded 7 samples, mean = 1.0 (flags = 0x41)
0  O                                                                         (0 = 0.0%)
1  -------O                                                                  (7 = 100.0%) {0.0%}
2  O                                                                         (0 = 0.0%) {100.0%}

Histogram: ThreadPool.UnnecessaryWakeup.Browser.Foreground recorded 152 samples, mean = 1.0 (flags = 0x41)
0  O                                                                         (0 = 0.0%)
1  ------------------------------------------------------------------------O (152 = 100.0%) {0.0%}
2  O                                                                         (0 = 0.0%) {100.0%}

Histogram: ThreadPool.UnnecessaryWakeup.ContentChild.Foreground recorded 4 samples, mean = 1.0 (flags = 0x41)
0  O                                                                         (0 = 0.0%)
1  ----O                                                                     (4 = 100.0%) {0.0%}
2  O                                                                         (0 = 0.0%) {100.0%}

Histogram: ThreadPool.UnnecessaryWakeup.GPU.Foreground recorded 2 samples, mean = 1.0 (flags = 0x41)
0  O                                                                         (0 = 0.0%)
1  --O                                                                       (2 = 100.0%) {0.0%}
2  O                                                                         (0 = 0.0%) {100.0%}

Histogram: ThreadPool.UnnecessaryWakeup.Renderer.Foreground recorded 65 samples, mean = 1.0 (flags = 0x41)
0  O                                                                         (0 = 0.0%)
1  -----------------------------------------------------------------O        (65 = 100.0%) {0.0%}
2  O                                                                         (0 = 0.0%) {100.0%}

Histogram: Translate.ApplicationStart.AlwaysTranslateLanguage.Count recorded 1 samples, mean = 0.0 (flags = 0x41)
0  -O                                                                        (1 = 100.0%)
1  ... 

Histogram: Translate.ApplicationStart.NeverTranslateLanguage recorded 1 samples (flags = 0x41)
-74147910-O                                                                        (1 = 100.0%)

Histogram: Translate.ApplicationStart.NeverTranslateLanguage.Count recorded 1 samples, mean = 1.0 (flags = 0x41)
0  O                                                                         (0 = 0.0%)
1  -O                                                                        (1 = 100.0%) {0.0%}
2  ... 

Histogram: Translate.ApplicationStart.NeverTranslateSite.Count recorded 1 samples, mean = 0.0 (flags = 0x41)
0  -O                                                                        (1 = 100.0%)
1  ... 

Histogram: Translate.LanguageDetection.LanguageVerification recorded 1 samples, mean = 2.0 (flags = 0x41)
0  ... 
2  -O                                                                        (1 = 100.0%) {0.0%}
3  ... 

Histogram: Translate.LanguageDeterminedDuration recorded 1 samples, mean = 0.0 (flags = 0x41)
0  -O                                                                        (1 = 100.0%)
1  ... 

Histogram: Translate.PageLoad.FinalSourceLanguage recorded 1 samples (flags = 0x41)
-74147910-O                                                                        (1 = 100.0%)

Histogram: Translate.PageLoad.FinalState recorded 1 samples, mean = 1.0 (flags = 0x41)
0  O                                                                         (0 = 0.0%)
1  -O                                                                        (1 = 100.0%) {0.0%}
2  ... 

Histogram: Translate.PageLoad.FinalTargetLanguage recorded 1 samples (flags = 0x41)
-74147910-O                                                                        (1 = 100.0%)

Histogram: Translate.PageLoad.InitialSourceLanguage recorded 1 samples (flags = 0x41)
-74147910-O                                                                        (1 = 100.0%)

Histogram: Translate.PageLoad.InitialState recorded 1 samples, mean = 1.0 (flags = 0x41)
0  O                                                                         (0 = 0.0%)
1  -O                                                                        (1 = 100.0%) {0.0%}
2  ... 

Histogram: Translate.PageLoad.InitialTargetLanguage recorded 1 samples (flags = 0x41)
-74147910-O                                                                        (1 = 100.0%)

Histogram: Translate.PageLoad.InitialTargetLanguage.Origin recorded 1 samples, mean = 1.0 (flags = 0x41)
0  O                                                                         (0 = 0.0%)
1  -O                                                                        (1 = 100.0%) {0.0%}
2  ... 

Histogram: Translate.PageLoad.IsInitialSourceLanguageInUsersContentLanguages recorded 1 samples, mean = 1.0 (flags = 0x41)
0  O                                                                         (0 = 0.0%)
1  -O                                                                        (1 = 100.0%) {0.0%}
2  O                                                                         (0 = 0.0%) {100.0%}

Histogram: Translate.PageLoad.NumReversions recorded 1 samples, mean = 0.0 (flags = 0x41)
0  -O                                                                        (1 = 100.0%)
1  ... 

Histogram: Translate.PageLoad.NumTargetLanguageChanges recorded 1 samples, mean = 0.0 (flags = 0x41)
0  -O                                                                        (1 = 100.0%)
1  ... 

Histogram: Translate.PageLoad.NumTranslations recorded 1 samples, mean = 0.0 (flags = 0x41)
0  -O                                                                        (1 = 100.0%)
1  ... 

Histogram: Translate.PageLoad.Ranker.Decision recorded 1 samples, mean = 1.0 (flags = 0x41)
0  O                                                                         (0 = 0.0%)
1  -O                                                                        (1 = 100.0%) {0.0%}
2  ... 

Histogram: Translate.PageLoad.Ranker.Version recorded 1 samples (flags = 0x41)
0  -O                                                                        (1 = 100.0%)

Histogram: Translate.PageLoad.TriggerDecision recorded 1 samples, mean = 4.0 (flags = 0x41)
0  ... 
4  -O                                                                        (1 = 100.0%) {0.0%}
5  ... 

Histogram: Translate.Ranker.Model.Status2 recorded 2 samples, mean = 6.5 (flags = 0x41)
0  ... 
6  -O                                                                        (1 = 50.0%) {0.0%}
7  -O                                                                        (1 = 50.0%) {50.0%}
8  O                                                                         (0 = 0.0%) {100.0%}

Histogram: UI.DeviceScale recorded 1 samples (flags = 0x41)
100  -O                                                                        (1 = 100.0%)

Histogram: UKM.ConsentObserver.Purge recorded 1 samples, mean = 0.0 (flags = 0x41)
0  -O                                                                        (1 = 100.0%)
1  ... 

Histogram: UKM.Entries.Dropped recorded 114 samples, mean = 1.0 (flags = 0x41)
0  O                                                                         (0 = 0.0%)
1  ------------------------------------------------------------------------O (114 = 100.0%) {0.0%}
2  ... 

Histogram: UKM.Entries.Dropped.ByEntryHash recorded 114 samples (flags = 0x41)
58315124    -O                                                                        (1 = 0.9%)
181657211   --O                                                                       (2 = 1.8%)
189164898   -O                                                                        (1 = 0.9%)
251237400   -O                                                                        (1 = 0.9%)
270025173   -O                                                                        (1 = 0.9%)
277070773   -O                                                                        (1 = 0.9%)
385121421   -O                                                                        (1 = 0.9%)
480593958   -----O                                                                    (5 = 4.4%)
532600439   ---O                                                                      (3 = 2.6%)
575234402   -O                                                                        (1 = 0.9%)
624513781   -O                                                                        (1 = 0.9%)
654949485   ---------------O                                                          (15 = 13.2%)
661477988   -O                                                                        (1 = 0.9%)
705322609   ---O                                                                      (3 = 2.6%)
805578149   -O                                                                        (1 = 0.9%)
810755299   -O                                                                        (1 = 0.9%)
828084724   ----O                                                                     (4 = 3.5%)
854760832   -O                                                                        (1 = 0.9%)
888761441   -O                                                                        (1 = 0.9%)
902138984   --------O                                                                 (8 = 7.0%)
986870865   --O                                                                       (2 = 1.8%)
1004547038  -O                                                                        (1 = 0.9%)
1035062417  -O                                                                        (1 = 0.9%)
1078164680  --O                                                                       (2 = 1.8%)
1149114043  -O                                                                        (1 = 0.9%)
1262170432  --------O                                                                 (8 = 7.0%)
1321082436  --O                                                                       (2 = 1.8%)
1350795912  -O                                                                        (1 = 0.9%)
1354891390  -O                                                                        (1 = 0.9%)
1404242571  ----O                                                                     (4 = 3.5%)
1548358279  -O                                                                        (1 = 0.9%)
1576109827  -O                                                                        (1 = 0.9%)
1604233346  -------O                                                                  (7 = 6.1%)
1607081943  -O                                                                        (1 = 0.9%)
1645426679  -----O                                                                    (5 = 4.4%)
1663717192  -O                                                                        (1 = 0.9%)
1767609109  -----------O                                                              (11 = 9.6%)
1790338714  -O                                                                        (1 = 0.9%)
1832900131  ----O                                                                     (4 = 3.5%)
1866365893  -O                                                                        (1 = 0.9%)
1871083634  -O                                                                        (1 = 0.9%)
1982793904  -O                                                                        (1 = 0.9%)
2037740339  --O                                                                       (2 = 1.8%)
2066033668  -O                                                                        (1 = 0.9%)

Histogram: UKM.PersistentLogRecall.Status recorded 1 samples, mean = 1.0 (flags = 0x41)
0  O                                                                         (0 = 0.0%)
1  -O                                                                        (1 = 100.0%) {0.0%}
2  ... 

Histogram: UKM.Sources.Dropped recorded 7 samples, mean = 1.0 (flags = 0x41)
0  O                                                                         (0 = 0.0%)
1  -------O                                                                  (7 = 100.0%) {0.0%}
2  ... 

Histogram: UKM.WebDXFeatureSets.Dropped recorded 2 samples, mean = 1.0 (flags = 0x41)
0  O                                                                         (0 = 0.0%)
1  --O                                                                       (2 = 100.0%) {0.0%}
2  ... 

Histogram: UMA.ChildProcess.Ping.SharedMemorySetUp recorded 40 samples, mean = 1.0 (flags = 0x41)
0  --------------O                                                           (14 = 35.0%)
1  -------------O                                                            (13 = 32.5%) {35.0%}
2  -------------O                                                            (13 = 32.5%) {67.5%}
3  O                                                                         (0 = 0.0%) {100.0%}

Histogram: UMA.CleanExitBeaconConsistency3 recorded 1 samples, mean = 1.0 (flags = 0x41)
0  O                                                                         (0 = 0.0%)
1  -O                                                                        (1 = 100.0%) {0.0%}
2  ... 

Histogram: UMA.EntropySourceType recorded 1 samples, mean = 1.0 (flags = 0x41)
0  O                                                                         (0 = 0.0%)
1  -O                                                                        (1 = 100.0%) {0.0%}
2  ... 

Histogram: UMA.LocalHistogram recorded 15 samples, mean = 1.0 (flags = 0x40)
0  O                                                                         (0 = 0.0%)
1  ---------------O                                                          (15 = 100.0%) {0.0%}
2  O                                                                         (0 = 0.0%) {100.0%}

Histogram: UMA.MachineIdState recorded 1 samples, mean = 3.0 (flags = 0x41)
0  ... 
3  -O                                                                        (1 = 100.0%) {0.0%}
4  O                                                                         (0 = 0.0%) {100.0%}

Histogram: UMA.MetricsService.Initialize.Time recorded 1 samples, mean = 167.0 (flags = 0x41)
0    ... 
149  -O                                                                        (1 = 100.0%) {0.0%}
196  ... 

Histogram: UMA.MetricsService.PendingOngoingLogOnDisable recorded 1 samples, mean = 0.0 (flags = 0x41)
0  -O                                                                        (1 = 100.0%)
1  ... 

Histogram: UMA.PersistentAllocator.BrowserMetrics.Errors recorded 0 samples (flags = 0x41)
0 ... 

Histogram: UMA.PersistentAllocator.BrowserMetrics.UsedPct recorded 0 samples (flags = 0x41)
0 ... 

Histogram: UMA.PersistentAllocator.EarlyHistograms.BrowserMetrics recorded 1 samples, mean = 1.0 (flags = 0x41)
0  O                                                                         (0 = 0.0%)
1  -O                                                                        (1 = 100.0%) {0.0%}
2  ... 

Histogram: UMA.PersistentAllocator.EarlyHistograms.GpuMetrics recorded 1 samples, mean = 25.0 (flags = 0x41)
0   ... 
25  -O                                                                        (1 = 100.0%) {0.0%}
26  ... 

Histogram: UMA.PersistentAllocator.EarlyHistograms.RendererMetrics recorded 3 samples, mean = 28.3 (flags = 0x41)
0   ... 
25  -O                                                                        (1 = 33.3%) {0.0%}
26  ... 
30  --O                                                                       (2 = 66.7%) {33.3%}
32  ... 

Histogram: UMA.PersistentAllocator.EarlyHistograms.UtilityMetrics recorded 9 samples, mean = 7.1 (flags = 0x41)
0  ... 
7  --------O                                                                 (8 = 88.9%) {0.0%}
8  -O                                                                        (1 = 11.1%) {88.9%}
9  ... 

Histogram: UMA.PersistentAllocator.FieldTrialAllocator.Errors recorded 0 samples (flags = 0x41)
0 ... 

Histogram: UMA.PersistentAllocator.FieldTrialAllocator.UsedPct recorded 14 samples, mean = 0.0 (flags = 0x41)
0  --------------O                                                           (14 = 100.0%)
1  ... 

Histogram: UMA.PersistentHistograms.InitResult recorded 1 samples, mean = 2.0 (flags = 0x41)
0  ... 
2  -O                                                                        (1 = 100.0%) {0.0%}
3  ... 

Histogram: UMA.Pseudo.PageLoad.LayoutInstability.CumulativeShiftScore recorded 1 samples, mean = 0.0 (flags = 0x41)
0  -O                                                                        (1 = 100.0%)
1  ... 

Histogram: UMA.Pseudo.PageLoad.LayoutInstability.MaxCumulativeShiftScore.SessionWindow.Gap1000ms.Max5000ms2 recorded 1 samples, mean = 0.0 (flags = 0x41)
0  -O                                                                        (1 = 100.0%)
1  ... 

Histogram: UnifiedConsent.MakeSearchesAndBrowsingBetter.OnProfileLoad recorded 1 samples, mean = 0.0 (flags = 0x41)
0  -O                                                                        (1 = 100.0%)
1  ... 

Histogram: UpdateClient.BackgroundDownloaderWin.ExistingJobUsed recorded 3 samples, mean = 0.0 (flags = 0x41)
0  ---O                                                                      (3 = 100.0%)
1  ... 

Histogram: UpdateClient.BackgroundDownloaderWin.StaleJobsCleaned recorded 1 samples, mean = 0.0 (flags = 0x41)
0  -O                                                                        (1 = 100.0%)
1  ... 

Histogram: UpdateClient.Component.CanUpdateResult recorded 3 samples, mean = 3.0 (flags = 0x41)
0  ... 
3  ---O                                                                      (3 = 100.0%) {0.0%}
4  O                                                                         (0 = 0.0%) {100.0%}

Histogram: UpdateClient.Component.UpdateCheckResult recorded 19 samples, mean = 2.8 (flags = 0x41)
0  ... 
2  ---O                                                                      (3 = 15.8%) {0.0%}
3  ----------------O                                                         (16 = 84.2%) {15.8%}
4  O                                                                         (0 = 0.0%) {100.0%}

Histogram: UpdateClient.Component.Updated recorded 3 samples, mean = 1.0 (flags = 0x41)
0  O                                                                         (0 = 0.0%)
1  ---O                                                                      (3 = 100.0%) {0.0%}
2  O                                                                         (0 = 0.0%) {100.0%}

Histogram: UpdateClient.CrxDownloader.DownloadCompleteSuccess recorded 3 samples, mean = 1.0 (flags = 0x41)
0  O                                                                         (0 = 0.0%)
1  ---O                                                                      (3 = 100.0%) {0.0%}
2  O                                                                         (0 = 0.0%) {100.0%}

Histogram: V8.CollectSourcePositions recorded 12 samples, mean = 51.7 (flags = 0x41)
0    ... 
3    -O                                                                        (1 = 8.3%) {0.0%}
4    ... 
9    -O                                                                        (1 = 8.3%) {8.3%}
12   -O                                                                        (1 = 8.3%) {16.7%}
16   --O                                                                       (2 = 16.7%) {25.0%}
21   O                                                                         (0 = 0.0%) {41.7%}
28   -O                                                                        (1 = 8.3%) {41.7%}
37   O                                                                         (0 = 0.0%) {50.0%}
49   -O                                                                        (1 = 8.3%) {50.0%}
65   ---O                                                                      (3 = 25.0%) {58.3%}
86   -O                                                                        (1 = 8.3%) {83.3%}
113  -O                                                                        (1 = 8.3%) {91.7%}
149  ... 

Histogram: V8.CompileDeserializeMicroSeconds recorded 17 samples, mean = 3.2 (flags = 0x41)
0  O                                                                         (0 = 0.0%)
1  ----O                                                                     (4 = 23.5%) {0.0%}
2  ----O                                                                     (4 = 23.5%) {23.5%}
3  -----O                                                                    (5 = 29.4%) {47.1%}
4  --O                                                                       (2 = 11.8%) {76.5%}
5  ... 
9  --O                                                                       (2 = 11.8%) {88.2%}
12 ... 

Histogram: V8.CompileLazyMicroSeconds recorded 6 samples, mean = 4299.7 (flags = 0x41)
0      ... 
55     -O                                                                        (1 = 16.7%) {0.0%}
76     ... 
282    -O                                                                        (1 = 16.7%) {16.7%}
391    ... 
1447   -O                                                                        (1 = 16.7%) {33.3%}
2008   O                                                                         (0 = 0.0%) {50.0%}
2786   -O                                                                        (1 = 16.7%) {50.0%}
3865   -O                                                                        (1 = 16.7%) {66.7%}
5362   ... 
14319  -O                                                                        (1 = 16.7%) {83.3%}
19866  ... 

Histogram: V8.CompileMicroSeconds recorded 22 samples, mean = 144.2 (flags = 0x41)
0     ... 
7     -----O                                                                    (5 = 22.7%) {0.0%}
9     ---O                                                                      (3 = 13.6%) {22.7%}
12    ---O                                                                      (3 = 13.6%) {36.4%}
16    ---O                                                                      (3 = 13.6%) {50.0%}
21    --O                                                                       (2 = 9.1%) {63.6%}
28    ---O                                                                      (3 = 13.6%) {72.7%}
37    ... 
149   -O                                                                        (1 = 4.5%) {86.4%}
196   O                                                                         (0 = 0.0%) {90.9%}
258   -O                                                                        (1 = 4.5%) {90.9%}
340   ... 
2336  -O                                                                        (1 = 4.5%) {95.5%}
3077  ... 

Histogram: V8.CompileScript.CacheBehaviour recorded 45 samples, mean = 5.3 (flags = 0x41)
0   ... 
2   -----------------O                                                        (17 = 37.8%) {0.0%}
3   O                                                                         (0 = 0.0%) {37.8%}
4   ----------------O                                                         (16 = 35.6%) {37.8%}
5   ... 
8   --O                                                                       (2 = 4.4%) {73.3%}
9   ... 
12  ------O                                                                   (6 = 13.3%) {77.8%}
13  ----O                                                                     (4 = 8.9%) {91.1%}
14  ... 

Histogram: V8.CompileScriptMicroSeconds recorded 45 samples, mean = 191.6 (flags = 0x41)
0     O                                                                         (0 = 0.0%)
1     --O                                                                       (2 = 4.4%) {0.0%}
2     ---O                                                                      (3 = 6.7%) {4.4%}
3     ---O                                                                      (3 = 6.7%) {11.1%}
4     ----O                                                                     (4 = 8.9%) {17.8%}
5     ---O                                                                      (3 = 6.7%) {26.7%}
7     --O                                                                       (2 = 4.4%) {33.3%}
9     --O                                                                       (2 = 4.4%) {37.8%}
12    -O                                                                        (1 = 2.2%) {42.2%}
16    --O                                                                       (2 = 4.4%) {44.4%}
21    ---O                                                                      (3 = 6.7%) {48.9%}
28    ---O                                                                      (3 = 6.7%) {55.6%}
37    -----O                                                                    (5 = 11.1%) {62.2%}
49    ---O                                                                      (3 = 6.7%) {73.3%}
65    ---O                                                                      (3 = 6.7%) {80.0%}
86    ... 
149   -O                                                                        (1 = 2.2%) {86.7%}
196   -O                                                                        (1 = 2.2%) {88.9%}
258   -O                                                                        (1 = 2.2%) {91.1%}
340   -O                                                                        (1 = 2.2%) {93.3%}
448   O                                                                         (0 = 0.0%) {95.6%}
590   -O                                                                        (1 = 2.2%) {95.6%}
777   ... 
5338  -O                                                                        (1 = 2.2%) {97.8%}
7031  ... 

Histogram: V8.CompileScriptMicroSeconds.BackgroundThread recorded 6 samples, mean = 13294.2 (flags = 0x41)
0      ... 
149    -O                                                                        (1 = 16.7%) {0.0%}
196    O                                                                         (0 = 0.0%) {16.7%}
258    -O                                                                        (1 = 16.7%) {16.7%}
340    ... 
1023   -O                                                                        (1 = 16.7%) {33.3%}
1347   -O                                                                        (1 = 16.7%) {50.0%}
1774   ... 
12196  -O                                                                        (1 = 16.7%) {66.7%}
16063  ... 
48336  -O                                                                        (1 = 16.7%) {83.3%}
63662  ... 

Histogram: V8.CompileScriptMicroSeconds.ConsumeCache recorded 17 samples, mean = 6.5 (flags = 0x41)
0   O                                                                         (0 = 0.0%)
1   -O                                                                        (1 = 5.9%) {0.0%}
2   ---O                                                                      (3 = 17.6%) {5.9%}
3   ---O                                                                      (3 = 17.6%) {23.5%}
4   ----O                                                                     (4 = 23.5%) {41.2%}
5   -O                                                                        (1 = 5.9%) {64.7%}
7   --O                                                                       (2 = 11.8%) {70.6%}
9   O                                                                         (0 = 0.0%) {82.4%}
12  -O                                                                        (1 = 5.9%) {82.4%}
16  O                                                                         (0 = 0.0%) {88.2%}
21  --O                                                                       (2 = 11.8%) {88.2%}
28  ... 

Histogram: V8.CompileScriptMicroSeconds.ConsumeCache.BackgroundThread recorded 17 samples, mean = 84.3 (flags = 0x41)
0    ... 
16   ---O                                                                      (3 = 17.6%) {0.0%}
21   --O                                                                       (2 = 11.8%) {17.6%}
28   --O                                                                       (2 = 11.8%) {29.4%}
37   ----O                                                                     (4 = 23.5%) {41.2%}
49   ---O                                                                      (3 = 17.6%) {64.7%}
65   ... 
149  -O                                                                        (1 = 5.9%) {82.4%}
196  -O                                                                        (1 = 5.9%) {88.2%}
258  ... 
448  -O                                                                        (1 = 5.9%) {94.1%}
590  ... 

Histogram: V8.CompileScriptMicroSeconds.NoCache.InlineScript recorded 16 samples, mean = 92.2 (flags = 0x41)
0    ... 
16   --O                                                                       (2 = 12.5%) {0.0%}
21   -O                                                                        (1 = 6.2%) {12.5%}
28   ---O                                                                      (3 = 18.8%) {18.8%}
37   -----O                                                                    (5 = 31.2%) {37.5%}
49   O                                                                         (0 = 0.0%) {68.8%}
65   --O                                                                       (2 = 12.5%) {68.8%}
86   ... 
196  -O                                                                        (1 = 6.2%) {81.2%}
258  O                                                                         (0 = 0.0%) {87.5%}
340  --O                                                                       (2 = 12.5%) {87.5%}
448  ... 

Histogram: V8.CompileScriptMicroSeconds.NoCache.Other recorded 6 samples, mean = 1144.2 (flags = 0x41)
0     ... 
49    --O                                                                       (2 = 33.3%) {0.0%}
65    --O                                                                       (2 = 33.3%) {33.3%}
86    ... 
590   -O                                                                        (1 = 16.7%) {66.7%}
777   ... 
5338  -O                                                                        (1 = 16.7%) {83.3%}
7031  ... 

Histogram: V8.CompileScriptMicroSeconds.StreamingFinalization recorded 6 samples, mean = 35.5 (flags = 0x41)
0    ... 
3    -O                                                                        (1 = 16.7%) {0.0%}
4    ... 
7    --O                                                                       (2 = 33.3%) {16.7%}
9    -O                                                                        (1 = 16.7%) {50.0%}
12   -O                                                                        (1 = 16.7%) {66.7%}
16   ... 
149  -O                                                                        (1 = 16.7%) {83.3%}
196  ... 

Histogram: V8.ErrorsThrownPerContext recorded 1 samples, mean = 0.0 (flags = 0x41)
0  -O                                                                        (1 = 100.0%)
1  ... 

Histogram: V8.GC.Cycle.CollectionRate.Full recorded 1 samples, mean = 80.0 (flags = 0x41)
0   ... 
80  -O                                                                        (1 = 100.0%) {0.0%}
100 O                                                                         (0 = 0.0%) {100.0%}

Histogram: V8.GC.Cycle.CollectionRate.Full.Cpp recorded 1 samples, mean = 51.0 (flags = 0x41)
0   ... 
51  -O                                                                        (1 = 100.0%) {0.0%}
64  ... 

Histogram: V8.GC.Cycle.CollectionRate.Young recorded 14 samples, mean = 38.1 (flags = 0x41)
0   ... 
17  ----O                                                                     (4 = 28.6%) {0.0%}
21  --O                                                                       (2 = 14.3%) {28.6%}
26  -O                                                                        (1 = 7.1%) {42.9%}
33  -O                                                                        (1 = 7.1%) {50.0%}
41  ---O                                                                      (3 = 21.4%) {57.1%}
51  --O                                                                       (2 = 14.3%) {78.6%}
64  O                                                                         (0 = 0.0%) {92.9%}
80  -O                                                                        (1 = 7.1%) {92.9%}
100 O                                                                         (0 = 0.0%) {100.0%}

Histogram: V8.GC.Cycle.CollectionWeight.Full recorded 1 samples, mean = 0.0 (flags = 0x41)
0  -O                                                                        (1 = 100.0%)
1  ... 

Histogram: V8.GC.Cycle.CollectionWeight.Full.Cpp recorded 1 samples, mean = 0.0 (flags = 0x41)
0  -O                                                                        (1 = 100.0%)
1  ... 

Histogram: V8.GC.Cycle.CollectionWeight.MainThread.Full recorded 1 samples, mean = 0.0 (flags = 0x41)
0  -O                                                                        (1 = 100.0%)
1  ... 

Histogram: V8.GC.Cycle.CollectionWeight.MainThread.Full.Cpp recorded 1 samples, mean = 0.0 (flags = 0x41)
0  -O                                                                        (1 = 100.0%)
1  ... 

Histogram: V8.GC.Cycle.Efficiency.Full recorded 1 samples, mean = 72.0 (flags = 0x41)
0   ... 
65  -O                                                                        (1 = 100.0%) {0.0%}
88  ... 

Histogram: V8.GC.Cycle.Efficiency.Full.Cpp recorded 1 samples, mean = 181.0 (flags = 0x41)
0    ... 
163  -O                                                                        (1 = 100.0%) {0.0%}
222  ... 

Histogram: V8.GC.Cycle.Efficiency.MainThread.Full recorded 1 samples, mean = 265.0 (flags = 0x41)
0    ... 
222  -O                                                                        (1 = 100.0%) {0.0%}
302  ... 

Histogram: V8.GC.Cycle.Efficiency.MainThread.Full.Cpp recorded 1 samples, mean = 461.0 (flags = 0x41)
0    ... 
411  -O                                                                        (1 = 100.0%) {0.0%}
559  ... 

Histogram: V8.GC.Cycle.Efficiency.MainThread.Young recorded 14 samples, mean = 1517.1 (flags = 0x41)
0     ... 
14    -O                                                                        (1 = 7.1%) {0.0%}
19    ... 
302   --O                                                                       (2 = 14.3%) {7.1%}
411   --O                                                                       (2 = 14.3%) {21.4%}
559   O                                                                         (0 = 0.0%) {35.7%}
760   -O                                                                        (1 = 7.1%) {35.7%}
1034  -O                                                                        (1 = 7.1%) {42.9%}
1407  --O                                                                       (2 = 14.3%) {50.0%}
1914  ---O                                                                      (3 = 21.4%) {64.3%}
2604  -O                                                                        (1 = 7.1%) {85.7%}
3542  -O                                                                        (1 = 7.1%) {92.9%}
4818  ... 

Histogram: V8.GC.Cycle.Efficiency.Young recorded 14 samples, mean = 851.0 (flags = 0x41)
0     ... 
7     -O                                                                        (1 = 7.1%) {0.0%}
10    ... 
163   -O                                                                        (1 = 7.1%) {7.1%}
222   -O                                                                        (1 = 7.1%) {14.3%}
302   --O                                                                       (2 = 14.3%) {21.4%}
411   -O                                                                        (1 = 7.1%) {35.7%}
559   -O                                                                        (1 = 7.1%) {42.9%}
760   ---O                                                                      (3 = 21.4%) {50.0%}
1034  --O                                                                       (2 = 14.3%) {71.4%}
1407  O                                                                         (0 = 0.0%) {85.7%}
1914  --O                                                                       (2 = 14.3%) {85.7%}
2604  ... 

Histogram: V8.GC.Cycle.Full recorded 1 samples, mean = 40.0 (flags = 0x41)
0   ... 
40  -O                                                                        (1 = 100.0%) {0.0%}
48  ... 

Histogram: V8.GC.Cycle.Full.Compact recorded 1 samples, mean = 4.0 (flags = 0x41)
0  ... 
4  -O                                                                        (1 = 100.0%) {0.0%}
5  ... 

Histogram: V8.GC.Cycle.Full.Compact.Cpp recorded 1 samples, mean = 2.0 (flags = 0x41)
0  ... 
2  -O                                                                        (1 = 100.0%) {0.0%}
3  ... 

Histogram: V8.GC.Cycle.Full.Cpp recorded 1 samples, mean = 21.0 (flags = 0x41)
0   ... 
20  -O                                                                        (1 = 100.0%) {0.0%}
24  ... 

Histogram: V8.GC.Cycle.Full.Mark recorded 1 samples, mean = 28.0 (flags = 0x41)
0   ... 
24  -O                                                                        (1 = 100.0%) {0.0%}
29  ... 

Histogram: V8.GC.Cycle.Full.Mark.Cpp recorded 1 samples, mean = 15.0 (flags = 0x41)
0   ... 
14  -O                                                                        (1 = 100.0%) {0.0%}
17  ... 

Histogram: V8.GC.Cycle.Full.Sweep recorded 1 samples, mean = 3.0 (flags = 0x41)
0  ... 
3  -O                                                                        (1 = 100.0%) {0.0%}
4  ... 

Histogram: V8.GC.Cycle.Full.Sweep.Cpp recorded 1 samples, mean = 4.0 (flags = 0x41)
0  ... 
4  -O                                                                        (1 = 100.0%) {0.0%}
5  ... 

Histogram: V8.GC.Cycle.Full.Weak recorded 1 samples, mean = 0.0 (flags = 0x41)
0  -O                                                                        (1 = 100.0%)
1  ... 

Histogram: V8.GC.Cycle.Full.Weak.Cpp recorded 1 samples, mean = 0.0 (flags = 0x41)
0  -O                                                                        (1 = 100.0%)
1  ... 

Histogram: V8.GC.Cycle.MainThread.Full recorded 1 samples, mean = 11.0 (flags = 0x41)
0   ... 
10  -O                                                                        (1 = 100.0%) {0.0%}
12  ... 

Histogram: V8.GC.Cycle.MainThread.Full.Atomic recorded 1 samples, mean = 6.0 (flags = 0x41)
0  ... 
6  -O                                                                        (1 = 100.0%) {0.0%}
7  ... 

Histogram: V8.GC.Cycle.MainThread.Full.Atomic.Compact recorded 1 samples, mean = 1.0 (flags = 0x41)
0  O                                                                         (0 = 0.0%)
1  -O                                                                        (1 = 100.0%) {0.0%}
2  ... 

Histogram: V8.GC.Cycle.MainThread.Full.Atomic.Compact.Cpp recorded 1 samples, mean = 2.0 (flags = 0x41)
0  ... 
2  -O                                                                        (1 = 100.0%) {0.0%}
3  ... 

Histogram: V8.GC.Cycle.MainThread.Full.Atomic.Cpp recorded 1 samples, mean = 2.0 (flags = 0x41)
0  ... 
2  -O                                                                        (1 = 100.0%) {0.0%}
3  ... 

Histogram: V8.GC.Cycle.MainThread.Full.Atomic.Mark recorded 1 samples, mean = 0.0 (flags = 0x41)
0  -O                                                                        (1 = 100.0%)
1  ... 

Histogram: V8.GC.Cycle.MainThread.Full.Atomic.Mark.Cpp recorded 1 samples, mean = 0.0 (flags = 0x41)
0  -O                                                                        (1 = 100.0%)
1  ... 

Histogram: V8.GC.Cycle.MainThread.Full.Atomic.Sweep recorded 1 samples, mean = 0.0 (flags = 0x41)
0  -O                                                                        (1 = 100.0%)
1  ... 

Histogram: V8.GC.Cycle.MainThread.Full.Atomic.Sweep.Cpp recorded 1 samples, mean = 0.0 (flags = 0x41)
0  -O                                                                        (1 = 100.0%)
1  ... 

Histogram: V8.GC.Cycle.MainThread.Full.Atomic.Weak recorded 1 samples, mean = 0.0 (flags = 0x41)
0  -O                                                                        (1 = 100.0%)
1  ... 

Histogram: V8.GC.Cycle.MainThread.Full.Atomic.Weak.Cpp recorded 1 samples, mean = 0.0 (flags = 0x41)
0  -O                                                                        (1 = 100.0%)
1  ... 

Histogram: V8.GC.Cycle.MainThread.Full.Compact recorded 1 samples, mean = 1.0 (flags = 0x41)
0  O                                                                         (0 = 0.0%)
1  -O                                                                        (1 = 100.0%) {0.0%}
2  ... 

Histogram: V8.GC.Cycle.MainThread.Full.Compact.Cpp recorded 1 samples, mean = 2.0 (flags = 0x41)
0  ... 
2  -O                                                                        (1 = 100.0%) {0.0%}
3  ... 

Histogram: V8.GC.Cycle.MainThread.Full.Cpp recorded 1 samples, mean = 8.0 (flags = 0x41)
0  ... 
8  -O                                                                        (1 = 100.0%) {0.0%}
10 ... 

Histogram: V8.GC.Cycle.MainThread.Full.Incremental.Mark recorded 1 samples, mean = 4.0 (flags = 0x41)
0  ... 
4  -O                                                                        (1 = 100.0%) {0.0%}
5  ... 

Histogram: V8.GC.Cycle.MainThread.Full.Incremental.Mark.Cpp recorded 1 samples, mean = 2.0 (flags = 0x41)
0  ... 
2  -O                                                                        (1 = 100.0%) {0.0%}
3  ... 

Histogram: V8.GC.Cycle.MainThread.Full.Incremental.Mark.StartStop recorded 1 samples, mean = 7.0 (flags = 0x41)
0  ... 
7  -O                                                                        (1 = 100.0%) {0.0%}
8  ... 

Histogram: V8.GC.Cycle.MainThread.Full.Incremental.Sweep recorded 1 samples, mean = 0.0 (flags = 0x41)
0  -O                                                                        (1 = 100.0%)
1  ... 

Histogram: V8.GC.Cycle.MainThread.Full.Incremental.Sweep.Cpp recorded 1 samples, mean = 3.0 (flags = 0x41)
0  ... 
3  -O                                                                        (1 = 100.0%) {0.0%}
4  ... 

Histogram: V8.GC.Cycle.MainThread.Full.Mark recorded 1 samples, mean = 4.0 (flags = 0x41)
0  ... 
4  -O                                                                        (1 = 100.0%) {0.0%}
5  ... 

Histogram: V8.GC.Cycle.MainThread.Full.Mark.Cpp recorded 1 samples, mean = 2.0 (flags = 0x41)
0  ... 
2  -O                                                                        (1 = 100.0%) {0.0%}
3  ... 

Histogram: V8.GC.Cycle.MainThread.Full.Sweep recorded 1 samples, mean = 0.0 (flags = 0x41)
0  -O                                                                        (1 = 100.0%)
1  ... 

Histogram: V8.GC.Cycle.MainThread.Full.Sweep.Cpp recorded 1 samples, mean = 3.0 (flags = 0x41)
0  ... 
3  -O                                                                        (1 = 100.0%) {0.0%}
4  ... 

Histogram: V8.GC.Cycle.MainThread.Full.Weak recorded 1 samples, mean = 0.0 (flags = 0x41)
0  -O                                                                        (1 = 100.0%)
1  ... 

Histogram: V8.GC.Cycle.MainThread.Full.Weak.Cpp recorded 1 samples, mean = 0.0 (flags = 0x41)
0  -O                                                                        (1 = 100.0%)
1  ... 

Histogram: V8.GC.Cycle.MainThread.Young recorded 14 samples, mean = 0.4 (flags = 0x41)
0  --------O                                                                 (8 = 57.1%)
1  ------O                                                                   (6 = 42.9%) {57.1%}
2  ... 

Histogram: V8.GC.Cycle.Memory.Freed.Full recorded 1 samples, mean = 8704.0 (flags = 0x41)
0     ... 
6554  -O                                                                        (1 = 100.0%) {0.0%}
8915  ... 

Histogram: V8.GC.Cycle.Memory.Freed.Full.Cpp recorded 1 samples, mean = 3840.0 (flags = 0x41)
0     ... 
3542  -O                                                                        (1 = 100.0%) {0.0%}
4818  ... 

Histogram: V8.GC.Cycle.Objects.After.Full recorded 1 samples, mean = 11777.0 (flags = 0x41)
0     ... 
8915  -O                                                                        (1 = 100.0%) {0.0%}
12127 ... 

Histogram: V8.GC.Cycle.Objects.After.Full.Cpp recorded 1 samples, mean = 4238.0 (flags = 0x41)
0     ... 
3542  -O                                                                        (1 = 100.0%) {0.0%}
4818  ... 

Histogram: V8.GC.Cycle.Objects.Before.Full recorded 1 samples, mean = 14714.0 (flags = 0x41)
0      ... 
12127  -O                                                                        (1 = 100.0%) {0.0%}
16496  ... 

Histogram: V8.GC.Cycle.Objects.Before.Full.Cpp recorded 1 samples, mean = 8187.0 (flags = 0x41)
0     ... 
6554  -O                                                                        (1 = 100.0%) {0.0%}
8915  ... 

Histogram: V8.GC.Cycle.Objects.Freed.Full recorded 1 samples, mean = 2936.0 (flags = 0x41)
0     ... 
2604  -O                                                                        (1 = 100.0%) {0.0%}
3542  ... 

Histogram: V8.GC.Cycle.Objects.Freed.Full.Cpp recorded 1 samples, mean = 3949.0 (flags = 0x41)
0     ... 
3542  -O                                                                        (1 = 100.0%) {0.0%}
4818  ... 

Histogram: V8.GC.Cycle.Reason.Full recorded 1 samples, mean = 9.0 (flags = 0x41)
0  ... 
9  -O                                                                        (1 = 100.0%) {0.0%}
10 ... 

Histogram: V8.GC.Cycle.Reason.Young recorded 14 samples, mean = 3.4 (flags = 0x41)
0   O                                                                         (0 = 0.0%)
1   -----------O                                                              (11 = 78.6%) {0.0%}
2   ... 
12  ---O                                                                      (3 = 21.4%) {78.6%}
13  ... 

Histogram: V8.GC.Cycle.Young recorded 14 samples, mean = 0.9 (flags = 0x41)
0  ----O                                                                     (4 = 28.6%)
1  -------O                                                                  (7 = 50.0%) {28.6%}
2  ---O                                                                      (3 = 21.4%) {78.6%}
3  ... 

Histogram: V8.GC.Event.MainThread.Full.Finalize.Incremental.ReduceMemory recorded 2 samples, mean = 5.0 (flags = 0x41)
0  ... 
4  -O                                                                        (1 = 50.0%) {0.0%}
5  O                                                                         (0 = 0.0%) {50.0%}
6  -O                                                                        (1 = 50.0%) {50.0%}
7  ... 

Histogram: V8.GC.Event.MainThread.Full.Finalize.Incremental.ReduceMemory.Foreground recorded 2 samples, mean = 5.0 (flags = 0x41)
0  ... 
4  -O                                                                        (1 = 50.0%) {0.0%}
5  O                                                                         (0 = 0.0%) {50.0%}
6  -O                                                                        (1 = 50.0%) {50.0%}
7  ... 

Histogram: V8.GC.Event.MainThread.Full.Incremental.Mark recorded 73 samples, mean = 0.0 (flags = 0x41)
0  ------------------------------------------------------------------------O (73 = 100.0%)
1  ... 

Histogram: V8.GC.Event.MainThread.Full.Incremental.Mark.Cpp recorded 75 samples, mean = 0.0 (flags = 0x41)
0  ------------------------------------------------------------------------O (74 = 98.7%)
1  -O                                                                        (1 = 1.3%) {98.7%}
2  ... 

Histogram: V8.GC.Event.MainThread.Full.Incremental.Sweep.Cpp recorded 1 samples, mean = 3.0 (flags = 0x41)
0  ... 
3  -O                                                                        (1 = 100.0%) {0.0%}
4  ... 

Histogram: V8.GC.TimeToSafepoint recorded 18 samples, mean = 3.6 (flags = 0x41)
0   -----------O                                                              (11 = 61.1%)
1   -----O                                                                    (5 = 27.8%) {61.1%}
2   ... 
21  -O                                                                        (1 = 5.6%) {88.9%}
29  -O                                                                        (1 = 5.6%) {94.4%}
40  ... 

Histogram: V8.GCIncrementalMarking recorded 77 samples, mean = 0.0 (flags = 0x41)
0  ------------------------------------------------------------------------O (76 = 98.7%)
1  -O                                                                        (1 = 1.3%) {98.7%}
2  ... 

Histogram: V8.GCIncrementalMarkingReason recorded 2 samples, mean = 17.0 (flags = 0x41)
0   ... 
17  --O                                                                       (2 = 100.0%) {0.0%}
18  ... 

Histogram: V8.GCIncrementalMarkingStart recorded 2 samples, mean = 1.0 (flags = 0x41)
0  -O                                                                        (1 = 50.0%)
1  O                                                                         (0 = 0.0%) {50.0%}
2  -O                                                                        (1 = 50.0%) {50.0%}
3  ... 

Histogram: V8.GCMarkCompactReason recorded 1 samples, mean = 9.0 (flags = 0x41)
0  ... 
9  -O                                                                        (1 = 100.0%) {0.0%}
10 ... 

Histogram: V8.GCScavenger.ScavengeMain recorded 14 samples, mean = 0.1 (flags = 0x41)
0  -------------O                                                            (13 = 92.9%)
1  -O                                                                        (1 = 7.1%) {92.9%}
2  ... 

Histogram: V8.GCScavenger.ScavengeRoots recorded 14 samples, mean = 0.0 (flags = 0x41)
0  --------------O                                                           (14 = 100.0%)
1  ... 

Histogram: V8.JSDispatchTableEntriesCount recorded 2 samples, mean = 0.0 (flags = 0x41)
0  --O                                                                       (2 = 100.0%)
1  ... 

Histogram: V8.LocalWindowProxy.CreateContextTime recorded 4 samples, mean = 6.2 (flags = 0x41)
0   --O                                                                       (2 = 50.0%)
1   O                                                                         (0 = 0.0%) {50.0%}
2   -O                                                                        (1 = 25.0%) {50.0%}
3   ... 
20  -O                                                                        (1 = 25.0%) {75.0%}
24  ... 

Histogram: V8.LocalWindowProxy.InitializeTime recorded 4 samples, mean = 8.8 (flags = 0x41)
0   -O                                                                        (1 = 25.0%)
1   -O                                                                        (1 = 25.0%) {25.0%}
2   ... 
5   -O                                                                        (1 = 25.0%) {50.0%}
6   ... 
29  -O                                                                        (1 = 25.0%) {75.0%}
34  ... 

Histogram: V8.MaglevOptimizeExecute recorded 132 samples, mean = 318.2 (flags = 0x41)
0     ... 
10    -O                                                                        (1 = 0.8%) {0.0%}
13    -O                                                                        (1 = 0.8%) {0.8%}
16    -O                                                                        (1 = 0.8%) {1.5%}
20    O                                                                         (0 = 0.0%) {2.3%}
25    -O                                                                        (1 = 0.8%) {2.3%}
31    ----O                                                                     (4 = 3.0%) {3.0%}
39    ------O                                                                   (6 = 4.5%) {6.1%}
49    -----O                                                                    (5 = 3.8%) {10.6%}
61    ----------O                                                               (10 = 7.6%) {14.4%}
76    ---------O                                                                (9 = 6.8%) {22.0%}
95    ----------------O                                                         (16 = 12.1%) {28.8%}
119   ---------------O                                                          (15 = 11.4%) {40.9%}
149   ------------O                                                             (12 = 9.1%) {52.3%}
186   ----------------O                                                         (16 = 12.1%) {61.4%}
233   ------O                                                                   (6 = 4.5%) {73.5%}
292   -----O                                                                    (5 = 3.8%) {78.0%}
365   ------O                                                                   (6 = 4.5%) {81.8%}
457   ----O                                                                     (4 = 3.0%) {86.4%}
572   -----O                                                                    (5 = 3.8%) {89.4%}
716   O                                                                         (0 = 0.0%) {93.2%}
896   --O                                                                       (2 = 1.5%) {93.2%}
1122  ---O                                                                      (3 = 2.3%) {94.7%}
1404  O                                                                         (0 = 0.0%) {97.0%}
1757  -O                                                                        (1 = 0.8%) {97.0%}
2199  -O                                                                        (1 = 0.8%) {97.7%}
2753  -O                                                                        (1 = 0.8%) {98.5%}
3446  ... 
6758  -O                                                                        (1 = 0.8%) {99.2%}
8459  ... 

Histogram: V8.MaglevOptimizeFinalize recorded 132 samples, mean = 5.4 (flags = 0x41)
0   -------O                                                                  (7 = 5.3%)
1   -------------O                                                            (13 = 9.8%) {5.3%}
2   ---------------O                                                          (15 = 11.4%) {15.2%}
3   ----------------------O                                                   (22 = 16.7%) {26.5%}
4   --------------O                                                           (14 = 10.6%) {43.2%}
5   ----------------O                                                         (16 = 12.1%) {53.8%}
6   ----------------O                                                         (16 = 12.1%) {65.9%}
8   -------------O                                                            (13 = 9.8%) {78.0%}
10  ------O                                                                   (6 = 4.5%) {87.9%}
13  -----O                                                                    (5 = 3.8%) {92.4%}
16  ---O                                                                      (3 = 2.3%) {96.2%}
20  -O                                                                        (1 = 0.8%) {98.5%}
25  ... 
39  -O                                                                        (1 = 0.8%) {99.2%}
49  ... 

Histogram: V8.MaglevOptimizePrepare recorded 132 samples, mean = 0.1 (flags = 0x41)
0  ------------------------------------------------------------------------O (121 = 91.7%)
1  -------O                                                                  (11 = 8.3%) {91.7%}
2  ... 

Histogram: V8.MaglevOptimizeTotalTime recorded 132 samples, mean = 1209.5 (flags = 0x41)
0      ... 
21     -O                                                                        (1 = 0.8%) {0.0%}
28     O                                                                         (0 = 0.0%) {0.8%}
37     -O                                                                        (1 = 0.8%) {0.8%}
49     ------O                                                                   (6 = 4.5%) {1.5%}
65     ----O                                                                     (4 = 3.0%) {6.1%}
86     --------O                                                                 (8 = 6.1%) {9.1%}
113    ---------------O                                                          (15 = 11.4%) {15.2%}
149    -----------------------O                                                  (23 = 17.4%) {26.5%}
196    -------------------O                                                      (19 = 14.4%) {43.9%}
258    ----------------O                                                         (16 = 12.1%) {58.3%}
340    ------O                                                                   (6 = 4.5%) {70.5%}
448    ----------O                                                               (10 = 7.6%) {75.0%}
590    -----O                                                                    (5 = 3.8%) {82.6%}
777    ---O                                                                      (3 = 2.3%) {86.4%}
1023   ----O                                                                     (4 = 3.0%) {88.6%}
1347   ----O                                                                     (4 = 3.0%) {91.7%}
1774   --O                                                                       (2 = 1.5%) {94.7%}
2336   --O                                                                       (2 = 1.5%) {96.2%}
3077   -O                                                                        (1 = 0.8%) {97.7%}
4053   O                                                                         (0 = 0.0%) {98.5%}
5338   -O                                                                        (1 = 0.8%) {98.5%}
7031   ... 
83848  -O                                                                        (1 = 0.8%) {99.2%}
110434 ... 

Histogram: V8.MemoryExternalFragmentationCodeSpace recorded 16 samples, mean = 54.1 (flags = 0x41)
0   ... 
5   -O                                                                        (1 = 6.2%) {0.0%}
6   -O                                                                        (1 = 6.2%) {6.2%}
7   ... 
25  -O                                                                        (1 = 6.2%) {12.5%}
26  ... 
29  -O                                                                        (1 = 6.2%) {18.8%}
30  ... 
33  --O                                                                       (2 = 12.5%) {25.0%}
34  -O                                                                        (1 = 6.2%) {37.5%}
35  ... 
63  -O                                                                        (1 = 6.2%) {43.8%}
64  ... 
71  -O                                                                        (1 = 6.2%) {50.0%}
72  ... 
75  --O                                                                       (2 = 12.5%) {56.2%}
76  ... 
80  -O                                                                        (1 = 6.2%) {68.8%}
81  --O                                                                       (2 = 12.5%) {75.0%}
82  ... 
84  -O                                                                        (1 = 6.2%) {87.5%}
85  ... 
90  -O                                                                        (1 = 6.2%) {93.8%}
91  ... 

Histogram: V8.MemoryExternalFragmentationLoSpace recorded 16 samples, mean = 2.1 (flags = 0x41)
0  O                                                                         (0 = 0.0%)
1  -------O                                                                  (7 = 43.8%) {0.0%}
2  O                                                                         (0 = 0.0%) {43.8%}
3  ---------O                                                                (9 = 56.2%) {43.8%}
4  ... 

Histogram: V8.MemoryExternalFragmentationOldSpace recorded 16 samples, mean = 6.5 (flags = 0x41)
0   -O                                                                        (1 = 6.2%)
1   O                                                                         (0 = 0.0%) {6.2%}
2   -O                                                                        (1 = 6.2%) {6.2%}
3   -O                                                                        (1 = 6.2%) {12.5%}
4   -O                                                                        (1 = 6.2%) {18.8%}
5   --O                                                                       (2 = 12.5%) {25.0%}
6   ---O                                                                      (3 = 18.8%) {37.5%}
7   -O                                                                        (1 = 6.2%) {56.2%}
8   -O                                                                        (1 = 6.2%) {62.5%}
9   -O                                                                        (1 = 6.2%) {68.8%}
10  -O                                                                        (1 = 6.2%) {75.0%}
11  ---O                                                                      (3 = 18.8%) {81.2%}
12  ... 

Histogram: V8.MemoryExternalFragmentationTotal recorded 16 samples, mean = 33.2 (flags = 0x41)
0   ... 
14  -O                                                                        (1 = 6.2%) {0.0%}
15  ... 
17  -O                                                                        (1 = 6.2%) {6.2%}
18  ... 
22  -O                                                                        (1 = 6.2%) {12.5%}
23  ... 
31  -O                                                                        (1 = 6.2%) {18.8%}
32  -O                                                                        (1 = 6.2%) {25.0%}
33  --O                                                                       (2 = 12.5%) {31.2%}
34  -O                                                                        (1 = 6.2%) {43.8%}
35  O                                                                         (0 = 0.0%) {50.0%}
36  --O                                                                       (2 = 12.5%) {50.0%}
37  -O                                                                        (1 = 6.2%) {62.5%}
38  -O                                                                        (1 = 6.2%) {68.8%}
39  -O                                                                        (1 = 6.2%) {75.0%}
40  O                                                                         (0 = 0.0%) {81.2%}
41  -O                                                                        (1 = 6.2%) {81.2%}
42  ... 
44  -O                                                                        (1 = 6.2%) {87.5%}
45  -O                                                                        (1 = 6.2%) {93.8%}
46  ... 

Histogram: V8.MemoryHeapSampleCodeSpaceCommitted recorded 16 samples, mean = 832.0 (flags = 0x41)
0     -----------O                                                              (11 = 68.8%)
1000  -O                                                                        (1 = 6.2%) {68.8%}
1138  --O                                                                       (2 = 12.5%) {75.0%}
1295  ... 
1678  --O                                                                       (2 = 12.5%) {87.5%}
1910  ... 

Histogram: V8.MemoryHeapSampleMaximumCommitted recorded 16 samples, mean = 13094.5 (flags = 0x41)
0      ... 
3649   -O                                                                        (1 = 6.2%) {0.0%}
4153   O                                                                         (0 = 0.0%) {6.2%}
4727   -O                                                                        (1 = 6.2%) {6.2%}
5380   O                                                                         (0 = 0.0%) {12.5%}
6124   --O                                                                       (2 = 12.5%) {12.5%}
6971   -O                                                                        (1 = 6.2%) {25.0%}
7935   O                                                                         (0 = 0.0%) {31.2%}
9032   --O                                                                       (2 = 12.5%) {31.2%}
10281  O                                                                         (0 = 0.0%) {43.8%}
11702  --O                                                                       (2 = 12.5%) {43.8%}
13320  -O                                                                        (1 = 6.2%) {56.2%}
15161  --O                                                                       (2 = 12.5%) {62.5%}
17257  O                                                                         (0 = 0.0%) {75.0%}
19642  -O                                                                        (1 = 6.2%) {75.0%}
22357  ---O                                                                      (3 = 18.8%) {81.2%}
25447  ... 

Histogram: V8.MemoryHeapSampleTotalCommitted recorded 16 samples, mean = 11926.5 (flags = 0x41)
0      ... 
3649   -O                                                                        (1 = 6.2%) {0.0%}
4153   O                                                                         (0 = 0.0%) {6.2%}
4727   -O                                                                        (1 = 6.2%) {6.2%}
5380   O                                                                         (0 = 0.0%) {12.5%}
6124   --O                                                                       (2 = 12.5%) {12.5%}
6971   -O                                                                        (1 = 6.2%) {25.0%}
7935   O                                                                         (0 = 0.0%) {31.2%}
9032   --O                                                                       (2 = 12.5%) {31.2%}
10281  O                                                                         (0 = 0.0%) {43.8%}
11702  --O                                                                       (2 = 12.5%) {43.8%}
13320  ---O                                                                      (3 = 18.8%) {56.2%}
15161  --O                                                                       (2 = 12.5%) {75.0%}
17257  O                                                                         (0 = 0.0%) {87.5%}
19642  -O                                                                        (1 = 6.2%) {87.5%}
22357  -O                                                                        (1 = 6.2%) {93.8%}
25447  ... 

Histogram: V8.MemoryHeapSampleTotalUsed recorded 16 samples, mean = 7818.7 (flags = 0x41)
0      ... 
2174   -O                                                                        (1 = 6.2%) {0.0%}
2475   ... 
3206   -O                                                                        (1 = 6.2%) {6.2%}
3649   O                                                                         (0 = 0.0%) {12.5%}
4153   -O                                                                        (1 = 6.2%) {12.5%}
4727   --O                                                                       (2 = 12.5%) {18.8%}
5380   -O                                                                        (1 = 6.2%) {31.2%}
6124   --O                                                                       (2 = 12.5%) {37.5%}
6971   -O                                                                        (1 = 6.2%) {50.0%}
7935   O                                                                         (0 = 0.0%) {56.2%}
9032   --O                                                                       (2 = 12.5%) {56.2%}
10281  --O                                                                       (2 = 12.5%) {68.8%}
11702  --O                                                                       (2 = 12.5%) {81.2%}
13320  -O                                                                        (1 = 6.2%) {93.8%}
15161  ... 

Histogram: V8.RegExpBacktracks recorded 260 samples, mean = 1.7 (flags = 0x41)
0    ------O                                                                   (19 = 7.3%)
1    ------------------------------------------------------------------------O (228 = 87.7%) {7.3%}
2    -O                                                                        (4 = 1.5%) {95.0%}
3    -O                                                                        (2 = 0.8%) {96.5%}
4    -O                                                                        (4 = 1.5%) {97.3%}
6    O                                                                         (1 = 0.4%) {98.8%}
9    O                                                                         (1 = 0.4%) {99.2%}
13   ... 
127  O                                                                         (1 = 0.4%) {99.6%}
185  ... 

Histogram: V8.SandboxedCodePointersCount recorded 2 samples, mean = 1032.0 (flags = 0x41)
0    ... 
977  --O                                                                       (2 = 100.0%) {0.0%}
1136 ... 

Histogram: V8.SandboxedCppHeapPointersCount recorded 2 samples, mean = 4262.5 (flags = 0x41)
0     ... 
320   -O                                                                        (1 = 50.0%) {0.0%}
380   ... 
7152  -O                                                                        (1 = 50.0%) {50.0%}
8499  ... 

Histogram: V8.SandboxedExternalPointersCount recorded 18 samples, mean = 1649.0 (flags = 0x41)
0      --------O                                                                 (8 = 44.4%)
1      ... 
24     --O                                                                       (2 = 11.1%) {44.4%}
29     -O                                                                        (1 = 5.6%) {55.6%}
34     O                                                                         (0 = 0.0%) {61.1%}
40     -O                                                                        (1 = 5.6%) {61.1%}
48     ... 
114    -O                                                                        (1 = 5.6%) {66.7%}
135    ... 
638    -O                                                                        (1 = 5.6%) {72.2%}
758    O                                                                         (0 = 0.0%) {77.8%}
901    -O                                                                        (1 = 5.6%) {77.8%}
1071   ... 
1513   -O                                                                        (1 = 5.6%) {83.3%}
1798   ... 
12002  --O                                                                       (2 = 11.1%) {88.9%}
14263  ... 

Histogram: V8.SandboxedTrustedPointersCount recorded 2 samples, mean = 3666.0 (flags = 0x41)
0     ... 
3267  --O                                                                       (2 = 100.0%) {0.0%}
3799  ... 

Histogram: V8.SnapshotDeserializeContextMicroSeconds recorded 6 samples, mean = 701.7 (flags = 0x41)
0     ... 
340   ---O                                                                      (3 = 50.0%) {0.0%}
448   -O                                                                        (1 = 16.7%) {50.0%}
590   O                                                                         (0 = 0.0%) {66.7%}
777   -O                                                                        (1 = 16.7%) {66.7%}
1023  O                                                                         (0 = 0.0%) {83.3%}
1347  -O                                                                        (1 = 16.7%) {83.3%}
1774  ... 

Histogram: V8.TurboFan1KTicks recorded 11 samples, mean = 25.2 (flags = 0x41)
0    O                                                                         (0 = 0.0%)
1    ----O                                                                     (4 = 36.4%) {0.0%}
2    -O                                                                        (1 = 9.1%) {36.4%}
3    ... 
5    -O                                                                        (1 = 9.1%) {45.5%}
6    ... 
9    -O                                                                        (1 = 9.1%) {54.5%}
10   ... 
14   -O                                                                        (1 = 9.1%) {63.6%}
15   -O                                                                        (1 = 9.1%) {72.7%}
16   ... 
45   -O                                                                        (1 = 9.1%) {81.8%}
47   ... 
180  -O                                                                        (1 = 9.1%) {90.9%}
189  ... 

Histogram: V8.TurboFanOptimizeConcurrentTotalTime recorded 9 samples, mean = 2967.1 (flags = 0x41)
0      ... 
282    -O                                                                        (1 = 11.1%) {0.0%}
391    --O                                                                       (2 = 22.2%) {11.1%}
542    -O                                                                        (1 = 11.1%) {33.3%}
752    -O                                                                        (1 = 11.1%) {44.4%}
1043   O                                                                         (0 = 0.0%) {55.6%}
1447   -O                                                                        (1 = 11.1%) {55.6%}
2008   O                                                                         (0 = 0.0%) {66.7%}
2786   -O                                                                        (1 = 11.1%) {66.7%}
3865   ... 
7439   -O                                                                        (1 = 11.1%) {77.8%}
10321  -O                                                                        (1 = 11.1%) {88.9%}
14319  ... 

Histogram: V8.TurboFanOptimizeExecute recorded 9 samples, mean = 2850.6 (flags = 0x41)
0     ... 
258   --O                                                                       (2 = 22.2%) {0.0%}
340   --O                                                                       (2 = 22.2%) {22.2%}
448   O                                                                         (0 = 0.0%) {44.4%}
590   -O                                                                        (1 = 11.1%) {44.4%}
777   ... 
1347  -O                                                                        (1 = 11.1%) {55.6%}
1774  O                                                                         (0 = 0.0%) {66.7%}
2336  -O                                                                        (1 = 11.1%) {66.7%}
3077  ... 
7031  -O                                                                        (1 = 11.1%) {77.8%}
9260  -O                                                                        (1 = 11.1%) {88.9%}
12196 ... 

Histogram: V8.TurboFanOptimizeFinalize recorded 9 samples, mean = 17.6 (flags = 0x41)
0   ... 
2   ---O                                                                      (3 = 33.3%) {0.0%}
3   ... 
7   -O                                                                        (1 = 11.1%) {33.3%}
9   -O                                                                        (1 = 11.1%) {44.4%}
12  -O                                                                        (1 = 11.1%) {55.6%}
16  O                                                                         (0 = 0.0%) {66.7%}
21  -O                                                                        (1 = 11.1%) {66.7%}
28  O                                                                         (0 = 0.0%) {77.8%}
37  -O                                                                        (1 = 11.1%) {77.8%}
49  -O                                                                        (1 = 11.1%) {88.9%}
65  ... 

Histogram: V8.TurboFanOptimizeForOnStackReplacementExecute recorded 2 samples, mean = 37290.5 (flags = 0x41)
0      ... 
27864  -O                                                                        (1 = 50.0%) {0.0%}
36699  -O                                                                        (1 = 50.0%) {50.0%}
48336  ... 

Histogram: V8.TurboFanOptimizeForOnStackReplacementFinalize recorded 2 samples, mean = 59.0 (flags = 0x41)
0   ... 
28  -O                                                                        (1 = 50.0%) {0.0%}
37  ... 
86  -O                                                                        (1 = 50.0%) {50.0%}
113 ... 

Histogram: V8.TurboFanOptimizeForOnStackReplacementPrepare recorded 2 samples, mean = 20.0 (flags = 0x41)
0   ... 
5   -O                                                                        (1 = 50.0%) {0.0%}
7   ... 
28  -O                                                                        (1 = 50.0%) {50.0%}
37  ... 

Histogram: V8.TurboFanOptimizeForOnStackReplacementTotalTime recorded 2 samples, mean = 181693.0 (flags = 0x41)
0       ... 
38240   -O                                                                        (1 = 50.0%) {0.0%}
53055   ... 
272741  -O                                                                        (1 = 50.0%) {50.0%}
378403  ... 

Histogram: V8.TurboFanOptimizePrepare recorded 9 samples, mean = 7.9 (flags = 0x41)
0   ... 
3   -O                                                                        (1 = 11.1%) {0.0%}
4   --O                                                                       (2 = 22.2%) {11.1%}
5   --O                                                                       (2 = 22.2%) {33.3%}
7   -O                                                                        (1 = 11.1%) {55.6%}
9   O                                                                         (0 = 0.0%) {66.7%}
12  --O                                                                       (2 = 22.2%) {66.7%}
16  -O                                                                        (1 = 11.1%) {88.9%}
21  ... 

Histogram: V8.TurboFanOptimizeTotalBackground recorded 9 samples, mean = 2850.6 (flags = 0x41)
0      ... 
282    ---O                                                                      (3 = 33.3%) {0.0%}
391    -O                                                                        (1 = 11.1%) {33.3%}
542    -O                                                                        (1 = 11.1%) {44.4%}
752    ... 
1447   -O                                                                        (1 = 11.1%) {55.6%}
2008   O                                                                         (0 = 0.0%) {66.7%}
2786   -O                                                                        (1 = 11.1%) {66.7%}
3865   ... 
7439   -O                                                                        (1 = 11.1%) {77.8%}
10321  -O                                                                        (1 = 11.1%) {88.9%}
14319  ... 

Histogram: V8.TurboFanOptimizeTotalForeground recorded 9 samples, mean = 25.4 (flags = 0x41)
0   ... 
11  ---O                                                                      (3 = 33.3%) {0.0%}
15  ---O                                                                      (3 = 33.3%) {33.3%}
21  O                                                                         (0 = 0.0%) {66.7%}
29  -O                                                                        (1 = 11.1%) {66.7%}
40  -O                                                                        (1 = 11.1%) {77.8%}
55  -O                                                                        (1 = 11.1%) {88.9%}
76  ... 

Histogram: V8.TurboFanOptimizeTotalTime recorded 9 samples, mean = 2967.1 (flags = 0x41)
0      ... 
282    -O                                                                        (1 = 11.1%) {0.0%}
391    --O                                                                       (2 = 22.2%) {11.1%}
542    -O                                                                        (1 = 11.1%) {33.3%}
752    -O                                                                        (1 = 11.1%) {44.4%}
1043   O                                                                         (0 = 0.0%) {55.6%}
1447   -O                                                                        (1 = 11.1%) {55.6%}
2008   O                                                                         (0 = 0.0%) {66.7%}
2786   -O                                                                        (1 = 11.1%) {66.7%}
3865   ... 
7439   -O                                                                        (1 = 11.1%) {77.8%}
10321  -O                                                                        (1 = 11.1%) {88.9%}
14319  ... 

Histogram: Variations.ExtendedSafeMode.BeaconFileStateAtStartup recorded 1 samples, mean = 0.0 (flags = 0x41)
0  -O                                                                        (1 = 100.0%)
1  ... 

Histogram: Variations.ExtendedSafeMode.BeaconFileWrite recorded 2 samples, mean = 1.0 (flags = 0x41)
0  O                                                                         (0 = 0.0%)
1  --O                                                                       (2 = 100.0%) {0.0%}
2  O                                                                         (0 = 0.0%) {100.0%}

Histogram: Variations.ForcedFieldTrialsAtStartupForInternalsPage recorded 1 samples, mean = 0.0 (flags = 0x41)
0  -O                                                                        (1 = 100.0%)
1  ... 

Histogram: Variations.Headers.ExperimentCount recorded 92 samples, mean = 1.0 (flags = 0x41)
0  O                                                                         (0 = 0.0%)
1  ------------------------------------------------------------------------O (92 = 100.0%) {0.0%}
2  ... 

Histogram: Variations.Headers.HasLowEntropySourceValue recorded 92 samples, mean = 1.0 (flags = 0x41)
0  O                                                                         (0 = 0.0%)
1  ------------------------------------------------------------------------O (92 = 100.0%) {0.0%}
2  O                                                                         (0 = 0.0%) {100.0%}

Histogram: Variations.Headers.RequestContextCategory recorded 48 samples, mean = 3.6 (flags = 0x41)
0  -----O                                                                    (5 = 10.4%)
1  ... 
4  -------------------------------------------O                              (43 = 89.6%) {10.4%}
5  ... 

Histogram: Variations.Headers.URLValidationResult.Append recorded 48 samples, mean = 2.1 (flags = 0x41)
0  ... 
2  --------------------------------------------O                             (44 = 91.7%) {0.0%}
3  ----O                                                                     (4 = 8.3%) {91.7%}
4  ... 

Histogram: Variations.Headers.URLValidationResult.Remove recorded 2 samples, mean = 2.0 (flags = 0x41)
0  ... 
2  --O                                                                       (2 = 100.0%) {0.0%}
3  ... 

Histogram: Variations.Limits.VariationKeySize.Default recorded 23 samples, mean = 0.0 (flags = 0x41)
0  -----------------------O                                                  (23 = 100.0%)
1  ... 

Histogram: Variations.LoadPermanentConsistencyCountryResult recorded 1 samples, mean = 0.0 (flags = 0x41)
0  -O                                                                        (1 = 100.0%)
1  ... 

Histogram: Variations.PolicyRestriction recorded 1 samples, mean = 0.0 (flags = 0x41)
0  -O                                                                        (1 = 100.0%)
1  ... 

Histogram: Variations.SafeMode.Streak.Crashes recorded 1 samples (flags = 0x41)
0  -O                                                                        (1 = 100.0%)

Histogram: Variations.SafeMode.Streak.FetchFailures recorded 1 samples (flags = 0x41)
0  -O                                                                        (1 = 100.0%)

Histogram: Variations.SeedLoadResult recorded 1 samples, mean = 1.0 (flags = 0x41)
0  O                                                                         (0 = 0.0%)
1  -O                                                                        (1 = 100.0%) {0.0%}
2  ... 

Histogram: Variations.SeedUsage recorded 1 samples, mean = 2.0 (flags = 0x41)
0  ... 
2  -O                                                                        (1 = 100.0%) {0.0%}
3  ... 

Histogram: Variations.UserChannel recorded 1 samples (flags = 0x41)
-1 -O                                                                        (1 = 100.0%)

Histogram: Views.Browser.NumColorProvidersInitializedDuringOnNativeThemeUpdated recorded 3 samples, mean = 0.0 (flags = 0x41)
0  ---O                                                                      (3 = 100.0%)
1  ... 

Histogram: Views.Browser.TimeSpentInitializingColorProvider recorded 3 samples, mean = 2.0 (flags = 0x41)
0  --O                                                                       (2 = 66.7%)
1  ... 
6  -O                                                                        (1 = 33.3%) {66.7%}
7  ... 

Histogram: Views.Browser.TimeSpentProcessingOnNativeThemeUpdatedEvent recorded 3 samples, mean = 0.0 (flags = 0x41)
0  ---O                                                                      (3 = 100.0%)
1  ... 

Histogram: Views.ColorProviderCacheSize recorded 3 samples, mean = 2.0 (flags = 0x41)
0  O                                                                         (0 = 0.0%)
1  -O                                                                        (1 = 33.3%) {0.0%}
2  -O                                                                        (1 = 33.3%) {33.3%}
3  -O                                                                        (1 = 33.3%) {66.7%}
4  ... 

Histogram: Viz.FrameSink.GpuBusyDuration recorded 2 samples, mean = 29233.0 (flags = 0x41)
0      ... 
12051  -O                                                                        (1 = 50.0%) {0.0%}
13960  ... 
45259  -O                                                                        (1 = 50.0%) {50.0%}
52427  ... 

Histogram: Viz.FrameSinkVideoCapturer.CaptureDuration recorded 2 samples, mean = 23.0 (flags = 0x41)
0   O                                                                         (0 = 0.0%)
1   -O                                                                        (1 = 50.0%) {0.0%}
2   ... 
42  -O                                                                        (1 = 50.0%) {50.0%}
47  ... 

Histogram: Viz.FrameSinkVideoCapturer.CaptureSucceeded recorded 2 samples, mean = 1.0 (flags = 0x41)
0  O                                                                         (0 = 0.0%)
1  --O                                                                       (2 = 100.0%) {0.0%}
2  O                                                                         (0 = 0.0%) {100.0%}

Histogram: Viz.FrameSinkVideoCapturer.FrameResurrected recorded 2 samples, mean = 0.0 (flags = 0x41)
0  --O                                                                       (2 = 100.0%)
1  ... 

Histogram: Viz.FrameSinkVideoCapturer.RGBA.CaptureDuration recorded 2 samples, mean = 23.0 (flags = 0x41)
0   O                                                                         (0 = 0.0%)
1   -O                                                                        (1 = 50.0%) {0.0%}
2   ... 
42  -O                                                                        (1 = 50.0%) {50.0%}
47  ... 

Histogram: Viz.FrameSinkVideoCapturer.RGBA.CaptureSucceeded recorded 2 samples, mean = 1.0 (flags = 0x41)
0  O                                                                         (0 = 0.0%)
1  --O                                                                       (2 = 100.0%) {0.0%}
2  O                                                                         (0 = 0.0%) {100.0%}

Histogram: Viz.FrameSinkVideoCapturer.ReserveFrameDuration recorded 2 samples, mean = 15.5 (flags = 0x41)
0   -O                                                                        (1 = 50.0%)
1   ... 
30  -O                                                                        (1 = 50.0%) {50.0%}
33  ... 

Histogram: Viz.FrameSinkVideoCapturer.TotalDuration recorded 2 samples, mean = 23.0 (flags = 0x41)
0   O                                                                         (0 = 0.0%)
1   -O                                                                        (1 = 50.0%) {0.0%}
2   ... 
42  -O                                                                        (1 = 50.0%) {50.0%}
47  ... 

Histogram: WebApp.DiyAppsInstalledCount.ByUser recorded 1 samples, mean = 0.0 (flags = 0x41)
0  -O                                                                        (1 = 100.0%)
1  ... 

Histogram: WebApp.GeneratedIconFix.StartUpAttemptCount recorded 1 samples, mean = 0.0 (flags = 0x41)
0  -O                                                                        (1 = 100.0%)
1  ... 

Histogram: WebApp.Icon.AppsWithEmptyDownloadedIconSizes recorded 1 samples, mean = 0.0 (flags = 0x41)
0  -O                                                                        (1 = 100.0%)
1  ... 

Histogram: WebApp.Icon.AppsWithEmptyIconBitmap recorded 1 samples, mean = 0.0 (flags = 0x41)
0  -O                                                                        (1 = 100.0%)
1  ... 

Histogram: WebApp.Icon.AppsWithEmptyIconFile recorded 1 samples, mean = 0.0 (flags = 0x41)
0  -O                                                                        (1 = 100.0%)
1  ... 

Histogram: WebApp.Icon.AppsWithGeneratedIconBitmap recorded 1 samples, mean = 0.0 (flags = 0x41)
0  -O                                                                        (1 = 100.0%)
1  ... 

Histogram: WebApp.Icon.AppsWithGeneratedIconFlag recorded 1 samples, mean = 0.0 (flags = 0x41)
0  -O                                                                        (1 = 100.0%)
1  ... 

Histogram: WebApp.Icon.AppsWithGeneratedIconFlagFalseNegative recorded 1 samples, mean = 0.0 (flags = 0x41)
0  -O                                                                        (1 = 100.0%)
1  ... 

Histogram: WebApp.Icon.AppsWithMissingIconFile recorded 1 samples, mean = 0.0 (flags = 0x41)
0  -O                                                                        (1 = 100.0%)
1  ... 

Histogram: WebApp.InstalledCount.ByUser recorded 1 samples, mean = 0.0 (flags = 0x41)
0  -O                                                                        (1 = 100.0%)
1  ... 

Histogram: WebApp.InstalledCount.ByUserNotLocallyInstalled recorded 1 samples, mean = 0.0 (flags = 0x41)
0  -O                                                                        (1 = 100.0%)
1  ... 

Histogram: WebApp.Preinstalled.AppToReplaceStillDefaultInstalledCount recorded 1 samples, mean = 0.0 (flags = 0x41)
0  -O                                                                        (1 = 100.0%)
1  ... 

Histogram: WebApp.Preinstalled.AppToReplaceStillInstalledCount recorded 1 samples, mean = 0.0 (flags = 0x41)
0  -O                                                                        (1 = 100.0%)
1  ... 

Histogram: WebApp.Preinstalled.AppToReplaceStillInstalledInShelfCount recorded 1 samples, mean = 0.0 (flags = 0x41)
0  -O                                                                        (1 = 100.0%)
1  ... 

Histogram: WebApp.Preinstalled.ConfigErrorCount recorded 1 samples, mean = 0.0 (flags = 0x41)
0  -O                                                                        (1 = 100.0%)
1  ... 

Histogram: WebApp.Preinstalled.CorruptUserUninstallPrefsCount recorded 1 samples, mean = 0.0 (flags = 0x41)
0  -O                                                                        (1 = 100.0%)
1  ... 

Histogram: WebApp.Preinstalled.DisabledCount recorded 1 samples, mean = 0.0 (flags = 0x41)
0  -O                                                                        (1 = 100.0%)
1  ... 

Histogram: WebApp.Preinstalled.EnabledCount recorded 1 samples, mean = 0.0 (flags = 0x41)
0  -O                                                                        (1 = 100.0%)
1  ... 

Histogram: WebApp.Preinstalled.InstallCount recorded 1 samples, mean = 0.0 (flags = 0x41)
0  -O                                                                        (1 = 100.0%)
1  ... 

Histogram: WebApp.Preinstalled.UninstallAndReplaceCount recorded 1 samples, mean = 0.0 (flags = 0x41)
0  -O                                                                        (1 = 100.0%)
1  ... 

Histogram: WebApp.Preinstalled.UninstallAppRemovedCount recorded 1 samples, mean = 0.0 (flags = 0x41)
0  -O                                                                        (1 = 100.0%)
1  ... 

Histogram: WebApp.Preinstalled.UninstallSourceRemovedCount recorded 1 samples, mean = 0.0 (flags = 0x41)
0  -O                                                                        (1 = 100.0%)
1  ... 

Histogram: WebApp.Preinstalled.UninstallTotalCount recorded 1 samples, mean = 0.0 (flags = 0x41)
0  -O                                                                        (1 = 100.0%)
1  ... 

Histogram: WebApp.Uninstall.NonSyncIncompleteCount recorded 1 samples, mean = 0.0 (flags = 0x41)
0  -O                                                                        (1 = 100.0%)
1  ... 

Histogram: WebAuthentication.Windows.KeyCredentialManagerSupported recorded 1 samples, mean = 0.0 (flags = 0x41)
0  -O                                                                        (1 = 100.0%)
1  ... 

Histogram: WebContentsObserver.DOMContentLoaded recorded 3 samples, mean = 0.0 (flags = 0x41)
0  ---O                                                                      (3 = 100.0%)
1  ... 

Histogram: WebContentsObserver.DidChangeVisibleSecurityState recorded 2 samples, mean = 0.0 (flags = 0x41)
0  --O                                                                       (2 = 100.0%)
1  ... 

Histogram: WebContentsObserver.DidFinishLoad recorded 3 samples, mean = 0.0 (flags = 0x41)
0  ---O                                                                      (3 = 100.0%)
1  ... 

Histogram: WebContentsObserver.DidFinishNavigation recorded 5 samples, mean = 3.2 (flags = 0x41)
0   ---O                                                                      (3 = 60.0%)
1   O                                                                         (0 = 0.0%) {60.0%}
2   -O                                                                        (1 = 20.0%) {60.0%}
3   ... 
14  -O                                                                        (1 = 20.0%) {80.0%}
17  ... 

Histogram: WebContentsObserver.DidFirstVisuallyNonEmptyPaint recorded 1 samples, mean = 0.0 (flags = 0x41)
0  -O                                                                        (1 = 100.0%)
1  ... 

Histogram: WebContentsObserver.DidRedirectNavigation recorded 1 samples, mean = 0.0 (flags = 0x41)
0  -O                                                                        (1 = 100.0%)
1  ... 

Histogram: WebContentsObserver.DidStartLoading recorded 1 samples, mean = 0.0 (flags = 0x41)
0  -O                                                                        (1 = 100.0%)
1  ... 

Histogram: WebContentsObserver.DidStartNavigation recorded 5 samples, mean = 0.4 (flags = 0x41)
0  ----O                                                                     (4 = 80.0%)
1  O                                                                         (0 = 0.0%) {80.0%}
2  -O                                                                        (1 = 20.0%) {80.0%}
3  ... 

Histogram: WebContentsObserver.DidStartNavigation.MainFrame recorded 3 samples, mean = 0.7 (flags = 0x41)
0  --O                                                                       (2 = 66.7%)
1  O                                                                         (0 = 0.0%) {66.7%}
2  -O                                                                        (1 = 33.3%) {66.7%}
3  ... 

Histogram: WebContentsObserver.DidStartNavigation.Subframe recorded 2 samples, mean = 0.0 (flags = 0x41)
0  --O                                                                       (2 = 100.0%)
1  ... 

Histogram: WebContentsObserver.DidStopLoading recorded 1 samples, mean = 0.0 (flags = 0x41)
0  -O                                                                        (1 = 100.0%)
1  ... 

Histogram: WebContentsObserver.DidUpdateNavigationHandleTiming recorded 5 samples, mean = 0.0 (flags = 0x41)
0  -----O                                                                    (5 = 100.0%)
1  ... 

Histogram: WebContentsObserver.LoadProgressChanged recorded 10 samples, mean = 0.0 (flags = 0x41)
0  ----------O                                                               (10 = 100.0%)
1  ... 

Histogram: WebContentsObserver.NavigationEntryChanged recorded 3 samples, mean = 0.0 (flags = 0x41)
0  ---O                                                                      (3 = 100.0%)
1  ... 

Histogram: WebContentsObserver.NavigationEntryCommitted recorded 2 samples, mean = 0.0 (flags = 0x41)
0  --O                                                                       (2 = 100.0%)
1  ... 

Histogram: WebContentsObserver.PrimaryMainDocumentElementAvailable recorded 1 samples, mean = 0.0 (flags = 0x41)
0  -O                                                                        (1 = 100.0%)
1  ... 

Histogram: WebContentsObserver.RenderFrameCreated recorded 4 samples, mean = 0.2 (flags = 0x41)
0  ---O                                                                      (3 = 75.0%)
1  -O                                                                        (1 = 25.0%) {75.0%}
2  ... 

Histogram: WebContentsObserver.RenderFrameDeleted recorded 4 samples, mean = 0.2 (flags = 0x41)
0  ---O                                                                      (3 = 75.0%)
1  -O                                                                        (1 = 25.0%) {75.0%}
2  ... 

Histogram: WebContentsObserver.RenderViewReady recorded 2 samples, mean = 0.0 (flags = 0x41)
0  --O                                                                       (2 = 100.0%)
1  ... 

Histogram: WebContentsObserver.TitleWasSet recorded 1 samples, mean = 0.0 (flags = 0x41)
0  -O                                                                        (1 = 100.0%)
1  ... 

Histogram: WebCore.Scripts.Async.NotStreamingReason recorded 17 samples, mean = 9.0 (flags = 0x41)
0  ... 
9  -----------------O                                                        (17 = 100.0%) {0.0%}
10 ... 

Histogram: WebCore.Scripts.Async.StartedStreaming recorded 23 samples, mean = 0.3 (flags = 0x41)
0  -----------------O                                                        (17 = 73.9%)
1  ------O                                                                   (6 = 26.1%) {73.9%}
2  O                                                                         (0 = 0.0%) {100.0%}

Histogram: WebCore.Scripts.Other.NotStreamingReason recorded 17 samples, mean = 11.0 (flags = 0x41)
0   ... 
11  -----------------O                                                        (17 = 100.0%) {0.0%}
12  ... 

Histogram: WebCore.Scripts.Other.StartedStreaming recorded 17 samples, mean = 0.0 (flags = 0x41)
0  -----------------O                                                        (17 = 100.0%)
1  ... 

Histogram: WebCore.Scripts.V8CodeCacheMetadata.Get recorded 43 samples, mean = 4.0 (flags = 0x41)
0  ---------O                                                                (9 = 20.9%)
1  ... 
5  ----------------------------------O                                       (34 = 79.1%) {20.9%}
6  O                                                                         (0 = 0.0%) {100.0%}

Histogram: WebCore.Scripts.V8CodeCacheMetadata.Set recorded 3 samples, mean = 0.0 (flags = 0x41)
0  ---O                                                                      (3 = 100.0%)
1  ... 

Histogram: WebCore.Scripts.V8CompileHintsStatus recorded 41 samples, mean = 8.8 (flags = 0x41)
0   ... 
6   -----------------O                                                        (17 = 41.5%) {0.0%}
7   ... 
10  ------O                                                                   (6 = 14.6%) {41.5%}
11  ------------------O                                                       (18 = 43.9%) {56.1%}
12  ... 

Histogram: WebCore.Scripts.V8CrowdsourcedCompileHints.ModelQuality recorded 1 samples, mean = 0.0 (flags = 0x41)
0  -O                                                                        (1 = 100.0%)
1  ... 

Histogram: WebDatabase.InitResult recorded 2 samples, mean = 0.0 (flags = 0x41)
0  --O                                                                       (2 = 100.0%)
1  ... 

Histogram: WebFont.CacheHit recorded 5 samples, mean = 1.4 (flags = 0x41)
0  O                                                                         (0 = 0.0%)
1  ----O                                                                     (4 = 80.0%) {0.0%}
2  O                                                                         (0 = 0.0%) {80.0%}
3  -O                                                                        (1 = 20.0%) {80.0%}
4  O                                                                         (0 = 0.0%) {100.0%}

Histogram: WebFont.Clients.RenderBlockingFonts.ExpiredFonts recorded 1 samples, mean = 1.0 (flags = 0x41)
0  O                                                                         (0 = 0.0%)
1  -O                                                                        (1 = 100.0%) {0.0%}
2  O                                                                         (0 = 0.0%) {100.0%}

Histogram: WebFont.HadBlankText recorded 1 samples, mean = 0.0 (flags = 0x41)
0  -O                                                                        (1 = 100.0%)
1  ... 

Histogram: WebFont.LocalFontUsed recorded 1 samples, mean = 1.0 (flags = 0x41)
0  O                                                                         (0 = 0.0%)
1  -O                                                                        (1 = 100.0%) {0.0%}
2  O                                                                         (0 = 0.0%) {100.0%}

Histogram: Windows.AcLayersLoaded recorded 1 samples, mean = 0.0 (flags = 0x41)
0  -O                                                                        (1 = 100.0%)
1  ... 

Histogram: Windows.CetAvailable recorded 1 samples, mean = 1.0 (flags = 0x41)
0  O                                                                         (0 = 0.0%)
1  -O                                                                        (1 = 100.0%) {0.0%}
2  O                                                                         (0 = 0.0%) {100.0%}

Histogram: Windows.CetEnabled recorded 1 samples, mean = 0.0 (flags = 0x41)
0  -O                                                                        (1 = 100.0%)
1  ... 

Histogram: Windows.DisplayIdFromDeviceId recorded 26 samples, mean = 3.0 (flags = 0x41)
0  ... 
3  --------------------------O                                               (26 = 100.0%) {0.0%}
4  O                                                                         (0 = 0.0%) {100.0%}

Histogram: Windows.DisplayIdFromDeviceKey recorded 26 samples, mean = 3.0 (flags = 0x41)
0  ... 
3  --------------------------O                                               (26 = 100.0%) {0.0%}
4  O                                                                         (0 = 0.0%) {100.0%}

Histogram: Windows.Enclave.SGX.Available recorded 1 samples, mean = 0.0 (flags = 0x41)
0  -O                                                                        (1 = 100.0%)
1  ... 

Histogram: Windows.Enclave.SGX2.Available recorded 1 samples, mean = 0.0 (flags = 0x41)
0  -O                                                                        (1 = 100.0%)
1  ... 

Histogram: Windows.Enclave.VBS.Available recorded 1 samples, mean = 1.0 (flags = 0x41)
0  O                                                                         (0 = 0.0%)
1  -O                                                                        (1 = 100.0%) {0.0%}
2  O                                                                         (0 = 0.0%) {100.0%}

Histogram: Windows.Enclave.VBSBasic.Available recorded 1 samples, mean = 0.0 (flags = 0x41)
0  -O                                                                        (1 = 100.0%)
1  ... 

Histogram: Windows.HasHighResolutionTimeTicks recorded 1 samples, mean = 1.0 (flags = 0x41)
0  O                                                                         (0 = 0.0%)
1  -O                                                                        (1 = 100.0%) {0.0%}
2  O                                                                         (0 = 0.0%) {100.0%}

Histogram: Windows.HasThreadTicks recorded 1 samples, mean = 1.0 (flags = 0x41)
0  O                                                                         (0 = 0.0%)
1  -O                                                                        (1 = 100.0%) {0.0%}
2  O                                                                         (0 = 0.0%) {100.0%}

Histogram: Windows.HypervPresent recorded 1 samples, mean = 1.0 (flags = 0x41)
0  O                                                                         (0 = 0.0%)
1  -O                                                                        (1 = 100.0%) {0.0%}
2  O                                                                         (0 = 0.0%) {100.0%}

Histogram: Windows.LegacyDisplayIdAlgorithm recorded 56 samples, mean = 0.0 (flags = 0x41)
0  --------------------------------------------------------O                 (56 = 100.0%)
1  ... 

Histogram: Windows.ParallelDllLoadingEnabled recorded 1 samples, mean = 1.0 (flags = 0x41)
0  O                                                                         (0 = 0.0%)
1  -O                                                                        (1 = 100.0%) {0.0%}
2  O                                                                         (0 = 0.0%) {100.0%}

Histogram: Windows.PatchLevel recorded 1 samples (flags = 0x41)
1717051122  -O                                                                        (1 = 100.0%)

Histogram: Windows.PatchLevelKernel32 recorded 1 samples (flags = 0x41)
1710497520  -O                                                                        (1 = 100.0%)

Histogram: Windows.ProcessorFamily recorded 1 samples (flags = 0x41)
205  -O                                                                        (1 = 100.0%)

Histogram: Windows.ProcessorVirtualizationFirmwareEnabled recorded 1 samples, mean = 0.0 (flags = 0x41)
0  -O                                                                        (1 = 100.0%)
1  ... 


